{"type":"FeatureCollection", "features": [
{"type":"Feature","geometry":{"type":"Polygon","coordinates":[[[81.4681,29.2719],[81.4663,29.2719],[81.4578,29.28],[81.4556,29.2801],[81.443,29.2874],[81.4288,29.2863],[81.4206,29.2822],[81.4168,29.2769],[81.4052,29.2842],[81.3959,29.2852],[81.3936,29.2918],[81.3878,29.3],[81.3821,29.3027],[81.3828,29.2967],[81.3773,29.2928],[81.3733,29.2921],[81.3665,29.2846],[81.3583,29.2842],[81.3565,29.2856],[81.3563,29.2845],[81.3543,29.2841],[81.3532,29.2862],[81.3507,29.2866],[81.3485,29.2909],[81.3436,29.2918],[81.34,29.2988],[81.3406,29.3018],[81.3359,29.302],[81.3325,29.3046],[81.3298,29.3144],[81.3224,29.314],[81.3201,29.3183],[81.3176,29.319],[81.318,29.3219],[81.317,29.3231],[81.3092,29.3251],[81.3085,29.3232],[81.3041,29.3203],[81.3027,29.3223],[81.3015,29.3191],[81.2987,29.3178],[81.2994,29.3151],[81.295,29.3138],[81.2951,29.3104],[81.2793,29.3084],[81.2751,29.3046],[81.2681,29.3018],[81.2692,29.3036],[81.2681,29.3058],[81.2644,29.3077],[81.2642,29.3114],[81.2602,29.3137],[81.2576,29.3217],[81.2537,29.3257],[81.2532,29.3281],[81.2554,29.3279],[81.2582,29.3306],[81.2586,29.3381],[81.2549,29.3413],[81.254,29.344],[81.2516,29.3445],[81.249,29.3508],[81.242,29.3543],[81.2369,29.3532],[81.2354,29.3569],[81.2303,29.3575],[81.2268,29.3607],[81.2228,29.3622],[81.2169,29.3633],[81.2109,29.3622],[81.2076,29.365],[81.2008,29.3652],[81.1968,29.3694],[81.1862,29.3749],[81.1851,29.377],[81.1794,29.3805],[81.1771,29.385],[81.17,29.3867],[81.1669,29.3853],[81.1601,29.3855],[81.1534,29.382],[81.1546,29.3777],[81.1531,29.3753],[81.1543,29.3712],[81.1528,29.3659],[81.1545,29.3626],[81.1482,29.3596],[81.1438,29.3494],[81.1401,29.3301],[81.1363,29.3222],[81.1349,29.3093],[81.1357,29.3049],[81.1286,29.3015],[81.1231,29.3008],[81.1207,29.2994],[81.1191,29.2966],[81.1189,29.2929],[81.1118,29.2846],[81.1121,29.28],[81.1041,29.2697],[81.1,29.2614],[81.1001,29.256],[81.0981,29.254],[81.0973,29.2483],[81.1095,29.2431],[81.1129,29.2397],[81.1151,29.2345],[81.1135,29.2275],[81.1016,29.2153],[81.0907,29.215],[81.0864,29.209],[81.0823,29.2076],[81.0787,29.2079],[81.0747,29.2056],[81.0724,29.202],[81.0712,29.2022],[81.0643,29.1984],[81.0616,29.1993],[81.0525,29.199],[81.0478,29.1975],[81.0462,29.1988],[81.0389,29.1996],[81.0355,29.199],[81.0302,29.1954],[81.0267,29.1953],[81.0283,29.1929],[81.0268,29.1924],[81.0268,29.189],[81.03,29.1863],[81.0329,29.1863],[81.0363,29.1893],[81.0413,29.1855],[81.0455,29.1844],[81.0433,29.1755],[81.0493,29.1702],[81.0484,29.1654],[81.0494,29.1625],[81.057,29.1615],[81.0585,29.159],[81.0589,29.1535],[81.0555,29.1518],[81.0558,29.1491],[81.066,29.1452],[81.0673,29.1405],[81.0654,29.1352],[81.0719,29.1341],[81.0715,29.1306],[81.0746,29.1264],[81.0793,29.1241],[81.0925,29.1094],[81.0978,29.1065],[81.102,29.1008],[81.1091,29.0979],[81.1099,29.0849],[81.1115,29.0842],[81.1143,29.0853],[81.1263,29.0831],[81.1286,29.0813],[81.1257,29.075],[81.1223,29.0745],[81.1196,29.0723],[81.1214,29.0654],[81.1229,29.0629],[81.1314,29.0594],[81.1317,29.0524],[81.1357,29.0486],[81.1366,29.0419],[81.1449,29.0348],[81.1443,29.0189],[81.1473,29.0095],[81.1502,29.0061],[81.1472,29.0019],[81.1472,28.998],[81.1453,28.9935],[81.1424,28.9898],[81.1357,28.9888],[81.1318,28.9809],[81.1271,28.9797],[81.1188,28.9742],[81.1054,28.9779],[81.1057,28.9735],[81.102,28.9703],[81.1038,28.9657],[81.112,28.9659],[81.1207,28.9626],[81.1267,28.9574],[81.1326,28.9488],[81.1347,28.9472],[81.1422,28.9454],[81.1475,28.9376],[81.1554,28.9337],[81.1692,28.9212],[81.1844,28.9149],[81.1945,28.9162],[81.2042,28.9081],[81.2192,28.9062],[81.2366,28.906],[81.2387,28.9077],[81.2412,28.914],[81.2457,28.9152],[81.2517,28.9137],[81.2613,28.903],[81.2661,28.9027],[81.2724,28.9074],[81.2758,28.9163],[81.2817,28.9188],[81.2835,28.9216],[81.2866,28.9229],[81.2908,28.9225],[81.3021,28.9258],[81.3099,28.9201],[81.3163,28.9202],[81.3242,28.9081],[81.3322,28.9089],[81.3366,28.907],[81.3372,28.9],[81.3389,28.8957],[81.3423,28.8927],[81.3476,28.8902],[81.3552,28.8898],[81.3748,28.893],[81.3875,28.8999],[81.3894,28.9038],[81.3944,28.9085],[81.4035,28.9091],[81.4142,28.9142],[81.4187,28.9109],[81.4246,28.9094],[81.4318,28.9107],[81.4344,28.9083],[81.4357,28.9044],[81.4406,28.9004],[81.4649,28.8937],[81.467,28.8874],[81.4625,28.8806],[81.4622,28.8752],[81.4659,28.8695],[81.4674,28.8619],[81.4629,28.8552],[81.4633,28.8528],[81.4743,28.8491],[81.4817,28.8428],[81.488,28.8424],[81.4905,28.841],[81.4908,28.8371],[81.494,28.8332],[81.4982,28.8213],[81.5035,28.8172],[81.5101,28.8093],[81.5179,28.807],[81.5224,28.8033],[81.5231,28.7992],[81.5185,28.7958],[81.5159,28.7881],[81.5155,28.7805],[81.5182,28.777],[81.5278,28.7746],[81.5351,28.7613],[81.5295,28.7557],[81.5207,28.7515],[81.52,28.7496],[81.5224,28.7483],[81.5465,28.7491],[81.558,28.7512],[81.5681,28.7547],[81.5789,28.756],[81.5813,28.7592],[81.582,28.7649],[81.5806,28.7719],[81.5816,28.7747],[81.5799,28.7801],[81.5569,28.7976],[81.5569,28.8002],[81.5522,28.8096],[81.5518,28.8159],[81.5489,28.8189],[81.5433,28.8311],[81.5379,28.8364],[81.5378,28.8427],[81.5319,28.8561],[81.5279,28.8596],[81.5221,28.87],[81.5152,28.8745],[81.5101,28.8839],[81.509,28.8898],[81.5005,28.8895],[81.4917,28.8942],[81.4832,28.9028],[81.4807,28.9091],[81.4737,28.9167],[81.4665,28.9289],[81.4625,28.929],[81.4596,28.9307],[81.4559,28.9311],[81.455,28.9349],[81.4513,28.939],[81.4446,28.9404],[81.4451,28.9524],[81.444,28.9585],[81.4422,28.9602],[81.4372,28.9567],[81.4328,28.9571],[81.4286,28.9623],[81.4283,28.9646],[81.424,28.9664],[81.4225,28.9704],[81.4257,28.9777],[81.4251,28.9803],[81.4215,28.9835],[81.4202,28.9881],[81.4162,28.9915],[81.4151,28.9944],[81.4101,28.997],[81.4173,29.0006],[81.419,29.0043],[81.4149,29.0139],[81.4178,29.0214],[81.419,29.0225],[81.4255,29.023],[81.43,29.0295],[81.4327,29.0375],[81.4397,29.0403],[81.443,29.047],[81.4441,29.0538],[81.4593,29.0647],[81.4668,29.0671],[81.4694,29.0781],[81.4831,29.0832],[81.4933,29.0883],[81.4968,29.0888],[81.5006,29.0912],[81.5099,29.0907],[81.5148,29.0955],[81.5181,29.0966],[81.5235,29.1043],[81.5367,29.1068],[81.5478,29.1155],[81.5514,29.1197],[81.561,29.125],[81.5656,29.1262],[81.5524,29.1286],[81.5353,29.1369],[81.533,29.141],[81.5333,29.1466],[81.5247,29.1528],[81.5183,29.1536],[81.5135,29.1531],[81.512,29.1513],[81.4991,29.1518],[81.497,29.1548],[81.4954,29.16],[81.4953,29.1689],[81.4907,29.1699],[81.4873,29.173],[81.4868,29.1759],[81.4899,29.1806],[81.4908,29.185],[81.4847,29.1928],[81.4821,29.2006],[81.4857,29.2108],[81.487,29.227],[81.4948,29.2363],[81.4996,29.2389],[81.4952,29.2449],[81.4932,29.2523],[81.4949,29.2546],[81.4948,29.2572],[81.4912,29.2617],[81.4871,29.2634],[81.4776,29.264],[81.4681,29.2719]]]},"properties":{"DIST_EN":"Achham","DIST_PCODE":"NP0769"}},
{"type":"Feature","geometry":{"type":"Polygon","coordinates":[[[83.051,28.1116],[83.0483,28.1108],[83.0508,28.1087],[83.0505,28.1062],[83.0452,28.101],[83.0425,28.1011],[83.0398,28.1055],[83.0342,28.1008],[83.0294,28.0991],[83.0271,28.0997],[83.0214,28.1053],[83.0126,28.108],[83.0098,28.1114],[83.0039,28.112],[83.0021,28.1138],[83.0001,28.1085],[83.002,28.1041],[83.002,28.0959],[82.997,28.0947],[82.9955,28.0917],[82.9933,28.0909],[82.9851,28.0739],[82.9757,28.0668],[82.9751,28.0615],[82.9688,28.0545],[82.9645,28.053],[82.9616,28.0463],[82.9609,28.0411],[82.9652,28.0407],[82.9704,28.0384],[82.9723,28.0332],[82.9748,28.0313],[82.9763,28.0198],[82.9743,28.0179],[82.9746,28.0148],[82.972,28.0145],[82.9735,28.0064],[82.9683,28.0062],[82.9687,28.003],[82.9656,28.0038],[82.9639,28.001],[82.9609,27.9992],[82.9582,27.9995],[82.9547,27.9979],[82.9525,27.9937],[82.9612,27.9917],[82.964,27.9897],[82.9643,27.9881],[82.9664,27.9889],[82.9682,27.9935],[82.9737,27.992],[82.9766,27.9892],[82.9751,27.9865],[82.9758,27.9843],[82.98,27.9835],[82.9828,27.9812],[82.986,27.9816],[82.9894,27.9767],[82.9942,27.9761],[82.9981,27.9787],[82.9997,27.9778],[82.9993,27.9752],[83.0018,27.9701],[83.0082,27.9677],[83.0108,27.9627],[83.0168,27.9565],[83.0161,27.9544],[83.0174,27.9523],[83.0145,27.9491],[83.0178,27.9475],[83.0129,27.9419],[83.0159,27.9368],[83.0131,27.9326],[83.0159,27.9283],[83.0143,27.9227],[83.01,27.9201],[83.0089,27.925],[83.0042,27.9322],[83.0026,27.9292],[82.9981,27.9326],[82.9922,27.9302],[82.9908,27.9261],[82.9885,27.9255],[82.9839,27.9302],[82.9771,27.9265],[82.9727,27.9283],[82.9688,27.9263],[82.9631,27.9286],[82.9618,27.9286],[82.9605,27.9267],[82.9549,27.9277],[82.9528,27.9299],[82.943,27.9311],[82.9393,27.9264],[82.9286,27.9227],[82.9256,27.9171],[82.9253,27.913],[82.92,27.9089],[82.9182,27.9051],[82.9158,27.9042],[82.9119,27.9046],[82.9034,27.9088],[82.9005,27.9086],[82.8988,27.9119],[82.8952,27.9142],[82.8907,27.9122],[82.8881,27.9067],[82.8807,27.9065],[82.8797,27.9035],[82.877,27.9012],[82.8737,27.9025],[82.8675,27.9096],[82.8627,27.9079],[82.8614,27.9038],[82.8547,27.9048],[82.8484,27.9012],[82.8351,27.9067],[82.8247,27.9058],[82.8206,27.9002],[82.8206,27.8969],[82.8146,27.89],[82.813,27.8851],[82.8062,27.88],[82.8052,27.8778],[82.8058,27.8759],[82.804,27.8729],[82.81,27.8713],[82.809,27.8681],[82.8065,27.8673],[82.8024,27.8684],[82.792,27.8651],[82.7958,27.8617],[82.8072,27.8593],[82.8071,27.8571],[82.8032,27.8556],[82.7957,27.8568],[82.7916,27.8559],[82.789,27.85],[82.7841,27.8472],[82.7807,27.8428],[82.7731,27.8419],[82.7588,27.8371],[82.7537,27.8338],[82.7523,27.8297],[82.7491,27.8285],[82.7484,27.8259],[82.7485,27.8231],[82.7527,27.8219],[82.7567,27.8183],[82.758,27.8123],[82.763,27.8105],[82.7694,27.8105],[82.773,27.8052],[82.7797,27.8027],[82.7859,27.7953],[82.7882,27.7951],[82.7866,27.8021],[82.7874,27.8038],[82.7932,27.806],[82.7988,27.8022],[82.7976,27.797],[82.7983,27.7947],[82.8001,27.794],[82.8043,27.7951],[82.8128,27.7936],[82.8164,27.7958],[82.8257,27.7924],[82.8305,27.793],[82.8331,27.7913],[82.8407,27.7904],[82.8422,27.7906],[82.8446,27.7935],[82.8605,27.7905],[82.866,27.7932],[82.8723,27.7924],[82.8773,27.7937],[82.8887,27.7915],[82.8989,27.7937],[82.9022,27.793],[82.907,27.7885],[82.9109,27.7881],[82.914,27.7893],[82.9192,27.7848],[82.9253,27.7876],[82.9299,27.7844],[82.9347,27.7854],[82.9372,27.7879],[82.9424,27.7904],[82.9499,27.792],[82.953,27.7904],[82.9607,27.7956],[82.9681,27.7931],[82.9738,27.7945],[82.9811,27.7932],[82.9831,27.7946],[82.9913,27.7923],[82.9965,27.7929],[83.004,27.7984],[83.011,27.8118],[83.0197,27.8207],[83.0197,27.817],[83.0161,27.8101],[83.0207,27.8084],[83.0203,27.804],[83.0225,27.7984],[83.0309,27.7958],[83.033,27.7933],[83.0328,27.7846],[83.0346,27.7818],[83.0462,27.7742],[83.0499,27.769],[83.0492,27.7636],[83.0512,27.7626],[83.0525,27.7567],[83.0583,27.7643],[83.0618,27.7634],[83.0602,27.7602],[83.0662,27.7579],[83.0676,27.7631],[83.0668,27.7645],[83.0697,27.7655],[83.0749,27.7649],[83.0783,27.7682],[83.083,27.7698],[83.0866,27.7749],[83.0899,27.7713],[83.0907,27.7785],[83.0893,27.7824],[83.093,27.783],[83.0941,27.7827],[83.0962,27.7754],[83.1,27.7693],[83.1046,27.7686],[83.1085,27.7705],[83.1144,27.7663],[83.1196,27.7654],[83.1216,27.7618],[83.1227,27.7646],[83.1258,27.766],[83.127,27.769],[83.1437,27.7607],[83.1557,27.7584],[83.1598,27.7593],[83.1613,27.7583],[83.1741,27.7571],[83.178,27.7587],[83.1858,27.7541],[83.202,27.7603],[83.2124,27.7594],[83.2258,27.7633],[83.23,27.7583],[83.2329,27.7569],[83.2375,27.7504],[83.2406,27.751],[83.2422,27.7527],[83.2463,27.7512],[83.249,27.756],[83.2475,27.7589],[83.2518,27.7612],[83.2559,27.7672],[83.2558,27.7705],[83.258,27.7726],[83.257,27.776],[83.2583,27.7854],[83.2563,27.7884],[83.2529,27.7901],[83.2454,27.7902],[83.2455,27.7964],[83.2494,27.8044],[83.2473,27.8054],[83.2478,27.8085],[83.2459,27.8089],[83.2457,27.8113],[83.2435,27.8114],[83.2428,27.8146],[83.2407,27.8149],[83.2391,27.8184],[83.231,27.8233],[83.2435,27.8287],[83.2482,27.8319],[83.2583,27.83],[83.2638,27.8274],[83.2697,27.8277],[83.2745,27.8264],[83.2776,27.8273],[83.2823,27.826],[83.2878,27.827],[83.292,27.8309],[83.2912,27.8352],[83.2927,27.8361],[83.2933,27.8386],[83.2971,27.8405],[83.2978,27.8439],[83.3101,27.8516],[83.3037,27.8547],[83.3033,27.8576],[83.3006,27.8598],[83.3079,27.857],[83.3127,27.8598],[83.3172,27.8601],[83.3274,27.8699],[83.3284,27.8714],[83.3274,27.8734],[83.3303,27.875],[83.3305,27.8774],[83.328,27.879],[83.3257,27.8777],[83.3207,27.8785],[83.3203,27.8827],[83.3176,27.8827],[83.3155,27.8859],[83.3091,27.8889],[83.3114,27.8979],[83.3111,27.9018],[83.3068,27.9061],[83.3012,27.9062],[83.2975,27.9102],[83.3065,27.9146],[83.3088,27.9187],[83.309,27.9262],[83.3079,27.9279],[83.3058,27.9284],[83.301,27.9266],[83.2964,27.927],[83.2903,27.9246],[83.2806,27.9265],[83.2786,27.9332],[83.2795,27.9358],[83.2829,27.9371],[83.2835,27.9418],[83.2859,27.9439],[83.2909,27.9436],[83.2932,27.9458],[83.2929,27.9503],[83.2972,27.9506],[83.3025,27.9549],[83.3027,27.9563],[83.299,27.9598],[83.3014,27.9641],[83.3009,27.9678],[83.297,27.9684],[83.2919,27.9669],[83.2883,27.968],[83.2804,27.9676],[83.2693,27.9824],[83.2636,27.986],[83.2629,27.989],[83.2544,27.9861],[83.2525,27.987],[83.2515,27.9898],[83.2521,27.9953],[83.2497,27.9962],[83.2496,27.9974],[83.246,27.9978],[83.2434,28.0067],[83.244,28.0084],[83.2399,28.008],[83.2369,28.0159],[83.2374,28.0174],[83.2336,28.021],[83.2334,28.0383],[83.2299,28.0484],[83.2268,28.0514],[83.2205,28.0543],[83.2192,28.0591],[83.2152,28.0597],[83.2105,28.0666],[83.2054,28.0669],[83.2022,28.0696],[83.2009,28.0726],[83.1952,28.0743],[83.1953,28.0792],[83.193,28.0829],[83.1864,28.0838],[83.1831,28.0876],[83.1798,28.086],[83.175,28.0803],[83.1712,28.079],[83.1696,28.0741],[83.1643,28.069],[83.1584,28.0656],[83.1558,28.0608],[83.1504,28.0598],[83.1469,28.0613],[83.1384,28.062],[83.1344,28.066],[83.1274,28.0681],[83.1243,28.0708],[83.1271,28.077],[83.1254,28.0845],[83.124,28.084],[83.1228,28.0849],[83.1157,28.0813],[83.1103,28.0816],[83.1023,28.0772],[83.0964,28.0822],[83.097,28.0903],[83.0993,28.0943],[83.0899,28.0974],[83.085,28.0965],[83.0732,28.0908],[83.0684,28.095],[83.0666,28.0984],[83.0665,28.1054],[83.0703,28.1084],[83.0638,28.11],[83.0606,28.107],[83.057,28.1068],[83.051,28.1116]]]},"properties":{"DIST_EN":"Arghakhanchi","DIST_PCODE":"NP0550"}},
{"type":"Feature","geometry":{"type":"Polygon","coordinates":[[[83.1074,28.6322],[83.0964,28.6352],[83.0843,28.6309],[83.0809,28.6256],[83.0748,28.6238],[83.0673,28.6235],[83.0575,28.6201],[83.051,28.6258],[83.0428,28.63],[83.0355,28.6257],[83.0248,28.6265],[83.0191,28.6217],[83.0137,28.622],[83.0091,28.6237],[83.0058,28.6227],[82.998,28.6236],[82.9938,28.6269],[82.9895,28.6262],[82.9859,28.6297],[82.9829,28.6308],[82.977,28.629],[82.9746,28.6269],[82.9721,28.6206],[82.9671,28.6154],[82.9565,28.6105],[82.957,28.6081],[82.9526,28.5981],[82.9544,28.5932],[82.9588,28.5888],[82.9623,28.5819],[82.9726,28.5752],[82.9784,28.5756],[82.9825,28.5714],[82.9855,28.5709],[82.9856,28.5641],[82.9822,28.5589],[82.9802,28.5504],[82.9738,28.5423],[82.964,28.5501],[82.9596,28.5521],[82.9557,28.5514],[82.952,28.5559],[82.9431,28.5582],[82.9402,28.5617],[82.9358,28.5628],[82.9325,28.5658],[82.9238,28.5676],[82.9205,28.567],[82.918,28.5643],[82.9164,28.5646],[82.9156,28.5583],[82.9137,28.5556],[82.9148,28.5522],[82.9118,28.5429],[82.9135,28.5378],[82.912,28.5357],[82.9126,28.5329],[82.9114,28.5299],[82.9141,28.5276],[82.8946,28.5155],[82.8774,28.5154],[82.8884,28.5066],[82.8901,28.5006],[82.893,28.4959],[82.9057,28.4837],[82.9114,28.4811],[82.9118,28.4784],[82.9036,28.4755],[82.8976,28.4766],[82.8929,28.4789],[82.8866,28.4797],[82.8793,28.4764],[82.8787,28.4734],[82.8806,28.4681],[82.8827,28.4666],[82.8829,28.4613],[82.8869,28.4559],[82.8863,28.4525],[82.894,28.4477],[82.9007,28.4474],[82.9061,28.443],[82.9096,28.437],[82.9143,28.4342],[82.9123,28.4274],[82.9185,28.4174],[82.9192,28.4092],[82.9162,28.4027],[82.9227,28.4013],[82.9365,28.4021],[82.9381,28.3986],[82.9438,28.3982],[82.9423,28.3939],[82.9462,28.3913],[82.9475,28.3866],[82.9504,28.384],[82.948,28.3787],[82.9508,28.3742],[82.9551,28.3717],[82.9567,28.3645],[82.9547,28.3602],[82.9613,28.3598],[82.9671,28.3577],[82.9801,28.3594],[82.9869,28.3544],[82.994,28.351],[83.0006,28.3372],[83.0042,28.3327],[83.01,28.3337],[83.0129,28.3329],[83.019,28.3254],[83.0241,28.3252],[83.0338,28.3217],[83.0401,28.3223],[83.0442,28.3247],[83.0513,28.319],[83.0616,28.3177],[83.0688,28.3114],[83.0694,28.3019],[83.0759,28.2977],[83.0788,28.2915],[83.0852,28.2892],[83.0923,28.278],[83.0971,28.2772],[83.0975,28.2738],[83.0955,28.269],[83.0936,28.257],[83.1011,28.2557],[83.1057,28.2523],[83.1096,28.2518],[83.1163,28.254],[83.1186,28.2566],[83.1244,28.2578],[83.126,28.2567],[83.1278,28.2508],[83.1308,28.2502],[83.137,28.2531],[83.1448,28.2625],[83.1555,28.2709],[83.1617,28.2672],[83.1629,28.2633],[83.1657,28.2618],[83.1678,28.258],[83.1779,28.265],[83.1814,28.2692],[83.1848,28.2707],[83.1891,28.2653],[83.2038,28.2559],[83.2059,28.2519],[83.2124,28.2486],[83.2154,28.2485],[83.2158,28.2439],[83.2201,28.2408],[83.2228,28.2363],[83.2259,28.2354],[83.2258,28.2327],[83.2333,28.2259],[83.2338,28.2219],[83.2421,28.2199],[83.2442,28.2173],[83.2473,28.2169],[83.2518,28.2142],[83.2539,28.2112],[83.2547,28.2069],[83.2586,28.204],[83.2592,28.2001],[83.2655,28.1995],[83.2688,28.1973],[83.2708,28.1952],[83.2707,28.192],[83.2737,28.1876],[83.2781,28.1911],[83.2805,28.1898],[83.2849,28.1906],[83.2877,28.1927],[83.2982,28.193],[83.3063,28.1979],[83.3165,28.1904],[83.325,28.1905],[83.3302,28.1891],[83.3382,28.1901],[83.3443,28.1934],[83.3503,28.1945],[83.3526,28.1978],[83.3555,28.1975],[83.3558,28.1957],[83.3625,28.1924],[83.3644,28.1861],[83.3699,28.1828],[83.3705,28.1765],[83.3753,28.1745],[83.3842,28.1638],[83.3901,28.1674],[83.3948,28.1559],[83.3998,28.1509],[83.4061,28.1485],[83.4068,28.1459],[83.4112,28.1441],[83.4114,28.1411],[83.4136,28.1378],[83.4182,28.1371],[83.4198,28.1288],[83.4233,28.1252],[83.427,28.1262],[83.4319,28.1294],[83.4362,28.1295],[83.4388,28.131],[83.4436,28.1259],[83.446,28.1251],[83.4511,28.1265],[83.4575,28.1324],[83.4626,28.13],[83.4667,28.1321],[83.4737,28.1323],[83.4783,28.1302],[83.4766,28.1227],[83.4741,28.119],[83.4778,28.1175],[83.4825,28.1173],[83.4861,28.1133],[83.49,28.1137],[83.4946,28.1164],[83.4997,28.1175],[83.5055,28.1257],[83.5104,28.127],[83.517,28.1215],[83.5209,28.12],[83.5253,28.1209],[83.532,28.1166],[83.5386,28.1203],[83.5443,28.1209],[83.5482,28.1199],[83.5545,28.1168],[83.5552,28.1066],[83.5604,28.1045],[83.5649,28.101],[83.5651,28.099],[83.5622,28.0947],[83.5626,28.0928],[83.5672,28.0898],[83.5716,28.0894],[83.5752,28.0876],[83.5764,28.0818],[83.5807,28.0775],[83.5813,28.0814],[83.586,28.0801],[83.5895,28.0809],[83.5921,28.087],[83.6005,28.0952],[83.6015,28.1032],[83.6044,28.1076],[83.6048,28.1106],[83.6096,28.1126],[83.623,28.1216],[83.63,28.1229],[83.6333,28.1279],[83.6331,28.1322],[83.6393,28.1368],[83.6366,28.1403],[83.6375,28.1473],[83.6339,28.151],[83.6382,28.1543],[83.6365,28.1588],[83.6372,28.161],[83.6439,28.167],[83.6397,28.1753],[83.6451,28.1777],[83.6481,28.1863],[83.6517,28.1867],[83.6554,28.1938],[83.6583,28.1941],[83.6593,28.1987],[83.6639,28.1988],[83.6712,28.204],[83.6717,28.2057],[83.6692,28.2096],[83.6746,28.2147],[83.6727,28.2234],[83.6691,28.2265],[83.6677,28.2308],[83.6652,28.2314],[83.6606,28.2304],[83.6574,28.2374],[83.6486,28.2376],[83.6353,28.2466],[83.6306,28.2465],[83.6296,28.2505],[83.6234,28.2505],[83.6175,28.2538],[83.6161,28.2578],[83.61,28.2591],[83.609,28.2619],[83.6107,28.2669],[83.606,28.2689],[83.6052,28.2708],[83.605,28.2788],[83.6077,28.285],[83.601,28.2882],[83.6002,28.2912],[83.6023,28.2971],[83.6016,28.2985],[83.5918,28.3015],[83.5852,28.3097],[83.5708,28.3134],[83.5627,28.3171],[83.5526,28.3141],[83.5465,28.3136],[83.5352,28.3032],[83.5321,28.3068],[83.5312,28.3123],[83.5271,28.3151],[83.5237,28.3162],[83.5202,28.3155],[83.5097,28.3168],[83.498,28.3244],[83.4948,28.3242],[83.4846,28.3201],[83.4791,28.3229],[83.4766,28.3223],[83.4671,28.3251],[83.4642,28.3245],[83.4564,28.3259],[83.4549,28.3281],[83.4509,28.3274],[83.4435,28.3288],[83.4389,28.3404],[83.4244,28.3412],[83.4244,28.344],[83.4187,28.3495],[83.4191,28.3525],[83.4113,28.3575],[83.4032,28.3584],[83.3908,28.3556],[83.3841,28.3584],[83.3778,28.3554],[83.3696,28.3644],[83.3653,28.3659],[83.3636,28.3707],[83.3489,28.3696],[83.3419,28.3715],[83.339,28.369],[83.3356,28.3709],[83.3333,28.3658],[83.3278,28.366],[83.3255,28.365],[83.3227,28.3633],[83.3204,28.3589],[83.314,28.3575],[83.3119,28.3546],[83.3053,28.3567],[83.3016,28.3563],[83.2941,28.3632],[83.2894,28.3645],[83.2888,28.3667],[83.2859,28.3686],[83.2788,28.3675],[83.2867,28.3798],[83.284,28.3828],[83.2825,28.3929],[83.2862,28.3966],[83.2898,28.397],[83.2908,28.407],[83.293,28.4121],[83.2967,28.4143],[83.2968,28.4158],[83.2893,28.4185],[83.2899,28.4223],[83.288,28.4254],[83.2836,28.4274],[83.2796,28.4332],[83.2779,28.4331],[83.2766,28.4298],[83.2747,28.43],[83.2749,28.4346],[83.2726,28.4421],[83.2822,28.4455],[83.2882,28.4455],[83.2983,28.4557],[83.3005,28.4614],[83.2969,28.4658],[83.2965,28.4702],[83.2836,28.4753],[83.2813,28.4784],[83.2816,28.482],[83.279,28.4866],[83.2747,28.49],[83.2739,28.4936],[83.2657,28.4922],[83.2614,28.4947],[83.2547,28.4957],[83.2578,28.5009],[83.2483,28.5007],[83.2457,28.5041],[83.241,28.5066],[83.233,28.5081],[83.2307,28.5112],[83.2272,28.5116],[83.2268,28.5107],[83.2195,28.5139],[83.2084,28.5059],[83.1997,28.5016],[83.1888,28.4976],[83.1761,28.4969],[83.1689,28.4934],[83.1655,28.4936],[83.1613,28.4957],[83.1573,28.4953],[83.1464,28.4971],[83.1431,28.4965],[83.138,28.4975],[83.1312,28.4962],[83.1295,28.5028],[83.1309,28.5121],[83.1262,28.5187],[83.1257,28.5278],[83.1157,28.5352],[83.1015,28.5414],[83.1031,28.5489],[83.0999,28.5558],[83.1014,28.5603],[83.1005,28.567],[83.1061,28.5724],[83.1087,28.5812],[83.1064,28.5922],[83.1078,28.5948],[83.1048,28.5972],[83.1056,28.6001],[83.1041,28.6022],[83.1047,28.6075],[83.1036,28.6099],[83.1064,28.6204],[83.1055,28.6277],[83.1074,28.6322]]]},"properties":{"DIST_EN":"Baglung","DIST_PCODE":"NP0443"}},
{"type":"Feature","geometry":{"type":"Polygon","coordinates":[[[80.796,29.6883],[80.7938,29.6886],[80.791,29.691],[80.7879,29.6958],[80.7854,29.6964],[80.7807,29.7018],[80.7646,29.7017],[80.7619,29.7041],[80.7586,29.7043],[80.7546,29.708],[80.7443,29.7044],[80.7358,29.7059],[80.7308,29.7039],[80.7174,29.7028],[80.7087,29.6993],[80.701,29.7048],[80.6957,29.7061],[80.6891,29.7052],[80.6851,29.7035],[80.6801,29.6955],[80.6764,29.6923],[80.6744,29.6872],[80.6654,29.6857],[80.6599,29.6823],[80.6515,29.6812],[80.6478,29.6818],[80.6458,29.6849],[80.6392,29.6896],[80.6335,29.6906],[80.624,29.6868],[80.6194,29.6881],[80.6128,29.6881],[80.6066,29.6866],[80.6014,29.6918],[80.5904,29.6905],[80.586,29.6883],[80.5775,29.6881],[80.5755,29.6867],[80.5736,29.6875],[80.5701,29.6831],[80.5689,29.6786],[80.5601,29.6731],[80.559,29.6708],[80.5539,29.6714],[80.5513,29.668],[80.5437,29.6666],[80.5402,29.6637],[80.5373,29.6637],[80.5275,29.6564],[80.5223,29.6537],[80.5187,29.6535],[80.5064,29.6448],[80.5052,29.6381],[80.4987,29.6322],[80.4969,29.6247],[80.4796,29.6232],[80.4756,29.6213],[80.4722,29.6218],[80.4671,29.6204],[80.4589,29.6262],[80.4561,29.6251],[80.4499,29.6253],[80.4438,29.6172],[80.4403,29.6169],[80.4372,29.6202],[80.4293,29.6182],[80.4277,29.6124],[80.4253,29.6122],[80.421,29.6144],[80.4179,29.6141],[80.4174,29.6063],[80.4089,29.605],[80.4078,29.5949],[80.4033,29.5896],[80.3915,29.5816],[80.3903,29.5746],[80.3884,29.5721],[80.3792,29.5715],[80.3789,29.5613],[80.3637,29.5641],[80.3624,29.5616],[80.3641,29.5566],[80.3573,29.5551],[80.349,29.5553],[80.3428,29.5529],[80.3457,29.5486],[80.3417,29.5428],[80.3419,29.5403],[80.3486,29.5405],[80.3517,29.5369],[80.3566,29.5346],[80.3581,29.5325],[80.3556,29.5278],[80.3486,29.5242],[80.3499,29.5193],[80.3454,29.5137],[80.3409,29.51],[80.335,29.5129],[80.3324,29.5129],[80.3288,29.5054],[80.3139,29.4991],[80.3129,29.4966],[80.3147,29.4899],[80.3131,29.4845],[80.3046,29.486],[80.3009,29.4906],[80.2992,29.4906],[80.2961,29.4881],[80.2964,29.4835],[80.2931,29.4789],[80.2869,29.4772],[80.2876,29.4728],[80.2966,29.4604],[80.3017,29.4567],[80.3026,29.4531],[80.2977,29.4508],[80.2963,29.4533],[80.2945,29.4538],[80.2884,29.4501],[80.2861,29.4517],[80.2806,29.4509],[80.2791,29.4539],[80.2806,29.4576],[80.2763,29.4586],[80.2693,29.4551],[80.2741,29.4526],[80.2744,29.4495],[80.2699,29.4507],[80.267,29.4486],[80.2582,29.4518],[80.2557,29.4481],[80.2453,29.4465],[80.243,29.4438],[80.2431,29.4411],[80.247,29.4378],[80.2476,29.4347],[80.2441,29.4235],[80.246,29.4161],[80.2417,29.4116],[80.2461,29.4074],[80.2541,29.4041],[80.2642,29.3972],[80.2718,29.3952],[80.2747,29.393],[80.2757,29.3912],[80.273,29.3862],[80.279,29.3786],[80.2744,29.3766],[80.2714,29.3737],[80.2712,29.3645],[80.2729,29.3625],[80.2794,29.3595],[80.2802,29.3463],[80.2847,29.3406],[80.2906,29.3367],[80.291,29.3307],[80.2963,29.3242],[80.3085,29.3228],[80.3165,29.3157],[80.3171,29.3134],[80.3254,29.3085],[80.3342,29.3123],[80.3356,29.3149],[80.3333,29.3191],[80.3425,29.3239],[80.3438,29.3271],[80.3507,29.3279],[80.3509,29.3324],[80.3536,29.3343],[80.3547,29.3339],[80.3546,29.331],[80.3627,29.3271],[80.3627,29.3327],[80.3644,29.3336],[80.3666,29.3327],[80.3671,29.335],[80.3698,29.3355],[80.3721,29.338],[80.3658,29.3405],[80.3681,29.35],[80.372,29.3474],[80.3735,29.3481],[80.3739,29.3505],[80.3777,29.349],[80.3802,29.3542],[80.3822,29.3538],[80.384,29.3496],[80.3859,29.349],[80.387,29.3514],[80.3848,29.3541],[80.3864,29.3559],[80.393,29.3584],[80.3991,29.3578],[80.4002,29.3602],[80.402,29.3607],[80.4036,29.3592],[80.4015,29.3575],[80.4026,29.356],[80.406,29.3567],[80.4103,29.3598],[80.4123,29.3593],[80.4145,29.356],[80.4179,29.3616],[80.4173,29.3669],[80.4194,29.3685],[80.4159,29.3711],[80.4156,29.3735],[80.4185,29.3741],[80.4178,29.3756],[80.4199,29.379],[80.422,29.3781],[80.4242,29.3792],[80.4251,29.3846],[80.4296,29.3876],[80.4312,29.3925],[80.4363,29.3941],[80.438,29.3933],[80.4402,29.3864],[80.4412,29.3862],[80.4423,29.3889],[80.4452,29.3886],[80.445,29.3923],[80.4476,29.3944],[80.4521,29.3924],[80.4556,29.3938],[80.4579,29.3961],[80.4642,29.3922],[80.4674,29.3909],[80.4695,29.3914],[80.4799,29.3857],[80.4825,29.3869],[80.4899,29.3944],[80.5026,29.3989],[80.5079,29.3942],[80.5105,29.3946],[80.5166,29.3923],[80.5321,29.392],[80.5379,29.3937],[80.5429,29.3986],[80.548,29.3987],[80.5479,29.4119],[80.5503,29.4182],[80.5522,29.4186],[80.5611,29.4151],[80.5655,29.4158],[80.5718,29.4144],[80.5764,29.4119],[80.5819,29.3964],[80.5919,29.3961],[80.598,29.3972],[80.6114,29.3956],[80.6163,29.3965],[80.6225,29.3932],[80.6231,29.39],[80.6265,29.3883],[80.6309,29.3878],[80.6355,29.3856],[80.6382,29.387],[80.6451,29.3864],[80.6506,29.3826],[80.654,29.385],[80.6579,29.3923],[80.6621,29.3925],[80.6664,29.3972],[80.6729,29.3996],[80.6765,29.3991],[80.6786,29.4014],[80.6778,29.4106],[80.6758,29.4135],[80.673,29.4144],[80.6688,29.4186],[80.6739,29.4206],[80.6774,29.4237],[80.6821,29.4251],[80.692,29.422],[80.6954,29.4195],[80.7026,29.4196],[80.7069,29.4146],[80.7121,29.4144],[80.7186,29.4187],[80.721,29.4099],[80.7324,29.4045],[80.7482,29.4003],[80.7677,29.3997],[80.7654,29.3946],[80.7627,29.3923],[80.7624,29.3858],[80.7683,29.3826],[80.7786,29.3795],[80.7806,29.376],[80.7834,29.3751],[80.785,29.3729],[80.7858,29.3664],[80.8014,29.3649],[80.8083,29.3665],[80.8147,29.3648],[80.8201,29.3696],[80.8268,29.3714],[80.8353,29.3812],[80.8405,29.3772],[80.8452,29.3755],[80.8507,29.3767],[80.8532,29.3787],[80.8584,29.3876],[80.8602,29.3965],[80.8592,29.3993],[80.8524,29.4054],[80.8521,29.4076],[80.8611,29.4107],[80.862,29.4144],[80.8679,29.4116],[80.8753,29.4125],[80.8845,29.4218],[80.8917,29.4246],[80.8967,29.432],[80.8999,29.4332],[80.902,29.437],[80.9074,29.4386],[80.9083,29.4415],[80.8993,29.4443],[80.8873,29.4422],[80.8832,29.4427],[80.884,29.4468],[80.8793,29.4538],[80.8755,29.4642],[80.8708,29.4666],[80.8633,29.4655],[80.8564,29.4691],[80.8548,29.4752],[80.8522,29.4776],[80.8527,29.4796],[80.8476,29.4845],[80.8455,29.489],[80.8347,29.4941],[80.8259,29.5],[80.8226,29.5008],[80.8239,29.5096],[80.8183,29.5134],[80.8171,29.5157],[80.8101,29.5134],[80.8047,29.5152],[80.7991,29.5122],[80.7953,29.5077],[80.7927,29.5066],[80.7884,29.5068],[80.7863,29.5078],[80.7849,29.5136],[80.7815,29.5184],[80.7807,29.5233],[80.7708,29.5246],[80.7685,29.5262],[80.7483,29.5307],[80.7461,29.5421],[80.7483,29.5533],[80.7562,29.5565],[80.7697,29.5537],[80.7713,29.5519],[80.7767,29.56],[80.7757,29.5667],[80.7802,29.5716],[80.7766,29.5761],[80.7786,29.5796],[80.7773,29.5831],[80.7778,29.5869],[80.7837,29.5946],[80.7866,29.6027],[80.7859,29.608],[80.7878,29.6133],[80.7849,29.6172],[80.7839,29.6256],[80.7809,29.6335],[80.7844,29.6352],[80.7909,29.6414],[80.7896,29.6431],[80.7844,29.6455],[80.7763,29.6424],[80.7716,29.6423],[80.7686,29.6448],[80.762,29.6475],[80.7642,29.6512],[80.7645,29.659],[80.763,29.662],[80.7712,29.6688],[80.776,29.6684],[80.7787,29.6655],[80.7806,29.6783],[80.7829,29.6803],[80.7876,29.678],[80.7893,29.679],[80.7922,29.678],[80.7917,29.6814],[80.795,29.6836],[80.796,29.6883]]]},"properties":{"DIST_EN":"Baitadi","DIST_PCODE":"NP0774"}},
{"type":"Feature","geometry":{"type":"Polygon","coordinates":[[[81.0909,30.0542],[81.0881,30.0543],[81.0843,30.0525],[81.0785,30.0464],[81.0713,30.0455],[81.0686,30.0435],[81.0645,30.0369],[81.0561,30.0289],[81.0535,30.0241],[81.0474,30.022],[81.0442,30.0183],[81.0381,30.0151],[81.0383,30.0083],[81.028,29.9927],[81.0259,29.9875],[81.0216,29.9835],[81.015,29.9807],[81.0159,29.9781],[81.0205,29.974],[81.0176,29.9661],[81.0194,29.961],[81.0216,29.9586],[81.0172,29.9548],[81.014,29.9475],[81.0109,29.9459],[81.0091,29.9419],[81.0023,29.9362],[81.0026,29.9324],[81.0006,29.9282],[81.003,29.9233],[81.0116,29.9188],[81.0148,29.9145],[81.0202,29.9121],[81.0277,29.9064],[81.0296,29.9036],[81.0303,29.8954],[81.0408,29.8817],[81.0379,29.8759],[81.0367,29.8646],[81.0386,29.8611],[81.0405,29.8601],[81.0387,29.855],[81.0382,29.8464],[81.0401,29.8407],[81.0534,29.8331],[81.0555,29.8298],[81.0635,29.827],[81.0699,29.8284],[81.071,29.8171],[81.0692,29.8144],[81.0703,29.8106],[81.0694,29.8032],[81.0678,29.7958],[81.0622,29.7935],[81.0641,29.7843],[81.0637,29.7755],[81.0602,29.7724],[81.0626,29.7682],[81.0603,29.7623],[81.0568,29.7577],[81.048,29.754],[81.0413,29.7523],[81.0382,29.7527],[81.0374,29.7497],[81.0317,29.7424],[81.0246,29.7436],[81.0205,29.7484],[81.0181,29.7456],[81.0098,29.746],[81.0042,29.7406],[80.9983,29.7426],[80.9882,29.7412],[80.984,29.734],[80.9763,29.7259],[80.9752,29.7219],[80.9581,29.7265],[80.9542,29.7307],[80.9506,29.7313],[80.946,29.7355],[80.9399,29.7355],[80.9314,29.7298],[80.9196,29.7248],[80.907,29.7247],[80.8967,29.7203],[80.8944,29.7164],[80.8913,29.7155],[80.8902,29.7139],[80.8819,29.7134],[80.8709,29.7074],[80.8647,29.7064],[80.8631,29.7009],[80.8583,29.696],[80.8519,29.6958],[80.8455,29.6934],[80.8404,29.6874],[80.8318,29.6898],[80.8298,29.6915],[80.8251,29.6866],[80.82,29.6877],[80.8166,29.6872],[80.8112,29.6841],[80.804,29.687],[80.796,29.6883],[80.795,29.6836],[80.7917,29.6814],[80.7922,29.678],[80.7893,29.679],[80.7876,29.678],[80.7829,29.6803],[80.7806,29.6783],[80.7787,29.6655],[80.776,29.6684],[80.7712,29.6688],[80.763,29.662],[80.7645,29.659],[80.7642,29.6512],[80.762,29.6475],[80.7686,29.6448],[80.7716,29.6423],[80.7763,29.6424],[80.7844,29.6455],[80.7896,29.6431],[80.7909,29.6414],[80.7844,29.6352],[80.7809,29.6335],[80.7839,29.6256],[80.7849,29.6172],[80.7878,29.6133],[80.7859,29.608],[80.7866,29.6027],[80.7837,29.5946],[80.7778,29.5869],[80.7773,29.5831],[80.7786,29.5796],[80.7766,29.5761],[80.7802,29.5716],[80.7757,29.5667],[80.7767,29.56],[80.7713,29.5519],[80.7697,29.5537],[80.7562,29.5565],[80.7483,29.5533],[80.7461,29.5421],[80.7483,29.5307],[80.7685,29.5262],[80.7708,29.5246],[80.7807,29.5233],[80.7815,29.5184],[80.7849,29.5136],[80.7863,29.5078],[80.7884,29.5068],[80.7927,29.5066],[80.7953,29.5077],[80.7991,29.5122],[80.8047,29.5152],[80.8101,29.5134],[80.8171,29.5157],[80.8183,29.5134],[80.8239,29.5096],[80.8226,29.5008],[80.8259,29.5],[80.8347,29.4941],[80.8455,29.489],[80.8476,29.4845],[80.8527,29.4796],[80.8522,29.4776],[80.8548,29.4752],[80.8564,29.4691],[80.8633,29.4655],[80.8708,29.4666],[80.8755,29.4642],[80.8793,29.4538],[80.884,29.4468],[80.8832,29.4427],[80.8873,29.4422],[80.8993,29.4443],[80.9083,29.4415],[80.9083,29.4441],[80.9118,29.4457],[80.9162,29.4314],[80.9263,29.4258],[80.9274,29.4218],[80.9322,29.4175],[80.9314,29.4108],[80.9358,29.4009],[80.9395,29.3976],[80.947,29.4005],[80.9497,29.3999],[80.954,29.4014],[80.9614,29.3993],[80.971,29.4003],[80.9783,29.4037],[80.9869,29.4052],[80.9903,29.408],[81.0004,29.4129],[81.0088,29.42],[81.0226,29.4219],[81.024,29.4215],[81.026,29.4168],[81.0336,29.4118],[81.0436,29.4113],[81.0478,29.4133],[81.0535,29.4089],[81.0626,29.4055],[81.0708,29.4077],[81.0767,29.4063],[81.0811,29.4101],[81.0859,29.4071],[81.0957,29.4078],[81.1059,29.4044],[81.1083,29.3999],[81.1192,29.3957],[81.1246,29.3984],[81.1255,29.4028],[81.1285,29.4047],[81.1317,29.4043],[81.1383,29.3998],[81.1393,29.3943],[81.144,29.3909],[81.1464,29.3942],[81.1501,29.3939],[81.1557,29.3959],[81.1596,29.3955],[81.1613,29.3942],[81.1637,29.3948],[81.1697,29.4054],[81.1707,29.4116],[81.1743,29.4111],[81.1843,29.4067],[81.1861,29.4046],[81.1841,29.3998],[81.1868,29.3979],[81.1891,29.3982],[81.1932,29.4018],[81.1995,29.3988],[81.202,29.3957],[81.2119,29.4044],[81.219,29.4062],[81.2199,29.4089],[81.226,29.4117],[81.2323,29.411],[81.2382,29.4143],[81.2518,29.4133],[81.255,29.4166],[81.2505,29.4218],[81.2534,29.4236],[81.2621,29.4339],[81.2717,29.4371],[81.2783,29.4376],[81.281,29.4425],[81.2877,29.444],[81.2918,29.448],[81.3007,29.4515],[81.3029,29.4514],[81.3026,29.4549],[81.3077,29.4604],[81.3032,29.4634],[81.3029,29.4678],[81.2939,29.4689],[81.2909,29.4749],[81.297,29.4772],[81.3032,29.4768],[81.3086,29.4797],[81.3111,29.4795],[81.3129,29.4828],[81.317,29.4834],[81.3148,29.4916],[81.3202,29.4948],[81.3264,29.4949],[81.3387,29.5051],[81.3404,29.5106],[81.3504,29.5247],[81.3497,29.5262],[81.3511,29.53],[81.3527,29.5316],[81.355,29.5314],[81.3623,29.5381],[81.3715,29.55],[81.3865,29.5537],[81.3885,29.5559],[81.3976,29.5568],[81.4,29.5584],[81.4025,29.5666],[81.3976,29.5711],[81.3984,29.5769],[81.4021,29.5847],[81.4153,29.5934],[81.4188,29.5978],[81.4203,29.6098],[81.4188,29.6142],[81.4202,29.6178],[81.4181,29.624],[81.4196,29.6279],[81.4219,29.6294],[81.4207,29.6347],[81.4255,29.6394],[81.4275,29.644],[81.429,29.645],[81.4343,29.6449],[81.4411,29.6496],[81.4464,29.6472],[81.4566,29.6543],[81.4662,29.6591],[81.472,29.659],[81.4805,29.6617],[81.4864,29.6657],[81.4971,29.6686],[81.4982,29.6703],[81.5069,29.6742],[81.5079,29.676],[81.5159,29.6794],[81.515,29.6877],[81.5185,29.6916],[81.5148,29.6983],[81.5146,29.7008],[81.5156,29.7026],[81.5225,29.7062],[81.5244,29.7106],[81.5191,29.7181],[81.517,29.7243],[81.5117,29.7306],[81.5111,29.7355],[81.5082,29.7389],[81.5083,29.7428],[81.5106,29.75],[81.5133,29.7535],[81.5245,29.7524],[81.5398,29.7471],[81.5508,29.7524],[81.5524,29.7543],[81.5542,29.7631],[81.5566,29.7645],[81.5606,29.7707],[81.5561,29.7745],[81.552,29.7816],[81.5487,29.793],[81.5467,29.7946],[81.548,29.801],[81.5584,29.8099],[81.5599,29.8181],[81.5592,29.8227],[81.5617,29.8325],[81.5611,29.8357],[81.565,29.8514],[81.5611,29.8528],[81.5574,29.8561],[81.5556,29.8616],[81.5529,29.8635],[81.5417,29.8779],[81.5343,29.8829],[81.5276,29.8857],[81.5133,29.8869],[81.5056,29.8944],[81.5017,29.8917],[81.4956,29.89],[81.4927,29.8872],[81.4799,29.8921],[81.4707,29.8898],[81.4645,29.8934],[81.4564,29.9012],[81.457,29.9057],[81.4617,29.9133],[81.4601,29.9181],[81.4627,29.921],[81.4604,29.924],[81.459,29.9318],[81.4548,29.9348],[81.4586,29.9426],[81.4529,29.949],[81.4528,29.9512],[81.4601,29.9571],[81.4641,29.9579],[81.4669,29.9607],[81.4687,29.9637],[81.4683,29.9712],[81.4702,29.9732],[81.4701,29.9751],[81.4607,29.9857],[81.4632,29.9956],[81.4566,30.0014],[81.4545,30.0024],[81.4445,30.003],[81.4403,30.0069],[81.436,30.008],[81.4303,30.0076],[81.4192,30.0128],[81.4126,30.0186],[81.4048,30.0197],[81.4013,30.0228],[81.3996,30.0181],[81.3902,30.0169],[81.3839,30.0136],[81.382,30.0072],[81.3766,30.0065],[81.3748,30.0099],[81.3705,30.0097],[81.3681,30.0109],[81.3629,30.0096],[81.3571,30.0106],[81.3465,30.0188],[81.3318,30.0241],[81.3187,30.0256],[81.3146,30.0327],[81.3098,30.0329],[81.3069,30.031],[81.291,30.035],[81.2847,30.0375],[81.2814,30.0435],[81.272,30.0453],[81.264,30.0433],[81.262,30.0399],[81.25,30.0386],[81.2434,30.034],[81.2374,30.0318],[81.2533,30.0236],[81.2537,30.0197],[81.2454,30.0112],[81.24,30.0126],[81.2319,30.0077],[81.2176,30.0073],[81.2142,30.014],[81.2107,30.0156],[81.2077,30.0204],[81.204,30.022],[81.2008,30.0214],[81.1948,30.0229],[81.184,30.0108],[81.178,30.0151],[81.171,30.0145],[81.1631,30.0105],[81.1565,30.0124],[81.1492,30.0116],[81.1426,30.0166],[81.1334,30.016],[81.1239,30.0203],[81.1222,30.0285],[81.1182,30.0342],[81.1108,30.0357],[81.1077,30.0396],[81.1067,30.0444],[81.0992,30.0477],[81.0951,30.0521],[81.0909,30.0542]]]},"properties":{"DIST_EN":"Bajhang","DIST_PCODE":"NP0767"}},
{"type":"Feature","geometry":{"type":"Polygon","coordinates":[[[81.7738,29.6058],[81.7688,29.6066],[81.7505,29.6049],[81.7369,29.6066],[81.7279,29.615],[81.7207,29.6164],[81.7199,29.6212],[81.7158,29.6209],[81.7131,29.6253],[81.7097,29.6271],[81.7095,29.6324],[81.7029,29.6372],[81.7036,29.6403],[81.7026,29.642],[81.6994,29.6421],[81.7036,29.6454],[81.7003,29.6475],[81.7017,29.6494],[81.7022,29.6555],[81.6995,29.6619],[81.6991,29.6704],[81.6971,29.6783],[81.6974,29.6809],[81.7031,29.6883],[81.7041,29.6934],[81.7087,29.7003],[81.7108,29.708],[81.7101,29.7099],[81.7126,29.7142],[81.714,29.7223],[81.7199,29.7292],[81.7231,29.7297],[81.727,29.7341],[81.7262,29.7372],[81.7283,29.7416],[81.7265,29.744],[81.7268,29.748],[81.7328,29.7592],[81.7302,29.7692],[81.7361,29.7769],[81.7372,29.7847],[81.7402,29.7893],[81.7396,29.7922],[81.7467,29.7946],[81.753,29.7987],[81.7554,29.7968],[81.7582,29.7974],[81.7645,29.8018],[81.7737,29.7982],[81.7804,29.8071],[81.7807,29.8105],[81.7792,29.8144],[81.7828,29.8223],[81.7816,29.8249],[81.7834,29.8305],[81.783,29.8372],[81.7808,29.8393],[81.7892,29.8433],[81.7942,29.8488],[81.7915,29.8538],[81.7953,29.8604],[81.7946,29.8628],[81.7967,29.8669],[81.7972,29.8788],[81.796,29.8823],[81.7963,29.8904],[81.7936,29.8955],[81.7957,29.897],[81.7987,29.8967],[81.7989,29.902],[81.7911,29.9068],[81.7887,29.9096],[81.7856,29.9104],[81.7826,29.9086],[81.78,29.9111],[81.7753,29.9112],[81.7694,29.9095],[81.7618,29.9124],[81.755,29.9085],[81.7459,29.9086],[81.7422,29.9073],[81.7389,29.9083],[81.7334,29.9079],[81.7313,29.9108],[81.7266,29.9123],[81.716,29.9094],[81.7108,29.9143],[81.7097,29.9269],[81.6975,29.9315],[81.699,29.938],[81.6979,29.9415],[81.6874,29.9493],[81.6707,29.9407],[81.6651,29.9403],[81.6573,29.9434],[81.6531,29.9428],[81.6448,29.9481],[81.637,29.9448],[81.6344,29.9408],[81.6266,29.9384],[81.6215,29.9395],[81.6187,29.9385],[81.6129,29.9432],[81.606,29.9372],[81.6052,29.9325],[81.6026,29.9302],[81.5969,29.9314],[81.591,29.9307],[81.5849,29.9369],[81.5807,29.9362],[81.5776,29.9339],[81.5736,29.9345],[81.5702,29.9335],[81.5643,29.9309],[81.5596,29.9262],[81.5554,29.9271],[81.5494,29.9232],[81.5422,29.9271],[81.5378,29.9266],[81.5349,29.9276],[81.5283,29.9241],[81.517,29.9228],[81.512,29.9162],[81.5169,29.9043],[81.5118,29.9009],[81.5056,29.8944],[81.5133,29.8869],[81.5276,29.8857],[81.5343,29.8829],[81.5417,29.8779],[81.5529,29.8635],[81.5556,29.8616],[81.5574,29.8561],[81.5611,29.8528],[81.565,29.8514],[81.5611,29.8357],[81.5617,29.8325],[81.5592,29.8227],[81.5599,29.8181],[81.5584,29.8099],[81.548,29.801],[81.5467,29.7946],[81.5487,29.793],[81.552,29.7816],[81.5561,29.7745],[81.5606,29.7707],[81.5566,29.7645],[81.5542,29.7631],[81.5524,29.7543],[81.5508,29.7524],[81.5398,29.7471],[81.5245,29.7524],[81.5133,29.7535],[81.5106,29.75],[81.5083,29.7428],[81.5082,29.7389],[81.5111,29.7355],[81.5117,29.7306],[81.517,29.7243],[81.5191,29.7181],[81.5244,29.7106],[81.5225,29.7062],[81.5156,29.7026],[81.5146,29.7008],[81.5148,29.6983],[81.5185,29.6916],[81.515,29.6877],[81.5159,29.6794],[81.5079,29.676],[81.5069,29.6742],[81.4982,29.6703],[81.4971,29.6686],[81.4864,29.6657],[81.4805,29.6617],[81.472,29.659],[81.4662,29.6591],[81.4566,29.6543],[81.4464,29.6472],[81.4411,29.6496],[81.4343,29.6449],[81.429,29.645],[81.4275,29.644],[81.4255,29.6394],[81.4207,29.6347],[81.4219,29.6294],[81.4196,29.6279],[81.4181,29.624],[81.4202,29.6178],[81.4188,29.6142],[81.4203,29.6098],[81.4188,29.5978],[81.4153,29.5934],[81.4021,29.5847],[81.3984,29.5769],[81.3976,29.5711],[81.4025,29.5666],[81.4,29.5584],[81.3976,29.5568],[81.3885,29.5559],[81.3865,29.5537],[81.3715,29.55],[81.3623,29.5381],[81.355,29.5314],[81.3527,29.5316],[81.3511,29.53],[81.3497,29.5262],[81.3504,29.5247],[81.3404,29.5106],[81.3387,29.5051],[81.3264,29.4949],[81.3202,29.4948],[81.3148,29.4916],[81.317,29.4834],[81.3129,29.4828],[81.3111,29.4795],[81.3086,29.4797],[81.3032,29.4768],[81.297,29.4772],[81.2909,29.4749],[81.2939,29.4689],[81.3029,29.4678],[81.3032,29.4634],[81.3077,29.4604],[81.3026,29.4549],[81.3029,29.4514],[81.3007,29.4515],[81.2918,29.448],[81.2877,29.444],[81.281,29.4425],[81.2783,29.4376],[81.2717,29.4371],[81.2621,29.4339],[81.2534,29.4236],[81.2505,29.4218],[81.255,29.4166],[81.2518,29.4133],[81.2382,29.4143],[81.2323,29.411],[81.226,29.4117],[81.2199,29.4089],[81.219,29.4062],[81.2119,29.4044],[81.202,29.3957],[81.1995,29.3988],[81.1932,29.4018],[81.1891,29.3982],[81.1868,29.3979],[81.1758,29.3928],[81.1712,29.3893],[81.17,29.3867],[81.1771,29.385],[81.1794,29.3805],[81.1851,29.377],[81.1862,29.3749],[81.1968,29.3694],[81.2008,29.3652],[81.2076,29.365],[81.2109,29.3622],[81.2169,29.3633],[81.2228,29.3622],[81.2268,29.3607],[81.2303,29.3575],[81.2354,29.3569],[81.2369,29.3532],[81.242,29.3543],[81.249,29.3508],[81.2516,29.3445],[81.254,29.344],[81.2549,29.3413],[81.2586,29.3381],[81.2582,29.3306],[81.2554,29.3279],[81.2532,29.3281],[81.2537,29.3257],[81.2576,29.3217],[81.2602,29.3137],[81.2642,29.3114],[81.2644,29.3077],[81.2681,29.3058],[81.2692,29.3036],[81.2681,29.3018],[81.2751,29.3046],[81.2793,29.3084],[81.2951,29.3104],[81.295,29.3138],[81.2994,29.3151],[81.2987,29.3178],[81.3015,29.3191],[81.3027,29.3223],[81.3041,29.3203],[81.3085,29.3232],[81.3092,29.3251],[81.317,29.3231],[81.318,29.3219],[81.3176,29.319],[81.3201,29.3183],[81.3224,29.314],[81.3298,29.3144],[81.3325,29.3046],[81.3359,29.302],[81.3406,29.3018],[81.34,29.2988],[81.3436,29.2918],[81.3485,29.2909],[81.3507,29.2866],[81.3532,29.2862],[81.3543,29.2841],[81.3563,29.2845],[81.3565,29.2856],[81.3583,29.2842],[81.3665,29.2846],[81.3733,29.2921],[81.3773,29.2928],[81.3828,29.2967],[81.3821,29.3027],[81.3878,29.3],[81.3936,29.2918],[81.3959,29.2852],[81.4052,29.2842],[81.4168,29.2769],[81.4206,29.2822],[81.4288,29.2863],[81.443,29.2874],[81.4556,29.2801],[81.4578,29.28],[81.4663,29.2719],[81.4681,29.2719],[81.4839,29.2796],[81.4908,29.2906],[81.5,29.2973],[81.5038,29.3032],[81.508,29.3146],[81.5152,29.3121],[81.5181,29.315],[81.5239,29.3151],[81.5289,29.3261],[81.5359,29.3312],[81.5405,29.3323],[81.5474,29.3383],[81.5506,29.3458],[81.5504,29.3496],[81.5585,29.3579],[81.5611,29.3515],[81.5665,29.3492],[81.567,29.3479],[81.5705,29.3497],[81.5729,29.3539],[81.5732,29.3608],[81.5763,29.3629],[81.5796,29.3625],[81.5818,29.3648],[81.5929,29.3661],[81.5999,29.3656],[81.6092,29.3675],[81.6115,29.3702],[81.6137,29.3708],[81.6256,29.3689],[81.6276,29.3662],[81.6347,29.3644],[81.6383,29.3615],[81.6391,29.3557],[81.6431,29.3562],[81.6441,29.3544],[81.644,29.3434],[81.6419,29.3345],[81.6425,29.3318],[81.6466,29.3281],[81.6464,29.3236],[81.6477,29.3215],[81.653,29.3216],[81.6562,29.3197],[81.6644,29.3194],[81.6685,29.3171],[81.67,29.3169],[81.6783,29.3215],[81.6829,29.3195],[81.6909,29.3206],[81.6939,29.3255],[81.7032,29.3306],[81.716,29.3313],[81.7299,29.3352],[81.7397,29.334],[81.7455,29.3389],[81.7474,29.3467],[81.7523,29.3518],[81.7502,29.3541],[81.751,29.3562],[81.7501,29.3578],[81.7512,29.3591],[81.7492,29.3623],[81.7497,29.3666],[81.7565,29.3757],[81.7582,29.3823],[81.7611,29.3866],[81.7665,29.3858],[81.7669,29.3905],[81.7688,29.3923],[81.7718,29.391],[81.7768,29.3914],[81.7865,29.3888],[81.7893,29.389],[81.7905,29.396],[81.7945,29.3994],[81.7979,29.4071],[81.7964,29.4085],[81.7977,29.4125],[81.7967,29.4146],[81.7988,29.421],[81.799,29.4292],[81.8022,29.4317],[81.8051,29.4383],[81.8032,29.4474],[81.8053,29.4527],[81.8078,29.454],[81.8071,29.4662],[81.8039,29.4752],[81.7966,29.4866],[81.7894,29.4949],[81.7878,29.4975],[81.788,29.5],[81.7839,29.5023],[81.7792,29.5013],[81.7716,29.5037],[81.7668,29.5035],[81.7625,29.5054],[81.7692,29.5094],[81.7749,29.5081],[81.7806,29.5092],[81.7773,29.5174],[81.7811,29.5205],[81.7824,29.5248],[81.7857,29.5284],[81.7919,29.5294],[81.7929,29.5306],[81.7901,29.5377],[81.7904,29.5406],[81.7936,29.5478],[81.7976,29.5522],[81.799,29.5592],[81.7985,29.5766],[81.7897,29.5901],[81.7905,29.5958],[81.7886,29.5972],[81.7839,29.5973],[81.7779,29.5998],[81.7738,29.6058]]]},"properties":{"DIST_EN":"Bajura","DIST_PCODE":"NP0768"}},
{"type":"Feature","geometry":{"type":"Polygon","coordinates":[[[81.7451,28.3133],[81.733,28.316],[81.7252,28.3161],[81.7219,28.3197],[81.7194,28.319],[81.7177,28.3197],[81.7146,28.3235],[81.7111,28.3245],[81.7088,28.3295],[81.7059,28.3305],[81.7021,28.3345],[81.6972,28.3344],[81.6862,28.3379],[81.6757,28.3361],[81.6736,28.3377],[81.676,28.3328],[81.6804,28.334],[81.682,28.3313],[81.6849,28.3324],[81.6846,28.326],[81.6881,28.3259],[81.6914,28.3275],[81.6896,28.3258],[81.6845,28.3244],[81.6812,28.3156],[81.6785,28.3138],[81.6782,28.317],[81.6808,28.3207],[81.6802,28.3244],[81.6768,28.3224],[81.6725,28.3143],[81.6723,28.3104],[81.6687,28.3046],[81.6621,28.2874],[81.6534,28.2938],[81.6499,28.2912],[81.6497,28.2882],[81.6468,28.2855],[81.6461,28.2826],[81.6407,28.2797],[81.6466,28.2772],[81.6443,28.2745],[81.6477,28.2681],[81.6472,28.2663],[81.6432,28.267],[81.6408,28.2625],[81.6355,28.261],[81.6326,28.2587],[81.6305,28.2589],[81.6232,28.2549],[81.6208,28.2491],[81.6141,28.2497],[81.6126,28.2488],[81.611,28.246],[81.6105,28.2398],[81.6065,28.236],[81.6013,28.2363],[81.5968,28.2345],[81.5942,28.2383],[81.5928,28.2361],[81.59,28.2351],[81.5889,28.2368],[81.5906,28.2402],[81.5895,28.2403],[81.5828,28.2338],[81.5829,28.228],[81.5782,28.2296],[81.5756,28.2283],[81.5786,28.2237],[81.5723,28.2177],[81.5666,28.2139],[81.564,28.2136],[81.5625,28.2146],[81.5631,28.2173],[81.5622,28.2178],[81.5616,28.2073],[81.5499,28.2035],[81.5407,28.2037],[81.5369,28.1988],[81.5311,28.1973],[81.5283,28.1952],[81.5277,28.192],[81.5301,28.1896],[81.5306,28.187],[81.5292,28.1827],[81.527,28.1804],[81.5183,28.179],[81.5185,28.1756],[81.5239,28.1739],[81.5188,28.1718],[81.5187,28.1706],[81.521,28.1705],[81.5227,28.1682],[81.517,28.1617],[81.5177,28.1604],[81.5221,28.1611],[81.5224,28.1573],[81.5206,28.1561],[81.515,28.1561],[81.5121,28.1487],[81.5063,28.1523],[81.5045,28.1489],[81.5002,28.1471],[81.4988,28.145],[81.5008,28.1378],[81.5045,28.1333],[81.5045,28.1281],[81.5036,28.1271],[81.5002,28.1283],[81.4987,28.1267],[81.5059,28.1225],[81.5014,28.1196],[81.5012,28.1176],[81.5067,28.1142],[81.5111,28.1077],[81.5088,28.1048],[81.5041,28.1057],[81.5035,28.1044],[81.5071,28.0984],[81.5118,28.0963],[81.5106,28.091],[81.515,28.0907],[81.5238,28.0862],[81.5248,28.0843],[81.5245,28.0833],[81.521,28.083],[81.5185,28.0766],[81.5143,28.0745],[81.5104,28.0738],[81.5052,28.0763],[81.504,28.0759],[81.5028,28.0732],[81.5065,28.071],[81.505,28.0689],[81.5474,28.0493],[81.5867,28.0249],[81.6171,28.0105],[81.6244,28.0015],[81.6281,28.0017],[81.6361,27.9975],[81.6393,27.9972],[81.6435,27.9939],[81.6933,27.9895],[81.6984,27.9883],[81.805,27.9034],[81.8093,27.9033],[81.8137,27.9046],[81.8212,27.9035],[81.8255,27.9007],[81.8328,27.8981],[81.8401,27.8911],[81.8477,27.8873],[81.8737,27.8695],[81.8856,27.8571],[81.9013,27.8537],[81.9262,27.8598],[81.9255,27.8759],[81.9301,27.8827],[81.9381,27.888],[81.9382,27.8938],[81.9478,27.9036],[81.951,27.9103],[81.9594,27.9165],[81.9618,27.9232],[81.9683,27.929],[81.9913,27.9293],[82.0256,27.9252],[82.0452,27.9246],[82.0626,27.9218],[82.0674,27.9223],[82.0682,27.9248],[82.0651,27.9258],[82.0655,27.9286],[82.068,27.9294],[82.0689,27.9312],[82.0674,27.9355],[82.0682,27.9369],[82.0639,27.941],[82.0666,27.9439],[82.0674,27.9507],[82.0698,27.9527],[82.0715,27.9518],[82.0789,27.9526],[82.0881,27.95],[82.0901,27.951],[82.0914,27.9537],[82.0951,27.9554],[82.0967,27.9506],[82.1001,27.9491],[82.1029,27.9487],[82.1068,27.9508],[82.1099,27.9505],[82.114,27.9529],[82.1141,27.9497],[82.1196,27.9488],[82.1235,27.9504],[82.1302,27.9581],[82.1321,27.9587],[82.1335,27.9623],[82.1416,27.9587],[82.1471,27.9621],[82.1531,27.9613],[82.1629,27.9566],[82.1767,27.9518],[82.1922,27.9532],[82.1923,27.9644],[82.1898,27.9697],[82.1933,27.9735],[82.1923,27.98],[82.1902,27.9813],[82.19,27.9841],[82.1872,27.9882],[82.186,27.9951],[82.1877,28],[82.1907,28.0031],[82.1893,28.0126],[82.1932,28.0181],[82.1939,28.0253],[82.1908,28.032],[82.1812,28.035],[82.1795,28.0401],[82.1729,28.0468],[82.1651,28.0457],[82.1594,28.0469],[82.1438,28.0547],[82.1336,28.0577],[82.1282,28.0622],[82.1232,28.0631],[82.1185,28.0674],[82.1105,28.0703],[82.1065,28.0731],[82.1009,28.0731],[82.0957,28.0767],[82.0889,28.0795],[82.0852,28.0771],[82.081,28.0797],[82.0773,28.0795],[82.071,28.0842],[82.066,28.0849],[82.0587,28.0879],[82.0548,28.0914],[82.0495,28.0902],[82.0437,28.0954],[82.037,28.0951],[82.021,28.0994],[82.0175,28.1083],[82.0182,28.111],[82.0165,28.1162],[82.019,28.1223],[82.0186,28.1322],[82.016,28.1389],[82.0076,28.1511],[81.9982,28.1637],[81.9871,28.1724],[81.9847,28.1772],[81.9799,28.1783],[81.9779,28.1829],[81.9732,28.185],[81.9707,28.1824],[81.9688,28.1825],[81.9653,28.1845],[81.9631,28.1873],[81.9642,28.1919],[81.9627,28.1944],[81.9608,28.1952],[81.9593,28.1942],[81.952,28.1941],[81.9484,28.1965],[81.9466,28.1992],[81.9385,28.2018],[81.9387,28.2054],[81.9361,28.2077],[81.9311,28.2077],[81.9267,28.2095],[81.9278,28.213],[81.927,28.2158],[81.9209,28.2204],[81.9225,28.224],[81.9216,28.2269],[81.914,28.2284],[81.9093,28.2323],[81.8965,28.2333],[81.8886,28.2369],[81.8871,28.2404],[81.8829,28.2435],[81.8768,28.2392],[81.8609,28.2387],[81.8643,28.2451],[81.8647,28.2498],[81.8615,28.2551],[81.8542,28.2601],[81.8503,28.2658],[81.8449,28.2696],[81.8436,28.272],[81.8312,28.2743],[81.8262,28.277],[81.8221,28.2768],[81.8145,28.2788],[81.8085,28.283],[81.8055,28.2822],[81.7981,28.2737],[81.7937,28.2739],[81.7916,28.2771],[81.7922,28.282],[81.7872,28.2947],[81.7843,28.2957],[81.7805,28.2952],[81.7769,28.298],[81.7734,28.2975],[81.7706,28.3001],[81.7674,28.3008],[81.7612,28.3092],[81.7538,28.3075],[81.7494,28.3103],[81.7481,28.3125],[81.7451,28.3133]]]},"properties":{"DIST_EN":"Banke","DIST_PCODE":"NP0557"}},
{"type":"Feature","geometry":{"type":"Polygon","coordinates":[[[85.2693,27.2281],[85.2674,27.2263],[85.2619,27.2267],[85.2578,27.2292],[85.257,27.2312],[85.2581,27.2342],[85.2534,27.2383],[85.2515,27.245],[85.2456,27.2466],[85.243,27.2487],[85.2367,27.2477],[85.2318,27.2434],[85.2247,27.2455],[85.2199,27.244],[85.2172,27.2447],[85.2152,27.2468],[85.2084,27.2454],[85.2067,27.2483],[85.2016,27.2503],[85.1996,27.2492],[85.1979,27.2461],[85.1925,27.2451],[85.1821,27.2473],[85.1773,27.2496],[85.181,27.2546],[85.175,27.2537],[85.171,27.2548],[85.1677,27.2602],[85.1614,27.2621],[85.1556,27.2624],[85.1518,27.2658],[85.1511,27.2686],[85.1453,27.273],[85.1448,27.283],[85.1394,27.2857],[85.1367,27.2902],[85.1264,27.2929],[85.1271,27.2956],[85.1255,27.3011],[85.1209,27.3022],[85.119,27.3144],[85.1168,27.3179],[85.1041,27.3201],[85.1032,27.3233],[85.0949,27.3325],[85.0921,27.3402],[85.0931,27.3486],[85.0923,27.3524],[85.0906,27.3534],[85.0913,27.3566],[85.0881,27.3582],[85.0866,27.3611],[85.0708,27.3644],[85.0694,27.3643],[85.0697,27.3625],[85.0673,27.3604],[85.0655,27.3626],[85.0615,27.3605],[85.0598,27.3614],[85.0601,27.3634],[85.0562,27.3657],[85.0524,27.3632],[85.0448,27.3616],[85.043,27.3591],[85.04,27.3593],[85.0365,27.3574],[85.032,27.3606],[85.0246,27.3587],[85.021,27.3567],[85.0215,27.3521],[85.0132,27.3554],[85.004,27.3529],[85.0009,27.3558],[85.0013,27.3587],[84.9992,27.3654],[84.9975,27.3648],[84.9956,27.3657],[84.9883,27.3617],[84.9834,27.3625],[84.9802,27.3616],[84.9774,27.3561],[84.9719,27.3551],[84.9695,27.3563],[84.9669,27.351],[84.9677,27.3491],[84.9662,27.3437],[84.967,27.3407],[84.964,27.3361],[84.9648,27.3277],[84.969,27.32],[84.9676,27.3188],[84.9677,27.3132],[84.9623,27.3124],[84.9627,27.3099],[84.9586,27.3074],[84.9576,27.3003],[84.9627,27.2844],[84.9679,27.2787],[84.9722,27.2716],[84.9729,27.2642],[84.9688,27.2503],[84.9652,27.2444],[84.9635,27.232],[84.9646,27.2246],[84.9639,27.2189],[84.959,27.2048],[84.9603,27.2013],[84.9599,27.1965],[84.9584,27.1938],[84.9532,27.191],[84.9523,27.1864],[84.9487,27.18],[84.9489,27.1729],[84.9447,27.164],[84.9465,27.16],[84.9486,27.1618],[84.9506,27.1615],[84.9492,27.1569],[84.9525,27.1518],[84.951,27.1512],[84.951,27.1481],[84.9468,27.1412],[84.9552,27.135],[84.9536,27.1309],[84.955,27.1269],[84.9538,27.1236],[84.9522,27.1227],[84.9514,27.119],[84.9473,27.1163],[84.9462,27.114],[84.9416,27.1114],[84.9408,27.1082],[84.9417,27.1061],[84.9386,27.104],[84.9397,27.1002],[84.9387,27.0967],[84.9403,27.0932],[84.9394,27.0939],[84.9362,27.0915],[84.9345,27.0923],[84.9334,27.0904],[84.9283,27.0897],[84.9242,27.0839],[84.9275,27.0836],[84.9259,27.0822],[84.9282,27.0807],[84.9287,27.0769],[84.936,27.0747],[84.9358,27.071],[84.9313,27.0687],[84.9176,27.0726],[84.9001,27.0461],[84.9021,27.0401],[84.8992,27.0334],[84.9017,27.0323],[84.9173,27.0344],[84.9167,27.0321],[84.9148,27.0312],[84.9134,27.0251],[84.9101,27.0221],[84.9113,27.0182],[84.9063,27.0144],[84.9057,27.0125],[84.9035,27.0122],[84.9029,27.0105],[84.9013,27.0109],[84.8977,27.0046],[84.8949,27.0045],[84.8936,27.0022],[84.8906,27.0012],[84.8911,26.9994],[84.8888,26.9982],[84.8866,26.994],[84.8803,26.992],[84.8806,26.9894],[84.8791,26.9897],[84.8741,26.9868],[84.8707,26.989],[84.8672,26.9889],[84.8684,26.9881],[84.8662,26.9838],[84.869,26.984],[84.869,26.9828],[84.8715,26.982],[84.8887,26.9775],[84.8908,26.9742],[84.8903,26.9712],[84.8922,26.9696],[84.8921,26.9723],[84.8956,26.973],[84.8994,26.9699],[84.9019,26.9703],[84.9099,26.968],[84.9172,26.969],[84.924,26.9676],[84.9294,26.9687],[84.9533,26.9598],[84.9559,26.96],[84.9566,26.9611],[84.9623,26.9605],[84.9635,26.9587],[84.9659,26.9584],[84.9658,26.9566],[84.9783,26.9403],[84.9748,26.9396],[84.9782,26.9359],[84.9766,26.9321],[84.9738,26.932],[84.9702,26.929],[84.9719,26.9262],[84.9694,26.925],[84.9719,26.922],[84.9702,26.9204],[84.9707,26.9171],[84.9676,26.9163],[84.9995,26.9122],[85.0018,26.9099],[85.0006,26.9066],[85.0022,26.9035],[84.9958,26.9067],[84.9931,26.9057],[84.9927,26.903],[85.0039,26.8951],[85.0197,26.8932],[85.0225,26.8918],[85.0358,26.8915],[85.0532,26.8891],[85.0512,26.8876],[85.0518,26.8863],[85.0543,26.887],[85.0587,26.8854],[85.0594,26.8874],[85.0602,26.887],[85.0599,26.8854],[85.0552,26.8815],[85.0538,26.8848],[85.0521,26.8849],[85.0507,26.8833],[85.0484,26.8853],[85.0498,26.8824],[85.0521,26.8827],[85.0522,26.8813],[85.0459,26.8786],[85.0431,26.8797],[85.0414,26.8775],[85.0417,26.8746],[85.0395,26.8753],[85.0375,26.8781],[85.0374,26.8759],[85.0361,26.8752],[85.0315,26.8745],[85.0293,26.8753],[85.0279,26.8707],[85.0302,26.8677],[85.0266,26.8666],[85.0274,26.8629],[85.0289,26.8625],[85.0288,26.8594],[85.0225,26.8565],[85.022,26.8549],[85.0574,26.8492],[85.0585,26.8501],[85.0567,26.8526],[85.0579,26.8561],[85.0591,26.8543],[85.0608,26.854],[85.0625,26.8556],[85.0609,26.8568],[85.0627,26.8583],[85.0635,26.8578],[85.0625,26.8565],[85.0647,26.8569],[85.0616,26.8539],[85.0627,26.8501],[85.064,26.8497],[85.0659,26.851],[85.0665,26.854],[85.0761,26.8558],[85.0764,26.857],[85.0782,26.8559],[85.0768,26.858],[85.0783,26.8589],[85.0799,26.8566],[85.0815,26.8572],[85.0811,26.8556],[85.0835,26.8567],[85.0837,26.8538],[85.0872,26.8529],[85.0874,26.8541],[85.0844,26.8555],[85.0875,26.8568],[85.087,26.8593],[85.0894,26.8596],[85.0857,26.8646],[85.0867,26.8674],[85.089,26.8674],[85.0886,26.8684],[85.0898,26.868],[85.0903,26.8692],[85.0961,26.8671],[85.0995,26.8711],[85.1096,26.8709],[85.1112,26.8725],[85.1234,26.8715],[85.1342,26.8678],[85.14,26.8712],[85.1537,26.8707],[85.1655,26.8686],[85.1764,26.8693],[85.1754,26.872],[85.1707,26.8728],[85.1657,26.8785],[85.1671,26.88],[85.1703,26.8776],[85.173,26.8788],[85.1713,26.8822],[85.1699,26.8824],[85.1706,26.884],[85.1695,26.8838],[85.1674,26.8871],[85.1684,26.8895],[85.1648,26.8907],[85.1644,26.8882],[85.1632,26.889],[85.1643,26.8925],[85.1708,26.8922],[85.1716,26.8912],[85.1745,26.8919],[85.1755,26.8936],[85.175,26.897],[85.1707,26.8996],[85.1723,26.9017],[85.1758,26.9009],[85.1755,26.9025],[85.177,26.9034],[85.1759,26.9058],[85.1771,26.9071],[85.1752,26.9126],[85.1713,26.9159],[85.1721,26.92],[85.17,26.9201],[85.1781,26.9232],[85.1794,26.9293],[85.1786,26.9324],[85.1768,26.9324],[85.1753,26.9308],[85.1729,26.9315],[85.164,26.9383],[85.1643,26.9422],[85.1692,26.9447],[85.174,26.9431],[85.1756,26.9472],[85.1699,26.9519],[85.1685,26.9545],[85.171,26.959],[85.1702,26.9615],[85.1729,26.973],[85.1711,26.9761],[85.1723,26.9769],[85.1692,26.9788],[85.1646,26.9785],[85.1636,26.9805],[85.1694,26.9918],[85.1714,26.9921],[85.1721,26.9961],[85.1764,26.9979],[85.1753,27.0001],[85.1776,27.0032],[85.187,27.0076],[85.1863,27.0109],[85.1874,27.0122],[85.183,27.0126],[85.1815,27.016],[85.1828,27.0186],[85.186,27.0204],[85.195,27.0218],[85.1982,27.0279],[85.1974,27.0299],[85.1914,27.0335],[85.1862,27.0343],[85.1833,27.033],[85.1793,27.0334],[85.1777,27.0347],[85.1772,27.0376],[85.1801,27.0388],[85.1939,27.038],[85.2006,27.0392],[85.2005,27.0421],[85.1969,27.0418],[85.1946,27.0431],[85.198,27.0474],[85.1965,27.0505],[85.1928,27.0504],[85.1883,27.0471],[85.1831,27.0498],[85.188,27.0568],[85.1898,27.0572],[85.1922,27.0606],[85.1923,27.0649],[85.194,27.0657],[85.1972,27.0632],[85.2005,27.0658],[85.1993,27.0712],[85.1952,27.0747],[85.1943,27.0775],[85.1967,27.0802],[85.1988,27.0796],[85.1998,27.0833],[85.2018,27.082],[85.2025,27.0837],[85.2019,27.0894],[85.2003,27.0897],[85.2015,27.0916],[85.201,27.0939],[85.1973,27.0979],[85.1963,27.1035],[85.1972,27.1075],[85.2046,27.1161],[85.2203,27.1257],[85.2312,27.1342],[85.2318,27.1455],[85.2461,27.1585],[85.2473,27.1678],[85.25,27.1753],[85.2514,27.1901],[85.2587,27.2011],[85.2596,27.2045],[85.2619,27.2064],[85.2626,27.2107],[85.2652,27.213],[85.2625,27.2173],[85.2626,27.2217],[85.271,27.2259],[85.2693,27.2281]]]},"properties":{"DIST_EN":"Bara","DIST_PCODE":"NP0233"}},
{"type":"Feature","geometry":{"type":"Polygon","coordinates":[[[81.7667,28.3702],[81.7629,28.3711],[81.7577,28.3701],[81.7523,28.3744],[81.7323,28.3776],[81.7244,28.3831],[81.7213,28.3824],[81.7166,28.3841],[81.7102,28.3901],[81.7036,28.3926],[81.6998,28.3971],[81.6955,28.3996],[81.6921,28.4031],[81.6916,28.4063],[81.6882,28.4106],[81.6831,28.4114],[81.6743,28.4176],[81.6727,28.4174],[81.6698,28.4134],[81.6659,28.4149],[81.6585,28.4155],[81.6559,28.4189],[81.6481,28.4231],[81.643,28.4303],[81.6316,28.4364],[81.6263,28.4445],[81.6209,28.4461],[81.6122,28.4544],[81.6079,28.4536],[81.6025,28.4586],[81.6001,28.463],[81.5924,28.469],[81.5874,28.469],[81.5831,28.4739],[81.5745,28.4785],[81.5726,28.4834],[81.5679,28.4856],[81.5634,28.4903],[81.5593,28.4922],[81.5573,28.495],[81.553,28.4934],[81.5438,28.4952],[81.5388,28.4947],[81.5394,28.5001],[81.5361,28.5041],[81.5302,28.5094],[81.5162,28.5136],[81.5117,28.5202],[81.5122,28.5243],[81.5083,28.5257],[81.5061,28.5283],[81.5029,28.5293],[81.4974,28.5336],[81.4912,28.5324],[81.4861,28.5392],[81.4761,28.5398],[81.4742,28.542],[81.4723,28.5486],[81.4691,28.5485],[81.4655,28.5538],[81.4597,28.5543],[81.4532,28.5523],[81.4456,28.5541],[81.4423,28.5581],[81.438,28.5596],[81.4334,28.5636],[81.4329,28.572],[81.4307,28.5774],[81.4245,28.5777],[81.4218,28.5814],[81.4246,28.5878],[81.4214,28.5893],[81.4193,28.5938],[81.4168,28.5956],[81.4099,28.5956],[81.4015,28.6021],[81.4003,28.6037],[81.401,28.6069],[81.3794,28.6123],[81.3739,28.6167],[81.3705,28.6177],[81.3646,28.6235],[81.3455,28.6247],[81.3407,28.6273],[81.3399,28.6289],[81.3301,28.6312],[81.3233,28.6355],[81.3164,28.6368],[81.3152,28.6394],[81.3159,28.6414],[81.3143,28.6445],[81.3109,28.6472],[81.3102,28.6511],[81.312,28.6528],[81.3163,28.6524],[81.317,28.6562],[81.3218,28.6635],[81.3199,28.6687],[81.316,28.6706],[81.3091,28.6715],[81.3074,28.673],[81.3039,28.6724],[81.3038,28.671],[81.3021,28.6706],[81.3019,28.6731],[81.3003,28.6739],[81.2946,28.6733],[81.2905,28.6748],[81.2853,28.6733],[81.2874,28.6635],[81.2877,28.6486],[81.282,28.6394],[81.2707,28.6296],[81.2688,28.6179],[81.2596,28.6121],[81.2489,28.5945],[81.2325,28.5776],[81.2209,28.5683],[81.1997,28.5545],[81.1681,28.5242],[81.1677,28.5207],[81.1628,28.5134],[81.1602,28.5015],[81.1532,28.502],[81.1473,28.4982],[81.1455,28.4963],[81.1481,28.497],[81.1474,28.496],[81.138,28.4909],[81.13,28.4822],[81.1208,28.4752],[81.1148,28.4726],[81.112,28.4691],[81.1109,28.4636],[81.109,28.4615],[81.0989,28.4594],[81.0946,28.4598],[81.0906,28.457],[81.0859,28.4384],[81.0769,28.4335],[81.0686,28.4259],[81.0646,28.4209],[81.0596,28.41],[81.0594,28.4075],[81.0671,28.3996],[81.0674,28.3945],[81.0799,28.385],[81.0894,28.3822],[81.2035,28.3621],[81.2107,28.3606],[81.2135,28.3583],[81.2196,28.3449],[81.2346,28.3247],[81.2328,28.289],[81.2861,28.2286],[81.292,28.2229],[81.2997,28.2199],[81.3206,28.1973],[81.3184,28.1824],[81.3248,28.1751],[81.3213,28.1689],[81.3143,28.1677],[81.3045,28.1686],[81.3023,28.1679],[81.3019,28.1661],[81.3032,28.1631],[81.3098,28.1608],[81.3107,28.1556],[81.3202,28.1603],[81.328,28.1483],[81.3184,28.1453],[81.3155,28.137],[81.3181,28.1336],[81.3208,28.1339],[81.3345,28.1403],[81.3422,28.1396],[81.3714,28.1425],[81.3768,28.1498],[81.3784,28.1556],[81.3772,28.1588],[81.3685,28.1611],[81.367,28.1654],[81.3698,28.1706],[81.3741,28.1732],[81.3735,28.1756],[81.3748,28.177],[81.39,28.1738],[81.4149,28.1743],[81.4258,28.171],[81.4465,28.161],[81.4472,28.1585],[81.446,28.156],[81.4502,28.1507],[81.45,28.1409],[81.4677,28.1273],[81.4727,28.1257],[81.4841,28.1183],[81.4798,28.1102],[81.4785,28.0826],[81.505,28.0689],[81.5065,28.071],[81.5028,28.0732],[81.504,28.0759],[81.5052,28.0763],[81.5104,28.0738],[81.5143,28.0745],[81.5185,28.0766],[81.521,28.083],[81.5245,28.0833],[81.5248,28.0843],[81.5238,28.0862],[81.515,28.0907],[81.5106,28.091],[81.5118,28.0963],[81.5071,28.0984],[81.5035,28.1044],[81.5041,28.1057],[81.5088,28.1048],[81.5111,28.1077],[81.5067,28.1142],[81.5012,28.1176],[81.5014,28.1196],[81.5059,28.1225],[81.4987,28.1267],[81.5002,28.1283],[81.5036,28.1271],[81.5045,28.1281],[81.5045,28.1333],[81.5008,28.1378],[81.4988,28.145],[81.5002,28.1471],[81.5045,28.1489],[81.5063,28.1523],[81.5121,28.1487],[81.515,28.1561],[81.5206,28.1561],[81.5224,28.1573],[81.5221,28.1611],[81.5177,28.1604],[81.517,28.1617],[81.5227,28.1682],[81.521,28.1705],[81.5187,28.1706],[81.5188,28.1718],[81.5239,28.1739],[81.5185,28.1756],[81.5183,28.179],[81.527,28.1804],[81.5292,28.1827],[81.5306,28.187],[81.5301,28.1896],[81.5277,28.192],[81.5283,28.1952],[81.5311,28.1973],[81.5369,28.1988],[81.5407,28.2037],[81.5499,28.2035],[81.5616,28.2073],[81.5622,28.2178],[81.5631,28.2173],[81.5625,28.2146],[81.564,28.2136],[81.5666,28.2139],[81.5723,28.2177],[81.5786,28.2237],[81.5756,28.2283],[81.5782,28.2296],[81.5829,28.228],[81.5828,28.2338],[81.5895,28.2403],[81.5906,28.2402],[81.5889,28.2368],[81.59,28.2351],[81.5928,28.2361],[81.5942,28.2383],[81.5968,28.2345],[81.6013,28.2363],[81.6065,28.236],[81.6105,28.2398],[81.611,28.246],[81.6126,28.2488],[81.6141,28.2497],[81.6208,28.2491],[81.6232,28.2549],[81.6305,28.2589],[81.6326,28.2587],[81.6355,28.261],[81.6408,28.2625],[81.6432,28.267],[81.6472,28.2663],[81.6477,28.2681],[81.6443,28.2745],[81.6466,28.2772],[81.6407,28.2797],[81.6461,28.2826],[81.6468,28.2855],[81.6497,28.2882],[81.6499,28.2912],[81.6534,28.2938],[81.6621,28.2874],[81.6687,28.3046],[81.6723,28.3104],[81.6725,28.3143],[81.6768,28.3224],[81.6802,28.3244],[81.6808,28.3207],[81.6782,28.317],[81.6785,28.3138],[81.6812,28.3156],[81.6845,28.3244],[81.6896,28.3258],[81.6914,28.3275],[81.6881,28.3259],[81.6846,28.326],[81.6849,28.3324],[81.682,28.3313],[81.6804,28.334],[81.676,28.3328],[81.6736,28.3377],[81.6757,28.3361],[81.6862,28.3379],[81.6972,28.3344],[81.7021,28.3345],[81.7059,28.3305],[81.7088,28.3295],[81.7111,28.3245],[81.7146,28.3235],[81.7177,28.3197],[81.7194,28.319],[81.7219,28.3197],[81.7252,28.3161],[81.733,28.316],[81.7451,28.3133],[81.7435,28.3191],[81.7466,28.3268],[81.7517,28.3322],[81.7517,28.3437],[81.7549,28.3501],[81.7588,28.3543],[81.7602,28.3593],[81.7654,28.3654],[81.7667,28.3702]]]},"properties":{"DIST_EN":"Bardiya","DIST_PCODE":"NP0558"}},
{"type":"Feature","geometry":{"type":"Polygon","coordinates":[[[85.5251,27.7256],[85.52,27.7287],[85.5122,27.7279],[85.5033,27.724],[85.4977,27.7239],[85.4966,27.7224],[85.4877,27.72],[85.4867,27.7189],[85.48,27.7189],[85.4763,27.7175],[85.475,27.7158],[85.4695,27.7178],[85.4687,27.7206],[85.4647,27.7206],[85.4632,27.7188],[85.4591,27.7208],[85.4564,27.7199],[85.4459,27.7255],[85.4435,27.7246],[85.4404,27.7264],[85.4389,27.726],[85.4393,27.728],[85.4275,27.7255],[85.4269,27.7238],[85.4215,27.7239],[85.4203,27.7201],[85.4148,27.72],[85.4157,27.7188],[85.415,27.7165],[85.4102,27.7172],[85.4123,27.7135],[85.4117,27.7118],[85.4071,27.7111],[85.4035,27.7085],[85.4023,27.7057],[85.3967,27.7037],[85.3956,27.701],[85.3926,27.703],[85.3886,27.702],[85.3897,27.6974],[85.3851,27.6965],[85.3849,27.6927],[85.3813,27.6944],[85.3787,27.6931],[85.3755,27.6946],[85.3758,27.691],[85.3716,27.6925],[85.3709,27.6896],[85.3677,27.6886],[85.3613,27.6825],[85.3595,27.6816],[85.3573,27.6828],[85.3549,27.6785],[85.356,27.676],[85.352,27.668],[85.361,27.6691],[85.3636,27.665],[85.3609,27.6613],[85.3631,27.6628],[85.3651,27.6603],[85.3671,27.6597],[85.3693,27.6609],[85.3698,27.6545],[85.3727,27.6538],[85.3744,27.6516],[85.3845,27.6491],[85.3873,27.6438],[85.3896,27.645],[85.3931,27.6359],[85.3964,27.633],[85.4042,27.6326],[85.4058,27.6299],[85.4119,27.6259],[85.4146,27.6226],[85.4182,27.6201],[85.4205,27.6202],[85.426,27.6217],[85.4281,27.6247],[85.4362,27.6233],[85.4398,27.6285],[85.4478,27.6301],[85.454,27.6371],[85.4594,27.6291],[85.4604,27.6254],[85.4633,27.6255],[85.4699,27.6343],[85.4729,27.6358],[85.4776,27.6419],[85.4772,27.6451],[85.4786,27.6454],[85.4794,27.6432],[85.4814,27.6424],[85.4856,27.6476],[85.4934,27.6524],[85.4917,27.6581],[85.4949,27.6632],[85.4947,27.6657],[85.4974,27.6704],[85.4973,27.6737],[85.5009,27.6786],[85.5032,27.6895],[85.5064,27.6929],[85.5131,27.6919],[85.5199,27.6929],[85.5213,27.6943],[85.5205,27.6986],[85.5222,27.7033],[85.5201,27.7104],[85.5212,27.7148],[85.5195,27.7185],[85.5251,27.7256]]]},"properties":{"DIST_EN":"Bhaktapur","DIST_PCODE":"NP0326"}},
{"type":"Feature","geometry":{"type":"Polygon","coordinates":[[[87.2632,27.1774],[87.2595,27.178],[87.2578,27.181],[87.2582,27.184],[87.252,27.1895],[87.247,27.1916],[87.2466,27.1985],[87.2439,27.2018],[87.2429,27.206],[87.238,27.2118],[87.2376,27.2172],[87.23,27.2223],[87.2274,27.2289],[87.2161,27.2335],[87.2133,27.2364],[87.2111,27.2437],[87.2052,27.2445],[87.2024,27.247],[87.2023,27.2496],[87.2056,27.2523],[87.2043,27.2603],[87.1988,27.2614],[87.1973,27.265],[87.2002,27.2673],[87.2066,27.2651],[87.2095,27.2665],[87.2098,27.2679],[87.2046,27.2732],[87.2068,27.2814],[87.2018,27.2878],[87.1997,27.2945],[87.2014,27.3019],[87.1988,27.3051],[87.1915,27.3087],[87.1893,27.3119],[87.1821,27.3161],[87.1847,27.3214],[87.1912,27.327],[87.1914,27.3297],[87.1851,27.3342],[87.1845,27.3365],[87.192,27.3467],[87.1922,27.3524],[87.1854,27.3576],[87.1805,27.3633],[87.1761,27.3656],[87.1738,27.3711],[87.1686,27.3759],[87.1547,27.3813],[87.1499,27.3879],[87.142,27.394],[87.1316,27.3946],[87.1284,27.4006],[87.1251,27.4022],[87.1302,27.4093],[87.1258,27.4174],[87.1267,27.4232],[87.1239,27.4268],[87.1275,27.4347],[87.1335,27.4364],[87.1402,27.4471],[87.1382,27.4526],[87.1338,27.4533],[87.1257,27.4575],[87.1225,27.4558],[87.1206,27.4573],[87.1105,27.4589],[87.1087,27.4637],[87.1064,27.4622],[87.1034,27.4621],[87.0943,27.4555],[87.0887,27.4561],[87.0857,27.458],[87.0782,27.4574],[87.0726,27.4601],[87.0608,27.4483],[87.0576,27.4442],[87.0569,27.441],[87.0475,27.4445],[87.0448,27.4473],[87.0421,27.4479],[87.0373,27.4471],[87.0312,27.4427],[87.0223,27.4404],[87.0163,27.437],[87.0101,27.4361],[87.0045,27.4385],[87.0016,27.4377],[86.9968,27.4392],[86.9931,27.4384],[86.9804,27.4419],[86.9751,27.447],[86.9632,27.4503],[86.9548,27.4583],[86.9453,27.4579],[86.9402,27.4592],[86.9402,27.4506],[86.9387,27.4506],[86.9331,27.4432],[86.9308,27.4416],[86.9238,27.4403],[86.9159,27.4403],[86.906,27.4335],[86.9104,27.4076],[86.92,27.3899],[86.9258,27.3868],[86.9285,27.3876],[86.9307,27.3847],[86.9259,27.3724],[86.9238,27.3706],[86.9299,27.3635],[86.9316,27.3573],[86.9338,27.3541],[86.9429,27.3542],[86.9467,27.3519],[86.9512,27.3433],[86.9505,27.3394],[86.9481,27.3378],[86.9487,27.3363],[86.9571,27.3301],[86.9605,27.3251],[86.9658,27.3223],[86.9684,27.318],[86.9853,27.3083],[86.9698,27.3],[86.9657,27.2957],[86.9655,27.2846],[86.9632,27.2836],[86.9584,27.2764],[86.9513,27.2724],[86.9482,27.2662],[86.941,27.2656],[86.9293,27.2683],[86.9239,27.2685],[86.9176,27.2683],[86.9123,27.2668],[86.9094,27.2631],[86.8999,27.2565],[86.8979,27.2519],[86.8951,27.2498],[86.8994,27.2503],[86.9007,27.2495],[86.9046,27.2454],[86.907,27.2387],[86.9132,27.2318],[86.9191,27.2284],[86.9245,27.2272],[86.9283,27.2232],[86.9271,27.2175],[86.9282,27.2175],[86.9297,27.2032],[86.9281,27.1978],[86.9239,27.1947],[86.9165,27.1847],[86.9166,27.1769],[86.9129,27.1701],[86.9189,27.1652],[86.9228,27.1566],[86.9196,27.1473],[86.9206,27.1408],[86.9167,27.1322],[86.9172,27.129],[86.9146,27.1274],[86.9113,27.1278],[86.9067,27.1264],[86.9017,27.1226],[86.8971,27.116],[86.8948,27.115],[86.8992,27.1122],[86.9032,27.1047],[86.9139,27.0999],[86.9234,27.0918],[86.9286,27.0914],[86.9462,27.0859],[86.9497,27.0774],[86.9572,27.072],[86.9646,27.0581],[86.9621,27.0505],[86.9561,27.05],[86.954,27.0482],[86.9522,27.0395],[86.9498,27.0349],[86.9508,27.0333],[86.9502,27.0298],[86.9477,27.0279],[86.9447,27.0204],[86.9495,27.0194],[86.9559,27.0132],[86.963,27.0109],[86.9671,27.0075],[86.9663,27.0046],[86.9684,27.0012],[86.9662,26.9969],[86.966,26.992],[86.9639,26.9892],[86.959,26.9877],[86.9571,26.9854],[86.9585,26.9811],[86.9604,26.9821],[86.9634,26.9807],[86.9675,26.9813],[86.9724,26.974],[86.9715,26.9682],[86.9726,26.9657],[86.9713,26.9625],[86.973,26.9573],[86.9711,26.9507],[86.9666,26.9473],[86.9647,26.9415],[86.9659,26.9355],[86.9651,26.9327],[86.9662,26.9317],[86.9648,26.9307],[86.9651,26.9278],[86.9639,26.9264],[86.9615,26.9278],[86.9614,26.9244],[86.9582,26.9246],[86.9561,26.9232],[86.9556,26.9211],[86.9571,26.9178],[86.9498,26.9081],[86.9516,26.9046],[86.9567,26.9045],[86.9689,26.9009],[86.9722,26.9019],[86.9757,26.906],[86.9776,26.9065],[86.9792,26.9043],[86.9782,26.8989],[86.9804,26.8959],[86.9917,26.8933],[86.9932,26.8905],[86.9982,26.8895],[86.9994,26.8874],[87.0021,26.8864],[87.0035,26.887],[87.0054,26.8919],[87.0141,26.8922],[87.0213,26.8967],[87.0258,26.8981],[87.0324,26.9037],[87.0391,26.9014],[87.0416,26.9073],[87.0506,26.9025],[87.0562,26.906],[87.0581,26.9096],[87.0617,26.911],[87.0635,26.9107],[87.0639,26.9081],[87.0658,26.9074],[87.0763,26.9086],[87.0828,26.9123],[87.0861,26.9104],[87.0925,26.9099],[87.0939,26.9106],[87.0924,26.9147],[87.0933,26.9165],[87.1087,26.9176],[87.1117,26.9189],[87.1156,26.9231],[87.1271,26.9245],[87.1355,26.9274],[87.1423,26.9276],[87.1491,26.9256],[87.1561,26.9157],[87.1537,26.9257],[87.1575,26.9282],[87.1583,26.9299],[87.1556,26.9329],[87.1504,26.933],[87.1483,26.9378],[87.1498,26.9396],[87.1551,26.9406],[87.1613,26.9461],[87.1609,26.9494],[87.1574,26.9553],[87.1631,26.9582],[87.164,26.9599],[87.1602,26.9669],[87.1694,26.972],[87.1708,26.9795],[87.1733,26.9833],[87.1782,26.9832],[87.1799,26.9891],[87.1888,26.9923],[87.1964,26.9987],[87.1985,27.0081],[87.1943,27.0224],[87.192,27.0248],[87.1898,27.0321],[87.1869,27.034],[87.1865,27.0373],[87.1788,27.0523],[87.1792,27.0577],[87.1826,27.0639],[87.1832,27.0745],[87.1912,27.0779],[87.1902,27.0838],[87.1918,27.0857],[87.1967,27.0881],[87.2023,27.0879],[87.2081,27.0969],[87.214,27.1002],[87.2176,27.1071],[87.2278,27.1085],[87.2329,27.1112],[87.2381,27.1172],[87.2451,27.1182],[87.2465,27.122],[87.2446,27.1264],[87.2489,27.1295],[87.2529,27.1292],[87.2573,27.1307],[87.2711,27.1431],[87.2721,27.1453],[87.27,27.1504],[87.2747,27.155],[87.2756,27.158],[87.2725,27.1746],[87.2706,27.1768],[87.2632,27.1774]]]},"properties":{"DIST_EN":"Bhojpur","DIST_PCODE":"NP0110"}},
{"type":"Feature","geometry":{"type":"Polygon","coordinates":[[[84.6657,27.8253],[84.661,27.8292],[84.664,27.8406],[84.6604,27.8495],[84.6558,27.8522],[84.6473,27.8534],[84.6469,27.8551],[84.6499,27.8586],[84.649,27.8597],[84.6456,27.8607],[84.6407,27.8597],[84.6355,27.8604],[84.6339,27.8625],[84.6339,27.8688],[84.628,27.8716],[84.6267,27.8736],[84.6272,27.8778],[84.6244,27.8799],[84.6187,27.8803],[84.6147,27.8768],[84.6138,27.8731],[84.6081,27.8716],[84.605,27.8722],[84.6034,27.8755],[84.596,27.8763],[84.59,27.8797],[84.578,27.8724],[84.5769,27.8706],[84.5773,27.8648],[84.5734,27.8614],[84.5674,27.8589],[84.5588,27.858],[84.5569,27.8528],[84.5581,27.8451],[84.5552,27.8358],[84.5461,27.8318],[84.5392,27.8337],[84.5274,27.8337],[84.522,27.8323],[84.5203,27.8298],[84.5204,27.8214],[84.5171,27.8162],[84.5114,27.8155],[84.503,27.8197],[84.4972,27.8209],[84.4928,27.8194],[84.4743,27.8236],[84.4662,27.8244],[84.4662,27.8199],[84.4649,27.8189],[84.4546,27.8203],[84.4458,27.8232],[84.4428,27.8208],[84.4402,27.8166],[84.4334,27.8141],[84.4322,27.8124],[84.4299,27.7929],[84.4313,27.7869],[84.4393,27.7785],[84.4491,27.7784],[84.4606,27.7737],[84.4674,27.7672],[84.4706,27.7609],[84.472,27.7541],[84.4707,27.7522],[84.4679,27.752],[84.4648,27.7532],[84.4577,27.7594],[84.4506,27.7594],[84.4371,27.7428],[84.4331,27.7412],[84.4269,27.7425],[84.422,27.7413],[84.4313,27.7105],[84.4307,27.7059],[84.4281,27.7039],[84.4082,27.6965],[84.3805,27.6816],[84.3781,27.6813],[84.3729,27.6829],[84.3652,27.6886],[84.3626,27.6956],[84.3601,27.6983],[84.3503,27.7029],[84.3437,27.7023],[84.3254,27.694],[84.323,27.6866],[84.314,27.6803],[84.2924,27.6684],[84.271,27.663],[84.2623,27.6566],[84.2579,27.6511],[84.255,27.6514],[84.2503,27.6542],[84.2411,27.6519],[84.2289,27.6454],[84.2182,27.6436],[84.2067,27.6388],[84.197,27.6313],[84.1764,27.6191],[84.1643,27.607],[84.1511,27.5985],[84.1417,27.5889],[84.1353,27.5846],[84.1278,27.5748],[84.1256,27.5661],[84.1198,27.5601],[84.1194,27.5564],[84.1147,27.5533],[84.1073,27.5518],[84.1007,27.5539],[84.0903,27.5547],[84.0835,27.5577],[84.0747,27.5596],[84.0709,27.5574],[84.0676,27.5522],[84.0644,27.5514],[84.0566,27.5555],[84.0506,27.5565],[84.044,27.5523],[84.0389,27.5406],[84.0359,27.5385],[84.0312,27.5373],[84.0183,27.5385],[84.0056,27.5448],[83.9989,27.5456],[83.9932,27.5436],[83.9854,27.544],[83.9746,27.5496],[83.9704,27.5506],[83.9578,27.5485],[83.9544,27.5431],[83.9485,27.5402],[83.941,27.5416],[83.9318,27.5455],[83.9236,27.5441],[83.9198,27.5407],[83.9188,27.5316],[83.9199,27.5267],[83.9223,27.5244],[83.9217,27.5186],[83.9256,27.5148],[83.9312,27.5131],[83.9419,27.5158],[83.9463,27.5185],[83.9509,27.5265],[83.953,27.5276],[83.9565,27.5271],[83.9649,27.5233],[83.9695,27.5154],[83.9681,27.5083],[83.9635,27.5039],[83.9578,27.5004],[83.9411,27.4939],[83.9388,27.4916],[83.9385,27.4884],[83.9437,27.4736],[83.9446,27.4658],[83.9394,27.4552],[83.9354,27.451],[83.9312,27.4496],[83.9422,27.4478],[83.9442,27.446],[83.9432,27.4436],[83.946,27.4412],[83.9626,27.444],[83.9661,27.4467],[83.9727,27.4421],[83.9778,27.4425],[83.9776,27.4394],[83.984,27.4439],[83.9916,27.4442],[83.9962,27.4462],[83.9974,27.4455],[83.9981,27.4407],[83.9988,27.4422],[84.0017,27.4404],[84.0024,27.4422],[84.0038,27.4414],[84.0053,27.4423],[84.0053,27.4398],[84.0076,27.4406],[84.0093,27.4377],[84.0119,27.4389],[84.0158,27.4348],[84.0186,27.4361],[84.0227,27.4331],[84.0272,27.4337],[84.0259,27.4385],[84.0278,27.4398],[84.031,27.4391],[84.0317,27.4417],[84.0356,27.4409],[84.0389,27.4428],[84.0433,27.4424],[84.0437,27.4434],[84.0521,27.4428],[84.0547,27.4495],[84.0618,27.456],[84.0585,27.4613],[84.0608,27.462],[84.0621,27.467],[84.0667,27.4697],[84.0691,27.4794],[84.0708,27.4818],[84.0728,27.4806],[84.0782,27.4841],[84.084,27.4833],[84.0909,27.4862],[84.0914,27.4889],[84.0955,27.4897],[84.0987,27.5026],[84.0972,27.5051],[84.0987,27.5057],[84.0998,27.5105],[84.0979,27.5173],[84.1087,27.5218],[84.1109,27.5195],[84.1167,27.5193],[84.1175,27.5137],[84.1242,27.5111],[84.1298,27.512],[84.1383,27.5177],[84.1437,27.5172],[84.1458,27.5189],[84.1473,27.5173],[84.1511,27.5165],[84.1499,27.5126],[84.1513,27.5102],[84.1493,27.5094],[84.1494,27.5044],[84.1484,27.5031],[84.15,27.501],[84.1444,27.497],[84.1462,27.4956],[84.1454,27.4929],[84.1488,27.4891],[84.1489,27.486],[84.1519,27.4861],[84.1537,27.4841],[84.1636,27.4839],[84.1672,27.4819],[84.1675,27.4797],[84.1711,27.4792],[84.1716,27.4758],[84.1761,27.4739],[84.1799,27.4748],[84.1841,27.4725],[84.1887,27.4722],[84.1911,27.4693],[84.1945,27.4733],[84.1959,27.472],[84.1996,27.4722],[84.2058,27.4697],[84.2089,27.4654],[84.2039,27.4596],[84.2078,27.4563],[84.2083,27.453],[84.2066,27.4467],[84.2086,27.4427],[84.2196,27.4405],[84.221,27.4428],[84.2209,27.4477],[84.2241,27.4504],[84.227,27.4511],[84.2317,27.4564],[84.2392,27.4526],[84.2441,27.4547],[84.2461,27.4531],[84.2507,27.4535],[84.2543,27.4521],[84.2548,27.4494],[84.2595,27.4459],[84.2587,27.4388],[84.2619,27.4356],[84.266,27.4345],[84.268,27.4317],[84.2726,27.4289],[84.2736,27.4214],[84.2782,27.4157],[84.2776,27.4098],[84.2792,27.4067],[84.2756,27.4011],[84.2764,27.3957],[84.2825,27.3966],[84.2853,27.3916],[84.2919,27.385],[84.2949,27.3845],[84.2977,27.3889],[84.3006,27.3905],[84.3047,27.3879],[84.3138,27.3853],[84.3175,27.3822],[84.3286,27.3803],[84.3326,27.3775],[84.3384,27.3778],[84.3481,27.3742],[84.3613,27.3739],[84.3717,27.3753],[84.3729,27.3767],[84.3876,27.3724],[84.3918,27.3682],[84.3971,27.3704],[84.3988,27.3695],[84.4061,27.3704],[84.4104,27.3686],[84.414,27.3708],[84.4204,27.3699],[84.4243,27.372],[84.4353,27.3696],[84.4412,27.3703],[84.4439,27.3687],[84.4447,27.3652],[84.4465,27.3638],[84.4578,27.3622],[84.4619,27.3594],[84.4648,27.3598],[84.4661,27.3568],[84.4696,27.3552],[84.4726,27.356],[84.473,27.3585],[84.476,27.3625],[84.4859,27.3586],[84.4839,27.3661],[84.4875,27.3694],[84.4878,27.3714],[84.4926,27.3729],[84.4953,27.3767],[84.5017,27.3766],[84.5026,27.38],[84.5041,27.3812],[84.51,27.3808],[84.5117,27.3826],[84.5199,27.3841],[84.5305,27.3811],[84.5325,27.384],[84.5397,27.3859],[84.5355,27.3925],[84.5347,27.4018],[84.5375,27.4038],[84.5459,27.4038],[84.5469,27.4047],[84.5462,27.4082],[84.545,27.41],[84.5344,27.4124],[84.5325,27.4144],[84.5367,27.4154],[84.5388,27.4184],[84.5417,27.4195],[84.5434,27.418],[84.5484,27.418],[84.5478,27.4268],[84.5508,27.4327],[84.5513,27.4372],[84.556,27.4418],[84.5575,27.449],[84.5566,27.4512],[84.5583,27.4552],[84.5578,27.4589],[84.5617,27.463],[84.5653,27.4632],[84.5678,27.4605],[84.5731,27.4589],[84.5735,27.4563],[84.5759,27.454],[84.5819,27.4544],[84.5824,27.4565],[84.5848,27.4565],[84.5911,27.4533],[84.5974,27.4545],[84.6013,27.4511],[84.6068,27.4543],[84.61,27.4521],[84.6204,27.4512],[84.6218,27.452],[84.6229,27.4498],[84.6283,27.4509],[84.6349,27.4445],[84.6397,27.4445],[84.643,27.4429],[84.6435,27.4366],[84.6454,27.4344],[84.6468,27.4293],[84.6507,27.4298],[84.6564,27.4327],[84.6586,27.4321],[84.6617,27.433],[84.6628,27.4297],[84.6648,27.4295],[84.6678,27.4447],[84.6748,27.4464],[84.6783,27.4486],[84.681,27.4486],[84.6813,27.4508],[84.6828,27.4506],[84.686,27.4538],[84.6854,27.457],[84.689,27.4576],[84.692,27.4595],[84.6909,27.4623],[84.6869,27.4618],[84.6861,27.4628],[84.6931,27.4689],[84.6909,27.4729],[84.6968,27.4754],[84.6945,27.4778],[84.6957,27.4804],[84.6924,27.4859],[84.6933,27.4912],[84.6912,27.4965],[84.6818,27.5091],[84.6807,27.5133],[84.6811,27.5183],[84.6789,27.5255],[84.682,27.5333],[84.6814,27.537],[84.6833,27.5445],[84.68,27.5516],[84.6816,27.5543],[84.6844,27.5555],[84.6879,27.5625],[84.6905,27.5641],[84.6949,27.5631],[84.6967,27.5611],[84.7032,27.5585],[84.7098,27.562],[84.7223,27.5755],[84.731,27.5821],[84.7341,27.5912],[84.7331,27.5964],[84.7354,27.5978],[84.7383,27.6036],[84.7362,27.6048],[84.7355,27.6112],[84.7339,27.6124],[84.7349,27.6162],[84.7316,27.6171],[84.7317,27.6242],[84.7279,27.6262],[84.7229,27.6265],[84.7231,27.631],[84.7187,27.6343],[84.7174,27.6375],[84.7179,27.6397],[84.7225,27.6468],[84.73,27.6464],[84.7274,27.6499],[84.7312,27.6533],[84.7316,27.6559],[84.7357,27.657],[84.7459,27.6557],[84.7462,27.6531],[84.7428,27.6502],[84.744,27.6473],[84.7475,27.6494],[84.7524,27.6498],[84.7539,27.6545],[84.7596,27.6539],[84.7675,27.6568],[84.7705,27.662],[84.77,27.6681],[84.7753,27.6684],[84.7799,27.6717],[84.7834,27.6802],[84.7922,27.687],[84.7861,27.692],[84.7908,27.6951],[84.7961,27.7061],[84.7965,27.7092],[84.791,27.7121],[84.7874,27.7162],[84.7701,27.7227],[84.7585,27.733],[84.7575,27.7357],[84.7375,27.7328],[84.7286,27.7273],[84.7236,27.7297],[84.7178,27.7282],[84.7152,27.7262],[84.7085,27.728],[84.7001,27.7274],[84.6959,27.725],[84.6927,27.7213],[84.6892,27.7253],[84.6837,27.7262],[84.6805,27.7305],[84.6746,27.7307],[84.6702,27.738],[84.6745,27.7429],[84.6756,27.7473],[84.6792,27.7503],[84.6815,27.7583],[84.6795,27.7613],[84.6686,27.7659],[84.6748,27.7786],[84.6725,27.7804],[84.665,27.7813],[84.6572,27.7811],[84.6497,27.7795],[84.6476,27.7842],[84.6379,27.783],[84.6388,27.7873],[84.6372,27.7945],[84.6403,27.7935],[84.6447,27.7939],[84.6456,27.8001],[84.6351,27.8071],[84.6272,27.8074],[84.6239,27.8095],[84.6183,27.8093],[84.6237,27.8169],[84.6409,27.8224],[84.6508,27.8222],[84.6545,27.8238],[84.6616,27.8227],[84.6657,27.8253]]]},"properties":{"DIST_EN":"Chitawan","DIST_PCODE":"NP0335"}},
{"type":"Feature","geometry":{"type":"Polygon","coordinates":[[[80.7858,29.3664],[80.785,29.3729],[80.7834,29.3751],[80.7806,29.376],[80.7786,29.3795],[80.7683,29.3826],[80.7624,29.3858],[80.7627,29.3923],[80.7654,29.3946],[80.7677,29.3997],[80.7482,29.4003],[80.7324,29.4045],[80.721,29.4099],[80.7186,29.4187],[80.7121,29.4144],[80.7069,29.4146],[80.7026,29.4196],[80.6954,29.4195],[80.692,29.422],[80.6821,29.4251],[80.6774,29.4237],[80.6739,29.4206],[80.6688,29.4186],[80.673,29.4144],[80.6758,29.4135],[80.6778,29.4106],[80.6786,29.4014],[80.6765,29.3991],[80.6729,29.3996],[80.6664,29.3972],[80.6621,29.3925],[80.6579,29.3923],[80.654,29.385],[80.6506,29.3826],[80.6451,29.3864],[80.6382,29.387],[80.6355,29.3856],[80.6309,29.3878],[80.6265,29.3883],[80.6231,29.39],[80.6225,29.3932],[80.6163,29.3965],[80.6114,29.3956],[80.598,29.3972],[80.5919,29.3961],[80.5819,29.3964],[80.5764,29.4119],[80.5718,29.4144],[80.5655,29.4158],[80.5611,29.4151],[80.5522,29.4186],[80.5503,29.4182],[80.5479,29.4119],[80.548,29.3987],[80.5429,29.3986],[80.5379,29.3937],[80.5321,29.392],[80.5166,29.3923],[80.5105,29.3946],[80.5079,29.3942],[80.5026,29.3989],[80.4899,29.3944],[80.4825,29.3869],[80.4799,29.3857],[80.4695,29.3914],[80.4674,29.3909],[80.4642,29.3922],[80.4579,29.3961],[80.4556,29.3938],[80.4521,29.3924],[80.4476,29.3944],[80.445,29.3923],[80.4452,29.3886],[80.4423,29.3889],[80.4412,29.3862],[80.4402,29.3864],[80.438,29.3933],[80.4363,29.3941],[80.4312,29.3925],[80.4296,29.3876],[80.4251,29.3846],[80.4242,29.3792],[80.422,29.3781],[80.4199,29.379],[80.4178,29.3756],[80.4185,29.3741],[80.4156,29.3735],[80.4159,29.3711],[80.4194,29.3685],[80.4173,29.3669],[80.4179,29.3616],[80.4145,29.356],[80.4123,29.3593],[80.4103,29.3598],[80.406,29.3567],[80.4026,29.356],[80.4015,29.3575],[80.4036,29.3592],[80.402,29.3607],[80.4002,29.3602],[80.3991,29.3578],[80.393,29.3584],[80.3864,29.3559],[80.3848,29.3541],[80.387,29.3514],[80.3859,29.349],[80.384,29.3496],[80.3822,29.3538],[80.3802,29.3542],[80.3777,29.349],[80.3739,29.3505],[80.3735,29.3481],[80.372,29.3474],[80.3681,29.35],[80.3658,29.3405],[80.3721,29.338],[80.3698,29.3355],[80.3671,29.335],[80.3666,29.3327],[80.3644,29.3336],[80.3627,29.3327],[80.3627,29.3271],[80.3546,29.331],[80.3547,29.3339],[80.3536,29.3343],[80.3509,29.3324],[80.3507,29.3279],[80.3438,29.3271],[80.3425,29.3239],[80.3333,29.3191],[80.3356,29.3149],[80.3342,29.3123],[80.3254,29.3085],[80.3171,29.3134],[80.316,29.3082],[80.3186,29.3039],[80.318,29.3017],[80.3115,29.2916],[80.3062,29.289],[80.3044,29.2853],[80.3041,29.2729],[80.3017,29.2646],[80.2997,29.2628],[80.2993,29.2606],[80.3003,29.255],[80.2986,29.2497],[80.3004,29.2421],[80.2908,29.2319],[80.291,29.2298],[80.2961,29.2214],[80.2941,29.2112],[80.2975,29.206],[80.2937,29.1977],[80.2904,29.1954],[80.2873,29.1952],[80.2751,29.2071],[80.2609,29.2067],[80.2579,29.2107],[80.2571,29.2179],[80.2528,29.2215],[80.2492,29.2214],[80.2473,29.22],[80.2472,29.2153],[80.2446,29.2125],[80.2409,29.2034],[80.242,29.2004],[80.2502,29.1957],[80.258,29.1874],[80.2607,29.1747],[80.2585,29.1705],[80.2584,29.1658],[80.2657,29.1535],[80.2719,29.1467],[80.2726,29.1432],[80.2692,29.1406],[80.2593,29.14],[80.2542,29.138],[80.2489,29.129],[80.2464,29.1271],[80.2444,29.1271],[80.2378,29.1209],[80.2334,29.1185],[80.2098,29.1219],[80.2059,29.1251],[80.2035,29.1294],[80.1944,29.1317],[80.1845,29.1373],[80.1865,29.1308],[80.1871,29.1154],[80.1885,29.1125],[80.1853,29.1078],[80.186,29.0872],[80.1915,29.0859],[80.1936,29.0826],[80.1962,29.0817],[80.1976,29.0787],[80.2045,29.0747],[80.2042,29.072],[80.2111,29.0675],[80.2117,29.0573],[80.2178,29.0562],[80.222,29.0569],[80.2233,29.056],[80.2243,29.0541],[80.2223,29.053],[80.2225,29.0511],[80.2277,29.0456],[80.2312,29.0457],[80.2418,29.05],[80.2551,29.053],[80.2614,29.0511],[80.265,29.0522],[80.2714,29.0482],[80.2726,29.0459],[80.2778,29.0499],[80.2822,29.0486],[80.2832,29.0528],[80.2864,29.0547],[80.29,29.0547],[80.2936,29.057],[80.3009,29.0586],[80.3037,29.0575],[80.3079,29.0581],[80.3108,29.0563],[80.3127,29.0583],[80.315,29.0549],[80.3202,29.0539],[80.325,29.0514],[80.329,29.0534],[80.3358,29.0523],[80.3404,29.0547],[80.3487,29.054],[80.3544,29.0498],[80.354,29.046],[80.3557,29.0445],[80.3605,29.048],[80.3781,29.0434],[80.3833,29.0474],[80.3868,29.0475],[80.3892,29.0461],[80.3925,29.0404],[80.3995,29.0365],[80.4051,29.0364],[80.4103,29.0321],[80.4151,29.0328],[80.4155,29.0302],[80.4203,29.0265],[80.427,29.0266],[80.4391,29.0323],[80.4406,29.0317],[80.4436,29.0344],[80.4553,29.0352],[80.4597,29.0375],[80.4609,29.0316],[80.464,29.0299],[80.4682,29.0299],[80.4695,29.0267],[80.469,29.0188],[80.4756,29.0193],[80.4783,29.0177],[80.4752,29.0101],[80.4767,29.0076],[80.4751,29.0049],[80.4729,29.0039],[80.4734,29.0001],[80.472,28.9966],[80.4761,28.9943],[80.4798,28.9939],[80.4816,28.9968],[80.4857,28.9982],[80.4883,28.9954],[80.4941,28.9943],[80.4962,28.995],[80.5007,28.9933],[80.5048,28.9965],[80.5146,28.9972],[80.519,28.9993],[80.5189,29.0045],[80.5355,29.014],[80.5361,29.0176],[80.5338,29.0204],[80.5332,29.0241],[80.5345,29.0258],[80.5343,29.0298],[80.5405,29.0364],[80.544,29.0362],[80.5469,29.0385],[80.5459,29.0436],[80.5467,29.0447],[80.5447,29.0494],[80.5492,29.0512],[80.553,29.0557],[80.5573,29.0583],[80.5612,29.0682],[80.5622,29.0728],[80.559,29.0761],[80.5442,29.0815],[80.5315,29.0897],[80.5304,29.0952],[80.5278,29.0974],[80.5286,29.0983],[80.5263,29.1028],[80.5266,29.1058],[80.5393,29.1076],[80.5572,29.1169],[80.5592,29.1164],[80.5629,29.1188],[80.5666,29.1189],[80.5722,29.1302],[80.5692,29.1344],[80.5648,29.1355],[80.5664,29.1382],[80.5655,29.1424],[80.5667,29.1445],[80.5743,29.1456],[80.5763,29.1478],[80.5912,29.148],[80.5939,29.1541],[80.5912,29.1571],[80.5924,29.1633],[80.5984,29.1702],[80.6055,29.1703],[80.6078,29.1736],[80.6168,29.18],[80.6198,29.1811],[80.6235,29.1776],[80.6294,29.1764],[80.6422,29.1789],[80.6458,29.1782],[80.6623,29.1832],[80.6705,29.1829],[80.6734,29.1851],[80.6746,29.189],[80.6788,29.1915],[80.6881,29.1908],[80.695,29.1879],[80.6979,29.1887],[80.7,29.1947],[80.7043,29.1922],[80.7064,29.2019],[80.7068,29.2118],[80.7019,29.2168],[80.7078,29.2253],[80.7068,29.2314],[80.71,29.2341],[80.7145,29.2355],[80.7239,29.2362],[80.7373,29.2458],[80.7391,29.2452],[80.739,29.247],[80.7357,29.2475],[80.7383,29.2493],[80.7409,29.2495],[80.7413,29.2513],[80.7441,29.2517],[80.7469,29.2548],[80.7483,29.2546],[80.7548,29.2668],[80.7568,29.2676],[80.7564,29.2696],[80.7507,29.2738],[80.7438,29.2748],[80.7435,29.2777],[80.7459,29.2818],[80.7458,29.2846],[80.7437,29.2879],[80.7398,29.2884],[80.7388,29.2909],[80.7362,29.29],[80.7326,29.2921],[80.7327,29.2942],[80.736,29.297],[80.7342,29.2987],[80.7373,29.2994],[80.7384,29.3027],[80.7413,29.3016],[80.7476,29.3025],[80.7522,29.308],[80.7563,29.3089],[80.764,29.3051],[80.7662,29.3019],[80.7688,29.3029],[80.7725,29.3019],[80.7718,29.3121],[80.7764,29.3155],[80.7714,29.3183],[80.7694,29.3231],[80.7624,29.3262],[80.7592,29.3319],[80.7628,29.3359],[80.7614,29.3409],[80.7573,29.3463],[80.7581,29.349],[80.7611,29.349],[80.7623,29.3514],[80.7612,29.3587],[80.7621,29.3626],[80.7646,29.3633],[80.7666,29.358],[80.7702,29.3574],[80.7712,29.3616],[80.7747,29.365],[80.7784,29.3647],[80.7858,29.3664]]]},"properties":{"DIST_EN":"Dadeldhura","DIST_PCODE":"NP0773"}},
{"type":"Feature","geometry":{"type":"Polygon","coordinates":[[[81.9197,28.9777],[81.915,28.9805],[81.9095,28.9867],[81.9006,28.9821],[81.8951,28.9821],[81.8881,28.9842],[81.8849,28.9818],[81.8819,28.9765],[81.8782,28.9762],[81.875,28.9722],[81.8726,28.9713],[81.8648,28.971],[81.862,28.9728],[81.8482,28.9723],[81.8416,28.9813],[81.8357,28.9819],[81.8291,28.985],[81.8228,28.9832],[81.819,28.9847],[81.8154,28.9904],[81.8081,28.9949],[81.8021,29.0013],[81.7967,29.0028],[81.7931,29.0052],[81.7945,29.0091],[81.7934,29.012],[81.795,29.0136],[81.7912,29.0125],[81.7829,29.0176],[81.774,29.0175],[81.7713,29.0193],[81.7668,29.0184],[81.7599,29.0137],[81.7513,29.0103],[81.7492,29.0118],[81.7447,29.0119],[81.7366,29.0198],[81.7302,29.0218],[81.727,29.0209],[81.7247,29.0216],[81.7222,29.0199],[81.7159,29.0201],[81.7148,29.0217],[81.7154,29.0279],[81.7102,29.0312],[81.7023,29.032],[81.6994,29.0395],[81.6948,29.044],[81.694,29.0477],[81.6906,29.0497],[81.683,29.0492],[81.6795,29.047],[81.6653,29.0449],[81.659,29.0412],[81.6553,29.0416],[81.6511,29.0401],[81.6445,29.0403],[81.6306,29.0467],[81.6264,29.0418],[81.6241,29.0425],[81.6209,29.0411],[81.6185,29.0373],[81.6134,29.0335],[81.6048,29.0394],[81.6026,29.043],[81.5988,29.0455],[81.5951,29.0457],[81.5894,29.0489],[81.5813,29.0472],[81.5705,29.0527],[81.5671,29.0519],[81.5637,29.0537],[81.5638,29.0606],[81.5618,29.0665],[81.5653,29.0758],[81.5655,29.0861],[81.5678,29.0956],[81.5697,29.0984],[81.5734,29.1003],[81.5786,29.1085],[81.5822,29.124],[81.5821,29.1265],[81.5796,29.1299],[81.5808,29.1356],[81.5792,29.136],[81.568,29.1268],[81.5656,29.1262],[81.561,29.125],[81.5514,29.1197],[81.5478,29.1155],[81.5367,29.1068],[81.5235,29.1043],[81.5181,29.0966],[81.5148,29.0955],[81.5099,29.0907],[81.5006,29.0912],[81.4968,29.0888],[81.4933,29.0883],[81.4831,29.0832],[81.4694,29.0781],[81.4668,29.0671],[81.4593,29.0647],[81.4441,29.0538],[81.443,29.047],[81.4397,29.0403],[81.4327,29.0375],[81.43,29.0295],[81.4255,29.023],[81.419,29.0225],[81.4178,29.0214],[81.4149,29.0139],[81.419,29.0043],[81.4173,29.0006],[81.4101,28.997],[81.4151,28.9944],[81.4162,28.9915],[81.4202,28.9881],[81.4215,28.9835],[81.4251,28.9803],[81.4257,28.9777],[81.4225,28.9704],[81.424,28.9664],[81.4283,28.9646],[81.4286,28.9623],[81.4328,28.9571],[81.4372,28.9567],[81.4422,28.9602],[81.444,28.9585],[81.4451,28.9524],[81.4446,28.9404],[81.4513,28.939],[81.455,28.9349],[81.4559,28.9311],[81.4596,28.9307],[81.4625,28.929],[81.4665,28.9289],[81.4737,28.9167],[81.4807,28.9091],[81.4832,28.9028],[81.4917,28.8942],[81.5005,28.8895],[81.509,28.8898],[81.5101,28.8839],[81.5152,28.8745],[81.5221,28.87],[81.5279,28.8596],[81.5319,28.8561],[81.5378,28.8427],[81.5379,28.8364],[81.5433,28.8311],[81.5489,28.8189],[81.5518,28.8159],[81.5522,28.8096],[81.5569,28.8002],[81.5569,28.7976],[81.5799,28.7801],[81.5816,28.7747],[81.5806,28.7719],[81.582,28.7649],[81.5813,28.7592],[81.5789,28.756],[81.5681,28.7547],[81.558,28.7512],[81.5465,28.7491],[81.5492,28.7395],[81.5515,28.738],[81.5593,28.7368],[81.5604,28.7341],[81.5594,28.7283],[81.5631,28.7233],[81.5729,28.7183],[81.5752,28.7125],[81.5856,28.7076],[81.5878,28.7084],[81.5933,28.7067],[81.6012,28.7072],[81.6066,28.7011],[81.609,28.6957],[81.6163,28.6899],[81.6232,28.6921],[81.6298,28.6922],[81.6393,28.6765],[81.6423,28.6758],[81.6641,28.6799],[81.6701,28.6769],[81.6753,28.6792],[81.6777,28.6775],[81.6914,28.6736],[81.6996,28.6657],[81.7016,28.6611],[81.7147,28.6555],[81.7195,28.6563],[81.7281,28.6551],[81.7321,28.649],[81.7391,28.6456],[81.7422,28.6445],[81.7458,28.6468],[81.751,28.646],[81.7758,28.6334],[81.7818,28.635],[81.7838,28.6369],[81.7819,28.6454],[81.7824,28.6519],[81.7841,28.6535],[81.7896,28.6534],[81.7922,28.6555],[81.7977,28.6682],[81.8075,28.6746],[81.8105,28.6797],[81.8103,28.6871],[81.8072,28.6944],[81.8114,28.699],[81.8139,28.7089],[81.8147,28.7191],[81.8201,28.7241],[81.8244,28.7327],[81.8312,28.7386],[81.8362,28.7407],[81.8403,28.7403],[81.8432,28.7381],[81.8481,28.738],[81.857,28.741],[81.8603,28.7398],[81.863,28.7425],[81.8676,28.7444],[81.8746,28.7467],[81.8773,28.7458],[81.8798,28.7468],[81.8817,28.7497],[81.8838,28.7619],[81.9123,28.7801],[81.9084,28.7887],[81.899,28.7999],[81.8948,28.8029],[81.8894,28.8114],[81.8862,28.8286],[81.8812,28.8364],[81.8784,28.8491],[81.88,28.8553],[81.8801,28.8647],[81.8897,28.8743],[81.8879,28.8786],[81.8901,28.8845],[81.8893,28.8898],[81.8927,28.8955],[81.8939,28.9008],[81.9006,28.9042],[81.905,28.9118],[81.917,28.9197],[81.9212,28.9211],[81.9245,28.9249],[81.9269,28.9363],[81.9257,28.9388],[81.9212,28.9415],[81.9211,28.9625],[81.9205,28.9671],[81.919,28.9685],[81.9206,28.9715],[81.9197,28.9777]]]},"properties":{"DIST_EN":"Dailekh","DIST_PCODE":"NP0661"}},
{"type":"Feature","geometry":{"type":"Polygon","coordinates":[[[82.3968,28.1689],[82.3937,28.1745],[82.3969,28.1828],[82.3928,28.1893],[82.3871,28.1886],[82.3781,28.1846],[82.3671,28.1899],[82.3631,28.1968],[82.3588,28.1991],[82.3549,28.2056],[82.3472,28.2087],[82.3461,28.2164],[82.3376,28.2236],[82.3272,28.2253],[82.3124,28.2234],[82.3125,28.2269],[82.3102,28.2317],[82.3055,28.2314],[82.3023,28.2327],[82.3004,28.246],[82.2972,28.2452],[82.2917,28.2469],[82.2873,28.2457],[82.2819,28.2482],[82.2755,28.2485],[82.2731,28.2466],[82.2649,28.2437],[82.2583,28.2437],[82.256,28.2397],[82.248,28.2396],[82.244,28.2379],[82.2332,28.24],[82.2233,28.2478],[82.2178,28.2497],[82.1987,28.243],[82.1942,28.2468],[82.19,28.2484],[82.1824,28.2498],[82.1758,28.249],[82.1695,28.2516],[82.1667,28.2501],[82.1608,28.2418],[82.1535,28.2412],[82.1529,28.2381],[82.149,28.2392],[82.147,28.2376],[82.1438,28.2372],[82.1426,28.2419],[82.1381,28.2452],[82.1328,28.2516],[82.126,28.2544],[82.1177,28.2516],[82.1116,28.2546],[82.1083,28.2583],[82.1008,28.259],[82.094,28.2551],[82.0917,28.2494],[82.0813,28.2486],[82.0697,28.2394],[82.0687,28.2371],[82.0618,28.2407],[82.0543,28.2421],[82.051,28.2398],[82.0463,28.2321],[82.0422,28.2302],[82.0394,28.2214],[82.0357,28.2176],[82.0369,28.2151],[82.0309,28.2141],[82.0269,28.2085],[82.0263,28.2044],[82.0231,28.2013],[82.0292,28.1939],[82.0292,28.1877],[82.0281,28.1856],[82.0225,28.1845],[82.0182,28.1819],[82.0165,28.176],[82.0128,28.17],[82.015,28.1641],[82.0111,28.1607],[82.012,28.1542],[82.0076,28.1511],[82.016,28.1389],[82.0186,28.1322],[82.019,28.1223],[82.0165,28.1162],[82.0182,28.111],[82.0175,28.1083],[82.021,28.0994],[82.037,28.0951],[82.0437,28.0954],[82.0495,28.0902],[82.0548,28.0914],[82.0587,28.0879],[82.066,28.0849],[82.071,28.0842],[82.0773,28.0795],[82.081,28.0797],[82.0852,28.0771],[82.0889,28.0795],[82.0957,28.0767],[82.1009,28.0731],[82.1065,28.0731],[82.1105,28.0703],[82.1185,28.0674],[82.1232,28.0631],[82.1282,28.0622],[82.1336,28.0577],[82.1438,28.0547],[82.1594,28.0469],[82.1651,28.0457],[82.1729,28.0468],[82.1795,28.0401],[82.1812,28.035],[82.1908,28.032],[82.1939,28.0253],[82.1932,28.0181],[82.1893,28.0126],[82.1907,28.0031],[82.1877,28],[82.186,27.9951],[82.1872,27.9882],[82.19,27.9841],[82.1902,27.9813],[82.1923,27.98],[82.1933,27.9735],[82.1898,27.9697],[82.1923,27.9644],[82.1922,27.9532],[82.1767,27.9518],[82.1629,27.9566],[82.1531,27.9613],[82.1471,27.9621],[82.1416,27.9587],[82.1335,27.9623],[82.1321,27.9587],[82.1302,27.9581],[82.1235,27.9504],[82.1196,27.9488],[82.1141,27.9497],[82.114,27.9529],[82.1099,27.9505],[82.1068,27.9508],[82.1029,27.9487],[82.1001,27.9491],[82.0967,27.9506],[82.0951,27.9554],[82.0914,27.9537],[82.0901,27.951],[82.0881,27.95],[82.0789,27.9526],[82.0715,27.9518],[82.0698,27.9527],[82.0674,27.9507],[82.0666,27.9439],[82.0639,27.941],[82.0682,27.9369],[82.0674,27.9355],[82.0689,27.9312],[82.068,27.9294],[82.0655,27.9286],[82.0651,27.9258],[82.0682,27.9248],[82.0674,27.9223],[82.0711,27.9227],[82.0806,27.9092],[82.0902,27.8995],[82.0915,27.8947],[82.101,27.8862],[82.1143,27.8776],[82.1234,27.8651],[82.1395,27.86],[82.1501,27.858],[82.1541,27.8663],[82.1771,27.8548],[82.2083,27.8432],[82.2306,27.8208],[82.2528,27.8102],[82.304,27.7727],[82.3367,27.7549],[82.3672,27.7427],[82.3824,27.7204],[82.4017,27.7029],[82.4129,27.6983],[82.4273,27.6883],[82.4371,27.6851],[82.4488,27.6788],[82.4733,27.6765],[82.482,27.6829],[82.4841,27.6808],[82.4901,27.6813],[82.4925,27.6842],[82.5004,27.6851],[82.5163,27.6905],[82.531,27.6866],[82.5388,27.6877],[82.5412,27.6858],[82.5495,27.6889],[82.5546,27.6885],[82.562,27.6918],[82.585,27.6986],[82.5937,27.697],[82.6001,27.7043],[82.6051,27.706],[82.6189,27.7023],[82.6276,27.7092],[82.6279,27.7116],[82.6386,27.7092],[82.6553,27.7133],[82.6643,27.7221],[82.6666,27.7157],[82.6807,27.7138],[82.6893,27.7152],[82.6993,27.722],[82.702,27.7164],[82.7052,27.7166],[82.7081,27.7219],[82.7084,27.7247],[82.7062,27.7267],[82.7063,27.7357],[82.704,27.7388],[82.7035,27.7429],[82.7009,27.7455],[82.7019,27.7499],[82.6996,27.7512],[82.6962,27.7567],[82.6999,27.7589],[82.7032,27.7584],[82.7094,27.76],[82.7121,27.7579],[82.723,27.7586],[82.7256,27.7644],[82.7313,27.7671],[82.7313,27.7749],[82.7352,27.7761],[82.748,27.7776],[82.7819,27.7775],[82.7835,27.7694],[82.7858,27.7722],[82.7903,27.7721],[82.7964,27.7743],[82.7981,27.7739],[82.7995,27.776],[82.8015,27.7757],[82.8037,27.777],[82.8052,27.7805],[82.8035,27.7878],[82.8059,27.7921],[82.8043,27.7951],[82.8001,27.794],[82.7983,27.7947],[82.7976,27.797],[82.7988,27.8022],[82.7932,27.806],[82.7874,27.8038],[82.7866,27.8021],[82.7882,27.7951],[82.7859,27.7953],[82.7797,27.8027],[82.773,27.8052],[82.7694,27.8105],[82.763,27.8105],[82.758,27.8123],[82.7567,27.8183],[82.7527,27.8219],[82.7485,27.8231],[82.7484,27.8259],[82.7491,27.8285],[82.7523,27.8297],[82.7537,27.8338],[82.7588,27.8371],[82.7731,27.8419],[82.7807,27.8428],[82.7841,27.8472],[82.789,27.85],[82.7916,27.8559],[82.7957,27.8568],[82.8032,27.8556],[82.8071,27.8571],[82.8072,27.8593],[82.7958,27.8617],[82.792,27.8651],[82.8024,27.8684],[82.8065,27.8673],[82.809,27.8681],[82.81,27.8713],[82.804,27.8729],[82.8058,27.8759],[82.8052,27.8778],[82.8033,27.8788],[82.7999,27.8784],[82.7974,27.8821],[82.7944,27.8806],[82.7912,27.8809],[82.79,27.8882],[82.7909,27.8911],[82.7888,27.8885],[82.7871,27.8924],[82.7825,27.8916],[82.7801,27.8973],[82.778,27.8972],[82.7768,27.8932],[82.7743,27.8937],[82.7745,27.8998],[82.7716,27.9038],[82.7706,27.9077],[82.7715,27.9179],[82.7693,27.9215],[82.7757,27.9259],[82.7697,27.9344],[82.7652,27.9383],[82.7644,27.9413],[82.7576,27.9437],[82.7565,27.9454],[82.7537,27.9426],[82.7515,27.9438],[82.7579,27.9545],[82.7662,27.9628],[82.7661,27.9681],[82.7596,27.9695],[82.7601,27.9728],[82.7627,27.9769],[82.757,27.9777],[82.7489,27.9762],[82.7465,27.9747],[82.745,27.9769],[82.745,27.9823],[82.7419,27.9867],[82.7414,27.9902],[82.7319,27.9928],[82.7215,28.0021],[82.7113,28.0031],[82.7054,28.0059],[82.6964,28.0141],[82.6948,28.0206],[82.6967,28.0226],[82.6973,28.0296],[82.6995,28.0302],[82.7029,28.0356],[82.7088,28.0365],[82.7102,28.0404],[82.7187,28.0473],[82.7157,28.0476],[82.711,28.0511],[82.7046,28.0532],[82.6954,28.0518],[82.6912,28.0524],[82.6899,28.0508],[82.6852,28.0512],[82.6767,28.0551],[82.6737,28.0548],[82.6698,28.0585],[82.6678,28.057],[82.6601,28.0601],[82.6564,28.0601],[82.6536,28.0635],[82.6494,28.0636],[82.6482,28.0652],[82.6398,28.069],[82.6306,28.0707],[82.6253,28.0699],[82.6249,28.0749],[82.6223,28.0767],[82.6169,28.085],[82.6125,28.088],[82.6106,28.0916],[82.6004,28.0937],[82.5974,28.0928],[82.5956,28.101],[82.5915,28.1031],[82.5884,28.1032],[82.5878,28.1058],[82.5826,28.1104],[82.5776,28.11],[82.5745,28.1134],[82.5712,28.1135],[82.5673,28.1155],[82.5648,28.1185],[82.5649,28.1213],[82.5622,28.1226],[82.5631,28.125],[82.5612,28.1266],[82.5609,28.1296],[82.559,28.1309],[82.5619,28.1337],[82.5572,28.1363],[82.554,28.137],[82.5482,28.1338],[82.5453,28.1344],[82.5421,28.1316],[82.5391,28.1319],[82.5307,28.1359],[82.5263,28.1359],[82.5223,28.1388],[82.5161,28.1393],[82.5197,28.1456],[82.5193,28.1474],[82.5158,28.1488],[82.504,28.1499],[82.5017,28.147],[82.5012,28.1424],[82.4974,28.1399],[82.4955,28.1351],[82.4912,28.1361],[82.4846,28.1305],[82.4814,28.1361],[82.4819,28.1406],[82.4793,28.1444],[82.4772,28.1443],[82.4723,28.1401],[82.4664,28.1421],[82.4643,28.1417],[82.4542,28.1467],[82.4372,28.1491],[82.4293,28.1549],[82.4237,28.1548],[82.409,28.161],[82.4034,28.1641],[82.3996,28.1686],[82.3968,28.1689]]]},"properties":{"DIST_EN":"Dang","DIST_PCODE":"NP0556"}},
{"type":"Feature","geometry":{"type":"Polygon","coordinates":[[[81.0909,30.0542],[81.0989,30.0647],[81.1008,30.0748],[81.1072,30.0778],[81.1062,30.0793],[81.1085,30.0845],[81.1081,30.088],[81.1046,30.0912],[81.102,30.0971],[81.0983,30.1],[81.0947,30.1008],[81.0871,30.099],[81.0812,30.1005],[81.0845,30.1067],[81.0845,30.1169],[81.0819,30.1217],[81.0783,30.1247],[81.0829,30.1358],[81.0818,30.1413],[81.0832,30.1482],[81.0789,30.1518],[81.0774,30.1549],[81.0641,30.1588],[81.0616,30.1678],[81.057,30.1699],[81.0562,30.1734],[81.0531,30.1758],[81.0517,30.1789],[81.0439,30.1806],[81.0425,30.1936],[81.0336,30.197],[81.0353,30.1984],[81.0341,30.2013],[81.0434,30.2047],[81.0457,30.2073],[81.0451,30.2101],[81.04,30.2154],[81.0291,30.2198],[81.0294,30.2257],[81.0258,30.227],[81.0289,30.233],[81.0266,30.2347],[81.0205,30.2348],[81.0124,30.2394],[81.0055,30.2406],[80.9981,30.2451],[80.9887,30.2467],[80.9821,30.244],[80.9762,30.2379],[80.9596,30.2376],[80.9357,30.2348],[80.9319,30.236],[80.9275,30.2358],[80.9233,30.2333],[80.9161,30.2249],[80.9102,30.2232],[80.9041,30.2175],[80.9024,30.2142],[80.8973,30.2123],[80.8942,30.2061],[80.884,30.1943],[80.8855,30.1882],[80.8801,30.1812],[80.8713,30.1758],[80.8682,30.1757],[80.8632,30.1695],[80.8634,30.1676],[80.867,30.1666],[80.8714,30.1609],[80.871,30.1532],[80.8736,30.1442],[80.8761,30.1411],[80.8762,30.1365],[80.8787,30.1325],[80.8776,30.1285],[80.8741,30.1262],[80.868,30.1253],[80.8626,30.1209],[80.855,30.1202],[80.8543,30.1188],[80.845,30.116],[80.8419,30.1104],[80.8462,30.1066],[80.8453,30.1023],[80.8372,30.0974],[80.8296,30.0972],[80.8263,30.1],[80.8226,30.0999],[80.8207,30.0993],[80.8192,30.0969],[80.8155,30.0963],[80.814,30.093],[80.8059,30.0896],[80.8017,30.0856],[80.7995,30.0809],[80.7951,30.0778],[80.7918,30.0736],[80.7899,30.0731],[80.7891,30.0693],[80.7795,30.0567],[80.7762,30.0543],[80.7656,30.0519],[80.7613,30.0495],[80.7585,30.045],[80.7594,30.0435],[80.7558,30.0396],[80.7556,30.0317],[80.7583,30.0276],[80.7576,30.0239],[80.7544,30.0206],[80.7516,30.0126],[80.747,30.0059],[80.7381,29.9995],[80.7196,30.0003],[80.7124,29.9902],[80.7046,29.9857],[80.7006,29.98],[80.6971,29.9795],[80.6901,29.9742],[80.6838,29.9669],[80.6827,29.9629],[80.6742,29.9572],[80.6691,29.9574],[80.6565,29.9552],[80.6487,29.9559],[80.6408,29.9597],[80.638,29.9629],[80.6303,29.9652],[80.6215,29.964],[80.6114,29.9592],[80.603,29.9584],[80.5905,29.9484],[80.5815,29.9363],[80.5783,29.9282],[80.5743,29.9235],[80.5698,29.909],[80.5727,29.8953],[80.566,29.8792],[80.557,29.8706],[80.5576,29.8686],[80.5617,29.8664],[80.5549,29.862],[80.5545,29.8596],[80.5516,29.8565],[80.5536,29.853],[80.5528,29.8504],[80.5486,29.8501],[80.5438,29.8463],[80.539,29.8472],[80.5359,29.8387],[80.5313,29.8382],[80.5283,29.8335],[80.5239,29.8321],[80.524,29.8292],[80.5218,29.827],[80.5074,29.8231],[80.5052,29.8193],[80.5014,29.8175],[80.4975,29.8116],[80.4976,29.8103],[80.5004,29.8087],[80.4956,29.8048],[80.495,29.8022],[80.4928,29.802],[80.4946,29.7984],[80.4938,29.7958],[80.4796,29.7957],[80.4765,29.798],[80.464,29.8023],[80.4543,29.8024],[80.4491,29.7992],[80.4442,29.7991],[80.4405,29.8012],[80.4374,29.8054],[80.4348,29.806],[80.429,29.7981],[80.422,29.7961],[80.4161,29.7957],[80.4132,29.7918],[80.4109,29.7919],[80.407,29.7945],[80.4072,29.784],[80.404,29.7822],[80.4044,29.7776],[80.3997,29.7733],[80.3963,29.7644],[80.3977,29.7603],[80.3967,29.7585],[80.3945,29.7583],[80.3902,29.7604],[80.3853,29.7585],[80.3859,29.7504],[80.3725,29.7492],[80.3688,29.751],[80.3675,29.7501],[80.3653,29.7463],[80.3643,29.7398],[80.3698,29.7344],[80.3662,29.7299],[80.3661,29.7249],[80.3685,29.7217],[80.3732,29.7217],[80.3755,29.7203],[80.3755,29.7182],[80.3721,29.7153],[80.3746,29.7129],[80.3743,29.7102],[80.3772,29.7025],[80.38,29.701],[80.3805,29.6886],[80.3853,29.6851],[80.3834,29.6795],[80.3846,29.6744],[80.3902,29.6711],[80.3894,29.6674],[80.391,29.6642],[80.399,29.6624],[80.3982,29.6589],[80.4005,29.6584],[80.4058,29.66],[80.4092,29.6565],[80.4101,29.6537],[80.4146,29.654],[80.4166,29.651],[80.4146,29.6483],[80.4141,29.6443],[80.416,29.6416],[80.4203,29.6391],[80.4195,29.634],[80.4212,29.6316],[80.4208,29.6294],[80.4182,29.6264],[80.4111,29.6254],[80.4081,29.62],[80.4083,29.6151],[80.4058,29.6128],[80.4081,29.6098],[80.4089,29.605],[80.4174,29.6063],[80.4179,29.6141],[80.421,29.6144],[80.4253,29.6122],[80.4277,29.6124],[80.4293,29.6182],[80.4372,29.6202],[80.4403,29.6169],[80.4438,29.6172],[80.4499,29.6253],[80.4561,29.6251],[80.4589,29.6262],[80.4671,29.6204],[80.4722,29.6218],[80.4756,29.6213],[80.4796,29.6232],[80.4969,29.6247],[80.4987,29.6322],[80.5052,29.6381],[80.5064,29.6448],[80.5187,29.6535],[80.5223,29.6537],[80.5275,29.6564],[80.5373,29.6637],[80.5402,29.6637],[80.5437,29.6666],[80.5513,29.668],[80.5539,29.6714],[80.559,29.6708],[80.5601,29.6731],[80.5689,29.6786],[80.5701,29.6831],[80.5736,29.6875],[80.5755,29.6867],[80.5775,29.6881],[80.586,29.6883],[80.5904,29.6905],[80.6014,29.6918],[80.6066,29.6866],[80.6128,29.6881],[80.6194,29.6881],[80.624,29.6868],[80.6335,29.6906],[80.6392,29.6896],[80.6458,29.6849],[80.6478,29.6818],[80.6515,29.6812],[80.6599,29.6823],[80.6654,29.6857],[80.6744,29.6872],[80.6764,29.6923],[80.6801,29.6955],[80.6851,29.7035],[80.6891,29.7052],[80.6957,29.7061],[80.701,29.7048],[80.7087,29.6993],[80.7174,29.7028],[80.7308,29.7039],[80.7358,29.7059],[80.7443,29.7044],[80.7546,29.708],[80.7586,29.7043],[80.7619,29.7041],[80.7646,29.7017],[80.7807,29.7018],[80.7854,29.6964],[80.7879,29.6958],[80.791,29.691],[80.7938,29.6886],[80.796,29.6883],[80.804,29.687],[80.8112,29.6841],[80.8166,29.6872],[80.82,29.6877],[80.8251,29.6866],[80.8298,29.6915],[80.8318,29.6898],[80.8404,29.6874],[80.8455,29.6934],[80.8519,29.6958],[80.8583,29.696],[80.8631,29.7009],[80.8647,29.7064],[80.8709,29.7074],[80.8819,29.7134],[80.8902,29.7139],[80.8913,29.7155],[80.8944,29.7164],[80.8967,29.7203],[80.907,29.7247],[80.9196,29.7248],[80.9314,29.7298],[80.9399,29.7355],[80.946,29.7355],[80.9506,29.7313],[80.9542,29.7307],[80.9581,29.7265],[80.9752,29.7219],[80.9763,29.7259],[80.984,29.734],[80.9882,29.7412],[80.9983,29.7426],[81.0042,29.7406],[81.0098,29.746],[81.0181,29.7456],[81.0205,29.7484],[81.0246,29.7436],[81.0317,29.7424],[81.0374,29.7497],[81.0382,29.7527],[81.0413,29.7523],[81.048,29.754],[81.0568,29.7577],[81.0603,29.7623],[81.0626,29.7682],[81.0602,29.7724],[81.0637,29.7755],[81.0641,29.7843],[81.0622,29.7935],[81.0678,29.7958],[81.0694,29.8032],[81.0703,29.8106],[81.0692,29.8144],[81.071,29.8171],[81.0699,29.8284],[81.0635,29.827],[81.0555,29.8298],[81.0534,29.8331],[81.0401,29.8407],[81.0382,29.8464],[81.0387,29.855],[81.0405,29.8601],[81.0386,29.8611],[81.0367,29.8646],[81.0379,29.8759],[81.0408,29.8817],[81.0303,29.8954],[81.0296,29.9036],[81.0277,29.9064],[81.0202,29.9121],[81.0148,29.9145],[81.0116,29.9188],[81.003,29.9233],[81.0006,29.9282],[81.0026,29.9324],[81.0023,29.9362],[81.0091,29.9419],[81.0109,29.9459],[81.014,29.9475],[81.0172,29.9548],[81.0216,29.9586],[81.0194,29.961],[81.0176,29.9661],[81.0205,29.974],[81.0159,29.9781],[81.015,29.9807],[81.0216,29.9835],[81.0259,29.9875],[81.028,29.9927],[81.0383,30.0083],[81.0381,30.0151],[81.0442,30.0183],[81.0474,30.022],[81.0535,30.0241],[81.0561,30.0289],[81.0645,30.0369],[81.0686,30.0435],[81.0713,30.0455],[81.0785,30.0464],[81.0843,30.0525],[81.0881,30.0543],[81.0909,30.0542]]]},"properties":{"DIST_EN":"Darchula","DIST_PCODE":"NP0775"}},
{"type":"Feature","geometry":{"type":"Polygon","coordinates":[[[85.1598,28.3319],[85.1404,28.3305],[85.1351,28.3325],[85.1324,28.336],[85.1287,28.3381],[85.1208,28.3358],[85.108,28.3466],[85.093,28.3447],[85.0884,28.3464],[85.0805,28.3459],[85.0674,28.3393],[85.053,28.327],[85.0467,28.3259],[85.0428,28.3197],[85.0412,28.3119],[85.0327,28.3028],[85.038,28.2919],[85.0318,28.2793],[85.0312,28.2729],[85.0279,28.2624],[85.011,28.2561],[85.0049,28.2553],[85.0017,28.2533],[85.0007,28.2517],[85.0027,28.2481],[84.9991,28.2445],[84.9987,28.2412],[84.9978,28.2405],[84.9941,28.244],[84.9916,28.2447],[84.9771,28.2267],[84.9704,28.2234],[84.9647,28.2174],[84.9623,28.2122],[84.9674,28.2044],[84.9675,28.2019],[84.9706,28.1991],[84.9709,28.1945],[84.9739,28.1903],[84.9675,28.1849],[84.9641,28.1779],[84.9657,28.1745],[84.9619,28.169],[84.9608,28.1596],[84.9572,28.1555],[84.9579,28.1472],[84.9542,28.1435],[84.9583,28.1361],[84.9569,28.1268],[84.9518,28.1242],[84.9484,28.1249],[84.9428,28.1226],[84.9392,28.1258],[84.9354,28.1266],[84.9308,28.1255],[84.9288,28.1263],[84.9202,28.1153],[84.9216,28.1066],[84.9181,28.1034],[84.9136,28.1029],[84.9004,28.1067],[84.8924,28.1],[84.8854,28.1055],[84.8839,28.1098],[84.881,28.1128],[84.8728,28.1167],[84.8694,28.1205],[84.8623,28.1216],[84.859,28.1201],[84.8547,28.1227],[84.8496,28.1185],[84.8437,28.1163],[84.8421,28.1146],[84.8425,28.1107],[84.8371,28.1041],[84.8373,28.095],[84.8318,28.0896],[84.8316,28.0848],[84.8294,28.0815],[84.8279,28.0751],[84.8244,28.0667],[84.8209,28.0632],[84.8213,28.0583],[84.8185,28.0543],[84.8184,28.0477],[84.8121,28.043],[84.8095,28.038],[84.8095,28.0347],[84.8126,28.0315],[84.8136,28.0284],[84.8124,28.0251],[84.8128,28.0213],[84.8095,28.0169],[84.8133,28.0093],[84.8113,28.0029],[84.8039,28.0004],[84.7974,28.0024],[84.7964,28.0014],[84.7978,27.9994],[84.7969,27.9981],[84.7902,27.998],[84.7881,27.9953],[84.788,27.9894],[84.785,27.987],[84.7841,27.9833],[84.7786,27.9814],[84.7769,27.9776],[84.7716,27.9774],[84.7715,27.976],[84.7752,27.9731],[84.7747,27.9714],[84.7692,27.9673],[84.7607,27.9672],[84.7572,27.9635],[84.7459,27.9601],[84.7465,27.9553],[84.7411,27.9474],[84.7394,27.9366],[84.7339,27.9332],[84.7341,27.9313],[84.7364,27.9308],[84.7364,27.9285],[84.7326,27.9273],[84.732,27.9258],[84.7334,27.9247],[84.7351,27.9154],[84.7332,27.9071],[84.7376,27.897],[84.7358,27.8929],[84.7375,27.8907],[84.7419,27.8898],[84.7492,27.8861],[84.746,27.8802],[84.7534,27.8736],[84.7551,27.8693],[84.7542,27.8654],[84.756,27.8618],[84.7593,27.8594],[84.7637,27.8601],[84.7651,27.8593],[84.7654,27.8538],[84.768,27.8517],[84.7676,27.8438],[84.7699,27.8429],[84.7707,27.8389],[84.776,27.8353],[84.7731,27.8295],[84.7737,27.8242],[84.777,27.8189],[84.7819,27.8158],[84.7824,27.8139],[84.7791,27.8126],[84.7754,27.8088],[84.7731,27.8087],[84.7685,27.8117],[84.769,27.8156],[84.765,27.8185],[84.7626,27.8182],[84.757,27.8145],[84.7563,27.809],[84.7538,27.8065],[84.7515,27.8053],[84.747,27.8056],[84.7446,27.8043],[84.7388,27.8041],[84.737,27.7991],[84.7308,27.7956],[84.7274,27.7999],[84.7216,27.8013],[84.7187,27.8038],[84.7138,27.8005],[84.7112,27.8005],[84.708,27.8026],[84.7074,27.8067],[84.6846,27.8105],[84.6771,27.8158],[84.668,27.8185],[84.6675,27.8231],[84.6657,27.8253],[84.6616,27.8227],[84.6545,27.8238],[84.6508,27.8222],[84.6409,27.8224],[84.6237,27.8169],[84.6183,27.8093],[84.6239,27.8095],[84.6272,27.8074],[84.6351,27.8071],[84.6456,27.8001],[84.6447,27.7939],[84.6403,27.7935],[84.6372,27.7945],[84.6388,27.7873],[84.6379,27.783],[84.6476,27.7842],[84.6497,27.7795],[84.6572,27.7811],[84.665,27.7813],[84.6725,27.7804],[84.6748,27.7786],[84.6686,27.7659],[84.6795,27.7613],[84.6815,27.7583],[84.6792,27.7503],[84.6756,27.7473],[84.6745,27.7429],[84.6702,27.738],[84.6746,27.7307],[84.6805,27.7305],[84.6837,27.7262],[84.6892,27.7253],[84.6927,27.7213],[84.6959,27.725],[84.7001,27.7274],[84.7085,27.728],[84.7152,27.7262],[84.7178,27.7282],[84.7236,27.7297],[84.7286,27.7273],[84.7375,27.7328],[84.7575,27.7357],[84.7585,27.733],[84.7701,27.7227],[84.7874,27.7162],[84.791,27.7121],[84.7965,27.7092],[84.7961,27.7061],[84.7908,27.6951],[84.7861,27.692],[84.7922,27.687],[84.7954,27.686],[84.7972,27.6835],[84.7976,27.6748],[84.8001,27.6714],[84.801,27.6732],[84.8066,27.6756],[84.8086,27.679],[84.8179,27.6828],[84.8196,27.6854],[84.8294,27.6925],[84.8506,27.6866],[84.8657,27.6798],[84.8715,27.6761],[84.8759,27.6708],[84.8799,27.6688],[84.8877,27.6748],[84.9004,27.6943],[84.9073,27.6986],[84.9196,27.6942],[84.9224,27.6887],[84.9294,27.6868],[84.9446,27.687],[84.9515,27.6835],[84.9586,27.6862],[84.9587,27.6891],[84.9718,27.6926],[84.9758,27.6948],[84.9769,27.7002],[84.9791,27.7028],[84.989,27.7044],[84.9901,27.7079],[85.0026,27.7057],[85.0113,27.7078],[85.014,27.7072],[85.0171,27.7044],[85.022,27.7039],[85.0238,27.7016],[85.0286,27.7002],[85.0308,27.6978],[85.0325,27.6982],[85.0329,27.7002],[85.035,27.7013],[85.0344,27.7033],[85.0386,27.7028],[85.0386,27.7058],[85.0419,27.7024],[85.0403,27.6941],[85.0427,27.6902],[85.0525,27.6994],[85.0541,27.6999],[85.058,27.6972],[85.0583,27.6946],[85.0611,27.6946],[85.0648,27.6969],[85.0657,27.7033],[85.0698,27.7037],[85.0761,27.7091],[85.0805,27.7066],[85.0834,27.7072],[85.0888,27.7123],[85.0949,27.7113],[85.1,27.709],[85.1024,27.7049],[85.1101,27.7009],[85.1158,27.696],[85.1203,27.6836],[85.1312,27.681],[85.1342,27.675],[85.1387,27.6739],[85.1425,27.671],[85.1498,27.6696],[85.1565,27.6729],[85.1618,27.6707],[85.1733,27.6794],[85.1887,27.6814],[85.1918,27.6854],[85.1923,27.6907],[85.1946,27.6943],[85.193,27.6975],[85.197,27.7064],[85.1964,27.7092],[85.2,27.7081],[85.1987,27.7108],[85.201,27.713],[85.1989,27.7137],[85.1972,27.7163],[85.2001,27.7171],[85.2015,27.7201],[85.2062,27.7188],[85.2073,27.7228],[85.2126,27.7212],[85.2174,27.7222],[85.2215,27.728],[85.2202,27.7321],[85.2135,27.737],[85.2207,27.7357],[85.2299,27.7404],[85.2352,27.7413],[85.237,27.7452],[85.2467,27.7446],[85.2511,27.749],[85.2552,27.7449],[85.2672,27.7457],[85.2689,27.7483],[85.2686,27.7547],[85.2702,27.7597],[85.2681,27.7635],[85.2655,27.764],[85.263,27.7665],[85.263,27.7708],[85.2578,27.7717],[85.2579,27.7734],[85.2517,27.774],[85.2526,27.7757],[85.2504,27.7755],[85.2469,27.7726],[85.246,27.7747],[85.2431,27.7754],[85.2401,27.7733],[85.2391,27.7748],[85.2334,27.7746],[85.232,27.7715],[85.231,27.774],[85.2303,27.7729],[85.2292,27.7735],[85.2299,27.7765],[85.227,27.7727],[85.2242,27.7728],[85.2213,27.7755],[85.2172,27.7742],[85.2155,27.7756],[85.2153,27.7739],[85.2132,27.774],[85.211,27.7716],[85.2101,27.7728],[85.208,27.7709],[85.2062,27.7738],[85.2045,27.7691],[85.2041,27.7716],[85.2022,27.7735],[85.2015,27.7694],[85.1995,27.7704],[85.1978,27.7689],[85.197,27.7706],[85.1936,27.7691],[85.1941,27.7708],[85.1922,27.7731],[85.1918,27.7705],[85.1898,27.7694],[85.186,27.7716],[85.1787,27.7721],[85.1761,27.7673],[85.1745,27.7685],[85.172,27.7669],[85.1664,27.7676],[85.1595,27.7656],[85.1547,27.767],[85.1518,27.7663],[85.1487,27.7638],[85.1396,27.7659],[85.1345,27.7617],[85.1319,27.7625],[85.1309,27.7642],[85.1281,27.7609],[85.1246,27.7607],[85.1244,27.7625],[85.1219,27.7631],[85.12,27.7672],[85.1176,27.7664],[85.1154,27.7689],[85.115,27.7745],[85.1128,27.7726],[85.1108,27.7756],[85.1082,27.7741],[85.1058,27.7743],[85.1002,27.7783],[85.0978,27.7785],[85.0964,27.7813],[85.0878,27.7878],[85.083,27.7884],[85.0819,27.7898],[85.0751,27.792],[85.07,27.7916],[85.0637,27.7928],[85.0569,27.7953],[85.0563,27.7969],[85.0526,27.7973],[85.0519,27.799],[85.0466,27.8017],[85.0454,27.8054],[85.0485,27.8102],[85.0471,27.8109],[85.0471,27.8131],[85.0441,27.8118],[85.0417,27.8123],[85.0415,27.8173],[85.0379,27.8147],[85.0297,27.8152],[85.0276,27.8163],[85.0247,27.8135],[85.0233,27.8148],[85.0206,27.8137],[85.0179,27.8119],[85.0175,27.81],[85.0124,27.8095],[85.0121,27.812],[85.0154,27.8163],[85.0177,27.8245],[85.0169,27.827],[85.0229,27.833],[85.0204,27.8343],[85.0154,27.8324],[85.0135,27.8328],[85.0125,27.8369],[85.0083,27.8387],[85.0059,27.842],[85.0078,27.8451],[85.0054,27.8477],[85.0065,27.8505],[85.0047,27.8509],[85.004,27.8525],[85.0009,27.8525],[85.0012,27.8541],[84.9984,27.8558],[84.9926,27.8549],[84.9917,27.8573],[84.989,27.8585],[84.9915,27.8598],[84.9906,27.8643],[84.9917,27.8684],[84.9941,27.8703],[84.9925,27.8723],[84.9948,27.8751],[84.9889,27.8857],[84.9922,27.8886],[84.9924,27.896],[84.9978,27.8995],[84.9983,27.903],[85.0101,27.9257],[85.0106,27.9284],[85.0087,27.9362],[85.0113,27.9408],[85.0164,27.9441],[85.0156,27.9475],[85.0164,27.9485],[85.015,27.9515],[85.0118,27.9519],[85.0085,27.9486],[85.0079,27.9507],[85.0117,27.9572],[85.0146,27.959],[85.0151,27.9619],[85.0189,27.9657],[85.0196,27.9683],[85.0265,27.9695],[85.0286,27.9717],[85.0304,27.9803],[85.0298,27.9849],[85.0317,27.9895],[85.0295,27.9956],[85.0031,28.0002],[85.0002,28.0052],[85,28.0081],[84.9905,28.0158],[84.9909,28.0211],[84.9885,28.0258],[84.9893,28.0287],[84.9916,28.0263],[84.9956,28.025],[85.0072,28.0267],[85.0126,28.0262],[85.0212,28.0296],[85.0257,28.0297],[85.0327,28.032],[85.0355,28.0352],[85.0416,28.037],[85.0546,28.0504],[85.0622,28.067],[85.0672,28.0662],[85.075,28.0677],[85.0806,28.067],[85.09,28.0722],[85.0977,28.0729],[85.1048,28.0766],[85.1149,28.0768],[85.1225,28.0913],[85.1243,28.1059],[85.1267,28.1075],[85.1378,28.1099],[85.1504,28.1182],[85.1583,28.1297],[85.1548,28.1374],[85.1549,28.1408],[85.1694,28.1549],[85.1742,28.1624],[85.1827,28.167],[85.1955,28.1683],[85.2,28.1768],[85.1989,28.1849],[85.2038,28.1977],[85.2044,28.204],[85.2016,28.2106],[85.1886,28.2195],[85.1875,28.2233],[85.189,28.2248],[85.1882,28.2279],[85.1932,28.2344],[85.1925,28.2393],[85.1941,28.2444],[85.2026,28.2502],[85.2014,28.2542],[85.1984,28.2592],[85.1928,28.2644],[85.1885,28.2656],[85.1869,28.2675],[85.1843,28.276],[85.18,28.2828],[85.1793,28.2915],[85.1772,28.2953],[85.1794,28.3019],[85.1598,28.3319]]]},"properties":{"DIST_EN":"Dhading","DIST_PCODE":"NP0330"}},
{"type":"Feature","geometry":{"type":"Polygon","coordinates":[[[87.4068,27.1364],[87.3971,27.144],[87.3897,27.1479],[87.3872,27.1521],[87.3861,27.1592],[87.379,27.166],[87.3742,27.1673],[87.377,27.1753],[87.3758,27.18],[87.3661,27.188],[87.3603,27.1877],[87.357,27.1909],[87.3487,27.1895],[87.3429,27.1872],[87.3278,27.1882],[87.3124,27.1824],[87.3072,27.184],[87.307,27.1852],[87.3017,27.1856],[87.2923,27.1904],[87.2853,27.1902],[87.2772,27.186],[87.2652,27.1826],[87.2635,27.1806],[87.2642,27.1784],[87.2632,27.1774],[87.2706,27.1768],[87.2725,27.1746],[87.2756,27.158],[87.2747,27.155],[87.27,27.1504],[87.2721,27.1453],[87.2711,27.1431],[87.2573,27.1307],[87.2529,27.1292],[87.2489,27.1295],[87.2446,27.1264],[87.2465,27.122],[87.2451,27.1182],[87.2381,27.1172],[87.2329,27.1112],[87.2278,27.1085],[87.2176,27.1071],[87.214,27.1002],[87.2081,27.0969],[87.2023,27.0879],[87.1967,27.0881],[87.1918,27.0857],[87.1902,27.0838],[87.1912,27.0779],[87.1832,27.0745],[87.1826,27.0639],[87.1792,27.0577],[87.1788,27.0523],[87.1865,27.0373],[87.1869,27.034],[87.1898,27.0321],[87.192,27.0248],[87.1943,27.0224],[87.1985,27.0081],[87.1964,26.9987],[87.1888,26.9923],[87.1799,26.9891],[87.1782,26.9832],[87.1733,26.9833],[87.1708,26.9795],[87.1694,26.972],[87.1602,26.9669],[87.164,26.9599],[87.1631,26.9582],[87.1574,26.9553],[87.1609,26.9494],[87.1613,26.9461],[87.1551,26.9406],[87.1498,26.9396],[87.1483,26.9378],[87.1504,26.933],[87.1556,26.9329],[87.1583,26.9299],[87.1575,26.9282],[87.1537,26.9257],[87.1561,26.9157],[87.1568,26.9129],[87.1643,26.9078],[87.168,26.9011],[87.1686,26.8891],[87.1648,26.8779],[87.1793,26.8772],[87.1816,26.873],[87.1854,26.8707],[87.1881,26.871],[87.2004,26.8656],[87.2058,26.8664],[87.216,26.8634],[87.2181,26.8637],[87.2208,26.8689],[87.2235,26.871],[87.2266,26.8716],[87.2336,26.8788],[87.2364,26.8762],[87.241,26.8755],[87.2433,26.8729],[87.253,26.8698],[87.2564,26.8659],[87.2612,26.8677],[87.2646,26.8671],[87.2692,26.8691],[87.2738,26.8681],[87.2969,26.8749],[87.2989,26.874],[87.3014,26.8692],[87.3073,26.872],[87.3105,26.8705],[87.3122,26.8669],[87.3193,26.8625],[87.3238,26.8542],[87.3335,26.8554],[87.3433,26.8494],[87.3475,26.8497],[87.3577,26.8488],[87.364,26.846],[87.369,26.8458],[87.3769,26.8485],[87.3844,26.8536],[87.3863,26.8597],[87.392,26.8659],[87.4008,26.8634],[87.4103,26.8663],[87.4123,26.8682],[87.4214,26.8705],[87.4291,26.8636],[87.4316,26.8657],[87.4429,26.8644],[87.4438,26.8657],[87.4492,26.8643],[87.4518,26.862],[87.4524,26.8582],[87.4589,26.8616],[87.4605,26.8642],[87.4623,26.8622],[87.4648,26.8635],[87.472,26.8618],[87.474,26.8675],[87.4754,26.8664],[87.4772,26.8667],[87.4778,26.8683],[87.4837,26.8677],[87.4843,26.8699],[87.489,26.8726],[87.4963,26.8701],[87.4996,26.8704],[87.5024,26.8735],[87.5063,26.8719],[87.5075,26.8697],[87.5069,26.8654],[87.5084,26.864],[87.5074,26.8627],[87.5089,26.8613],[87.508,26.8593],[87.5093,26.8576],[87.5152,26.8613],[87.5204,26.8622],[87.5238,26.861],[87.528,26.8576],[87.5312,26.8574],[87.5343,26.8627],[87.5361,26.8617],[87.5397,26.8634],[87.5435,26.8623],[87.5512,26.8632],[87.555,26.8622],[87.5585,26.8635],[87.5629,26.8614],[87.5658,26.8576],[87.5732,26.857],[87.5757,26.8574],[87.5801,26.8614],[87.576,26.8659],[87.5746,26.8713],[87.5673,26.8721],[87.5629,26.8827],[87.5597,26.8849],[87.5515,26.8848],[87.5443,26.8892],[87.5408,26.8873],[87.5301,26.8849],[87.5222,26.8849],[87.5318,26.902],[87.5287,26.909],[87.5309,26.9111],[87.531,26.9139],[87.5269,26.9185],[87.5276,26.9206],[87.5224,26.9257],[87.524,26.9299],[87.5209,26.9346],[87.5244,26.9362],[87.5243,26.9384],[87.5255,26.9392],[87.5264,26.9576],[87.5238,26.961],[87.5182,26.963],[87.5165,26.9649],[87.5123,26.9651],[87.5064,26.9716],[87.5027,26.9717],[87.4958,26.9782],[87.4926,26.9854],[87.4883,26.9854],[87.4843,26.9833],[87.4825,26.9807],[87.485,26.9788],[87.4839,26.9756],[87.4781,26.9752],[87.4724,26.9778],[87.4684,26.9765],[87.4657,26.9733],[87.4636,26.968],[87.4589,26.9685],[87.4497,26.974],[87.4385,26.9715],[87.4393,26.9774],[87.4364,26.9836],[87.4413,26.9923],[87.4412,27.0062],[87.4374,27.0079],[87.4367,27.0104],[87.4334,27.0108],[87.4305,27.0143],[87.4316,27.0161],[87.4286,27.0299],[87.4298,27.0375],[87.4266,27.0463],[87.4195,27.053],[87.4113,27.0637],[87.4068,27.0655],[87.4013,27.0742],[87.3968,27.0936],[87.392,27.1025],[87.3941,27.1064],[87.393,27.111],[87.3946,27.1158],[87.3947,27.1234],[87.3971,27.1275],[87.4013,27.1297],[87.4068,27.1364]]]},"properties":{"DIST_EN":"Dhankuta","DIST_PCODE":"NP0107"}},
{"type":"Feature","geometry":{"type":"Polygon","coordinates":[[[86.2597,26.9191],[86.2572,26.9216],[86.257,26.9273],[86.2579,26.9284],[86.2554,26.9325],[86.2414,26.9399],[86.2354,26.9468],[86.2342,26.9505],[86.2266,26.9496],[86.2217,26.9549],[86.2188,26.9543],[86.2185,26.9578],[86.2102,26.9656],[86.1986,26.9706],[86.1926,26.975],[86.1915,26.9786],[86.1873,26.9775],[86.1876,26.9825],[86.1789,26.9844],[86.1764,26.9867],[86.1701,26.9891],[86.1672,26.9888],[86.1631,26.9919],[86.1545,26.9938],[86.1404,26.9993],[86.1253,27.0073],[86.1064,27.0152],[86.0892,27.0191],[86.0553,27.0182],[86.0491,27.019],[86.0475,27.0214],[86.0421,27.0196],[86.0303,27.0208],[86.0211,27.0192],[86.015,27.0201],[86.0123,27.0187],[86.0109,27.0205],[86.0093,27.0202],[86.0058,27.022],[86.0019,27.021],[85.9983,27.0232],[85.9917,27.0248],[85.9876,27.0284],[85.9858,27.0332],[85.9826,27.035],[85.9825,27.0369],[85.9709,27.051],[85.9697,27.061],[85.9661,27.0672],[85.9669,27.0704],[85.9655,27.0738],[85.9632,27.0732],[85.962,27.0799],[85.9556,27.0842],[85.9499,27.084],[85.951,27.0878],[85.9481,27.0882],[85.9441,27.0921],[85.9359,27.1102],[85.9381,27.1214],[85.9293,27.1256],[85.9141,27.1297],[85.9117,27.1324],[85.9056,27.1339],[85.9008,27.1272],[85.9058,27.1195],[85.9152,27.1133],[85.9199,27.1059],[85.933,27.1001],[85.9372,27.0964],[85.9385,27.0875],[85.9349,27.0769],[85.9358,27.0747],[85.9436,27.067],[85.9453,27.0616],[85.9406,27.0534],[85.932,27.043],[85.9272,27.0416],[85.9172,27.043],[85.9151,27.0415],[85.914,27.0377],[85.9159,27.0354],[85.9208,27.037],[85.923,27.0359],[85.9267,27.0312],[85.927,27.029],[85.9242,27.0246],[85.9152,27.0164],[85.9115,27.0081],[85.9123,27.0024],[85.9142,27.0003],[85.9137,26.9913],[85.9086,26.978],[85.909,26.9712],[85.9062,26.9609],[85.9079,26.9587],[85.9179,26.959],[85.9173,26.9503],[85.9138,26.9426],[85.9151,26.9385],[85.9128,26.9319],[85.9137,26.9264],[85.9129,26.9229],[85.9083,26.921],[85.9072,26.9177],[85.9052,26.9165],[85.9057,26.9137],[85.9038,26.9073],[85.9018,26.905],[85.9019,26.9008],[85.8989,26.8928],[85.8992,26.8871],[85.9003,26.8853],[85.8951,26.8776],[85.897,26.8736],[85.9065,26.8704],[85.9121,26.8702],[85.9167,26.8713],[85.9151,26.867],[85.9168,26.8654],[85.9167,26.8628],[85.918,26.861],[85.918,26.8553],[85.9197,26.8541],[85.9182,26.8507],[85.9198,26.8464],[85.9187,26.8452],[85.919,26.8418],[85.916,26.8373],[85.9177,26.8338],[85.9161,26.8329],[85.9157,26.8308],[85.9156,26.8195],[85.9112,26.8117],[85.9123,26.8064],[85.9098,26.8068],[85.9088,26.8053],[85.9108,26.802],[85.9081,26.7948],[85.9101,26.7927],[85.9087,26.7854],[85.9056,26.7848],[85.9051,26.7824],[85.9025,26.7827],[85.9007,26.7808],[85.8978,26.7757],[85.8977,26.7686],[85.8924,26.7626],[85.8884,26.7595],[85.8825,26.76],[85.8798,26.7523],[85.8809,26.7499],[85.8794,26.7462],[85.8817,26.7434],[85.8853,26.7423],[85.8856,26.7405],[85.8889,26.7378],[85.8884,26.7308],[85.8927,26.7257],[85.8936,26.7211],[85.8932,26.718],[85.8914,26.7176],[85.8919,26.7142],[85.8908,26.7138],[85.8909,26.7123],[85.889,26.712],[85.8892,26.7076],[85.8871,26.7049],[85.8875,26.7029],[85.8896,26.7014],[85.8869,26.6979],[85.891,26.6953],[85.8915,26.6919],[85.8948,26.6901],[85.895,26.6874],[85.8997,26.6868],[85.9047,26.6815],[85.9063,26.6815],[85.9058,26.6754],[85.9037,26.6716],[85.897,26.6687],[85.8982,26.6662],[85.9059,26.6645],[85.9044,26.6569],[85.9058,26.6561],[85.9041,26.6529],[85.8984,26.6519],[85.8945,26.6465],[85.891,26.6464],[85.8877,26.6445],[85.8876,26.6425],[85.8829,26.6411],[85.8805,26.636],[85.8786,26.6353],[85.8782,26.637],[85.8753,26.6372],[85.8743,26.6344],[85.872,26.6346],[85.8693,26.6285],[85.865,26.6287],[85.8631,26.6276],[85.8621,26.6183],[85.8549,26.6189],[85.8521,26.615],[85.8509,26.6105],[85.8547,26.6103],[85.8526,26.6043],[85.8578,26.59],[85.8483,26.5769],[85.8491,26.569],[85.8513,26.5685],[85.8565,26.5721],[85.8584,26.5712],[85.8585,26.569],[85.8682,26.575],[85.8706,26.5797],[85.8727,26.5787],[85.8758,26.5812],[85.8786,26.5818],[85.8795,26.5839],[85.8855,26.5824],[85.8878,26.5832],[85.8917,26.5945],[85.894,26.595],[85.8964,26.5938],[85.9007,26.5951],[85.9004,26.6004],[85.9057,26.6023],[85.9063,26.6036],[85.9131,26.6046],[85.9139,26.609],[85.9272,26.6097],[85.9264,26.6117],[85.9291,26.6143],[85.9285,26.6166],[85.9307,26.6161],[85.9327,26.6136],[85.938,26.6163],[85.9403,26.6133],[85.948,26.6136],[85.9461,26.6212],[85.9495,26.6248],[85.9516,26.6244],[85.9556,26.6307],[85.9524,26.6375],[85.954,26.6394],[85.9533,26.6439],[85.9565,26.6493],[85.9591,26.6494],[85.9602,26.6514],[85.9631,26.6506],[85.9651,26.6529],[85.9676,26.652],[85.9701,26.6552],[85.9732,26.6549],[85.9759,26.6583],[85.9998,26.655],[86.0059,26.6563],[86.0098,26.654],[86.0112,26.6546],[86.0128,26.6585],[86.0119,26.6596],[86.0187,26.6612],[86.028,26.6668],[86.0529,26.6603],[86.068,26.6579],[86.0699,26.657],[86.074,26.6498],[86.1007,26.6371],[86.1194,26.6301],[86.1385,26.629],[86.1409,26.6167],[86.1392,26.6164],[86.136,26.6066],[86.1425,26.6051],[86.1465,26.6088],[86.1513,26.6156],[86.1553,26.6259],[86.1537,26.6316],[86.1503,26.6346],[86.151,26.6378],[86.1531,26.6394],[86.1604,26.6408],[86.1641,26.6389],[86.166,26.6394],[86.1684,26.6417],[86.1701,26.6523],[86.1763,26.6525],[86.1825,26.6549],[86.1889,26.6637],[86.1937,26.6647],[86.1965,26.6668],[86.1978,26.6696],[86.197,26.6772],[86.2002,26.6848],[86.1996,26.6869],[86.197,26.6889],[86.1949,26.6978],[86.193,26.6986],[86.1944,26.7007],[86.1919,26.7065],[86.193,26.7124],[86.189,26.7151],[86.1869,26.7202],[86.1834,26.7226],[86.1805,26.7323],[86.1766,26.7396],[86.175,26.7477],[86.1715,26.75],[86.1626,26.7502],[86.1573,26.7548],[86.157,26.7583],[86.1545,26.7631],[86.1478,26.7705],[86.148,26.7799],[86.1445,26.7872],[86.1455,26.7899],[86.1505,26.795],[86.1524,26.8016],[86.1517,26.81],[86.1549,26.8209],[86.1494,26.831],[86.15,26.8367],[86.1536,26.8403],[86.1552,26.8449],[86.153,26.852],[86.145,26.8555],[86.1424,26.8618],[86.1398,26.8641],[86.1416,26.8708],[86.1356,26.8809],[86.135,26.8873],[86.1311,26.8915],[86.1343,26.8982],[86.1319,26.9095],[86.1335,26.9168],[86.136,26.9178],[86.1435,26.9272],[86.1471,26.929],[86.1515,26.9337],[86.1549,26.9352],[86.1582,26.9348],[86.1575,26.93],[86.1585,26.926],[86.1711,26.92],[86.1869,26.9065],[86.1919,26.9042],[86.2,26.9055],[86.2037,26.9001],[86.2159,26.8962],[86.2166,26.8923],[86.221,26.8885],[86.224,26.8911],[86.2221,26.8992],[86.2242,26.9038],[86.2361,26.9034],[86.2418,26.9055],[86.2462,26.9151],[86.2524,26.9116],[86.2565,26.9118],[86.2593,26.9145],[86.2597,26.9191]]]},"properties":{"DIST_EN":"Dhanusha","DIST_PCODE":"NP0217"}},
{"type":"Feature","geometry":{"type":"Polygon","coordinates":[[[86.5156,27.9566],[86.4977,27.9572],[86.4939,27.9548],[86.4935,27.9524],[86.4862,27.9516],[86.4815,27.9479],[86.4747,27.9483],[86.4694,27.9462],[86.4664,27.9413],[86.4699,27.9349],[86.4699,27.93],[86.4594,27.9223],[86.4567,27.919],[86.4556,27.9151],[86.451,27.9145],[86.4457,27.912],[86.4425,27.9057],[86.4393,27.9077],[86.4292,27.9096],[86.4213,27.9091],[86.4108,27.9066],[86.4063,27.9127],[86.4054,27.9167],[86.3971,27.9242],[86.3909,27.9259],[86.3873,27.9318],[86.3813,27.9379],[86.3706,27.941],[86.3583,27.9414],[86.3479,27.9376],[86.3376,27.9495],[86.3395,27.9536],[86.3355,27.96],[86.3353,27.9651],[86.3188,27.9479],[86.3123,27.9503],[86.3074,27.9563],[86.3041,27.9556],[86.303,27.9586],[86.2996,27.9612],[86.2998,27.9677],[86.2966,27.973],[86.2888,27.9784],[86.2811,27.9771],[86.2781,27.9788],[86.2664,27.9805],[86.2548,27.9784],[86.249,27.9751],[86.2488,27.9763],[86.2374,27.9731],[86.2332,27.9742],[86.2317,27.9774],[86.2265,27.9816],[86.2229,27.9927],[86.2224,28.0041],[86.2201,28.0101],[86.221,28.0232],[86.2252,28.0287],[86.2248,28.0331],[86.2194,28.0367],[86.2176,28.0403],[86.2177,28.0439],[86.2154,28.0463],[86.217,28.0511],[86.2118,28.059],[86.2097,28.0654],[86.2096,28.0724],[86.2063,28.0764],[86.2042,28.084],[86.2077,28.0894],[86.2077,28.0943],[86.2097,28.0953],[86.2225,28.0958],[86.2185,28.109],[86.2198,28.1117],[86.2182,28.1149],[86.2141,28.118],[86.2122,28.1236],[86.2056,28.1331],[86.2012,28.134],[86.1972,28.1383],[86.1956,28.1513],[86.1975,28.153],[86.1973,28.1564],[86.1921,28.1604],[86.1926,28.1667],[86.1896,28.1684],[86.1894,28.173],[86.1867,28.1742],[86.1758,28.17],[86.1739,28.1683],[86.1762,28.1626],[86.1759,28.1549],[86.1789,28.1493],[86.1781,28.1436],[86.1661,28.1381],[86.1603,28.138],[86.1523,28.1305],[86.1455,28.1284],[86.142,28.1261],[86.1419,28.1204],[86.1405,28.1178],[86.1369,28.1185],[86.1324,28.1166],[86.1331,28.1109],[86.1317,28.1075],[86.1329,28.106],[86.131,28.1042],[86.1302,28.1001],[86.1277,28.0996],[86.1241,28.0953],[86.1179,28.0914],[86.1103,28.0917],[86.108,28.0936],[86.1041,28.093],[86.0989,28.0964],[86.0921,28.0978],[86.089,28.0943],[86.0828,28.0909],[86.0841,28.0902],[86.0847,28.0818],[86.0876,28.0739],[86.0916,28.0693],[86.0949,28.0619],[86.0896,28.0576],[86.0875,28.0494],[86.0891,28.0438],[86.0874,28.0404],[86.0905,28.0332],[86.0881,28.0288],[86.08,28.0225],[86.0794,28.0204],[86.0823,28.0137],[86.0857,28.0114],[86.089,28.0061],[86.0915,28.0052],[86.0936,28.0002],[86.0958,27.9989],[86.0964,27.996],[86.0994,27.993],[86.1036,27.9842],[86.1068,27.9679],[86.1095,27.9615],[86.1091,27.9581],[86.1071,27.9559],[86.1132,27.9497],[86.1154,27.9455],[86.1237,27.9416],[86.1263,27.9337],[86.123,27.927],[86.118,27.9273],[86.109,27.9244],[86.104,27.9249],[86.1012,27.923],[86.0905,27.9201],[86.0873,27.9169],[86.0796,27.9143],[86.075,27.9108],[86.0665,27.9111],[86.0694,27.9057],[86.067,27.9039],[86.065,27.8998],[86.0563,27.8953],[86.0478,27.8861],[86.0486,27.8814],[86.0443,27.8747],[86.0425,27.8678],[86.0341,27.8657],[86.0305,27.8628],[86.0249,27.8461],[86.0105,27.8395],[86.0025,27.8302],[86.0097,27.8191],[86.0128,27.8177],[86.0148,27.8141],[86.0198,27.8096],[86.0226,27.8008],[86.0218,27.7911],[86.0261,27.785],[86.0198,27.7725],[86.0233,27.7663],[86.028,27.7633],[86.0341,27.7566],[86.0303,27.7423],[86.0279,27.7394],[86.0258,27.741],[86.0231,27.7407],[86.0129,27.7447],[86.0046,27.7452],[86.0017,27.7433],[85.9952,27.7421],[85.9772,27.7354],[85.9698,27.7409],[85.9654,27.7425],[85.961,27.7422],[85.961,27.7359],[85.9532,27.7295],[85.9519,27.7225],[85.9436,27.7144],[85.9373,27.711],[85.9363,27.709],[85.9365,27.7027],[85.9392,27.6979],[85.9389,27.6935],[85.9342,27.6876],[85.9382,27.6773],[85.9392,27.6692],[85.9344,27.668],[85.9309,27.665],[85.9277,27.665],[85.9261,27.6637],[85.9182,27.6635],[85.916,27.6593],[85.9151,27.6469],[85.9096,27.6421],[85.9106,27.6371],[85.9039,27.6318],[85.8987,27.6303],[85.8911,27.6245],[85.8891,27.6199],[85.8852,27.616],[85.8844,27.6141],[85.8855,27.6121],[85.8912,27.6122],[85.8968,27.6094],[85.9014,27.6095],[85.9097,27.6042],[85.9151,27.6051],[85.9191,27.6034],[85.9209,27.6003],[85.925,27.5987],[85.9272,27.5994],[85.9306,27.5953],[85.9339,27.5951],[85.9363,27.593],[85.9409,27.5938],[85.9421,27.5909],[85.9523,27.5891],[85.9526,27.5865],[85.9552,27.5828],[85.9615,27.5797],[85.9619,27.578],[85.9647,27.5764],[85.9662,27.5728],[85.9739,27.5659],[85.9823,27.5551],[85.9921,27.5484],[85.9941,27.5456],[85.9977,27.546],[86.0006,27.5412],[85.9917,27.5232],[85.9878,27.5196],[85.9871,27.5102],[85.9881,27.5078],[85.9937,27.508],[85.9947,27.5036],[85.9993,27.5068],[86.0006,27.5024],[86.0074,27.5033],[86.0091,27.5012],[86.0162,27.5022],[86.0216,27.5008],[86.0246,27.5022],[86.0318,27.503],[86.0408,27.4991],[86.0427,27.4999],[86.0445,27.498],[86.0462,27.4998],[86.0483,27.4983],[86.0537,27.4994],[86.0556,27.5011],[86.0566,27.5006],[86.0569,27.5019],[86.0581,27.4991],[86.0599,27.5018],[86.0596,27.4981],[86.0617,27.4969],[86.0627,27.499],[86.0648,27.4993],[86.0651,27.5022],[86.0687,27.5003],[86.0726,27.5007],[86.074,27.502],[86.0778,27.4968],[86.0804,27.4975],[86.0836,27.4966],[86.0935,27.5003],[86.0961,27.4982],[86.0986,27.4984],[86.1068,27.4889],[86.1103,27.4822],[86.1144,27.4807],[86.1152,27.478],[86.1125,27.4748],[86.1158,27.4742],[86.1178,27.4763],[86.1226,27.4782],[86.1294,27.49],[86.1321,27.4902],[86.1368,27.4953],[86.1419,27.4959],[86.1431,27.5024],[86.1424,27.5095],[86.1475,27.5134],[86.1474,27.5157],[86.1508,27.5159],[86.1498,27.5178],[86.1526,27.5247],[86.152,27.5276],[86.1534,27.5283],[86.1523,27.5315],[86.1545,27.5332],[86.1549,27.5365],[86.1583,27.5387],[86.1582,27.5414],[86.1606,27.5417],[86.1639,27.5463],[86.1701,27.551],[86.1728,27.5508],[86.1765,27.5554],[86.1844,27.5591],[86.1919,27.572],[86.1963,27.5743],[86.2028,27.5804],[86.2083,27.581],[86.2103,27.5823],[86.2155,27.5818],[86.2179,27.5835],[86.2218,27.5832],[86.2245,27.5851],[86.2357,27.5864],[86.2384,27.5892],[86.2469,27.5909],[86.2485,27.593],[86.2585,27.5953],[86.2608,27.5983],[86.2689,27.5951],[86.2755,27.5983],[86.2815,27.6042],[86.2863,27.6029],[86.2888,27.6034],[86.2949,27.609],[86.2986,27.6104],[86.3004,27.6148],[86.303,27.6158],[86.3022,27.6187],[86.306,27.6273],[86.3064,27.6352],[86.3117,27.646],[86.3168,27.6487],[86.3302,27.6614],[86.333,27.6668],[86.3333,27.6732],[86.336,27.6759],[86.3393,27.6833],[86.345,27.6863],[86.3519,27.694],[86.3625,27.6917],[86.3758,27.6924],[86.3782,27.6938],[86.3816,27.7013],[86.3908,27.7069],[86.3966,27.7123],[86.4066,27.7168],[86.4091,27.719],[86.4206,27.7156],[86.4254,27.7229],[86.4276,27.7332],[86.4271,27.737],[86.423,27.7412],[86.4172,27.7427],[86.4105,27.7466],[86.4111,27.75],[86.4126,27.7514],[86.4103,27.7608],[86.414,27.7672],[86.4119,27.7702],[86.4131,27.7749],[86.4221,27.7857],[86.4107,27.7907],[86.4149,27.792],[86.4175,27.7942],[86.4179,27.7983],[86.4165,27.8012],[86.4193,27.8036],[86.4197,27.8135],[86.4229,27.8148],[86.4293,27.815],[86.4387,27.8284],[86.45,27.8325],[86.456,27.8235],[86.4614,27.8232],[86.4704,27.8262],[86.4737,27.8214],[86.4789,27.821],[86.4802,27.8116],[86.4867,27.8089],[86.4985,27.8138],[86.5001,27.8134],[86.5033,27.809],[86.5107,27.8064],[86.5193,27.8075],[86.5247,27.8058],[86.5381,27.8074],[86.5407,27.8086],[86.5424,27.8112],[86.5404,27.8149],[86.5405,27.8177],[86.5435,27.8215],[86.5444,27.8291],[86.5489,27.8404],[86.5501,27.8484],[86.5541,27.8571],[86.5541,27.863],[86.551,27.8762],[86.5546,27.8855],[86.5517,27.8983],[86.5542,27.9027],[86.5547,27.9079],[86.5498,27.9191],[86.5478,27.9305],[86.5397,27.9349],[86.5337,27.9421],[86.5222,27.94],[86.5199,27.9441],[86.5182,27.9532],[86.5156,27.9566]]]},"properties":{"DIST_EN":"Dolakha","DIST_PCODE":"NP0322"}},
{"type":"Feature","geometry":{"type":"Polygon","coordinates":[[[83.6574,29.1762],[83.6496,29.1685],[83.6461,29.1689],[83.644,29.1671],[83.6444,29.1638],[83.6417,29.1613],[83.6334,29.1585],[83.6296,29.1606],[83.6267,29.1656],[83.6228,29.1684],[83.6147,29.1714],[83.6144,29.1749],[83.6102,29.1808],[83.6075,29.1811],[83.6044,29.1782],[83.5962,29.175],[83.5902,29.1742],[83.5786,29.1789],[83.5761,29.1802],[83.5769,29.1847],[83.5756,29.1882],[83.57,29.1905],[83.5695,29.1968],[83.5723,29.1993],[83.5721,29.2026],[83.5654,29.2043],[83.5632,29.2061],[83.5601,29.2045],[83.5555,29.2041],[83.5524,29.2002],[83.5391,29.2027],[83.5361,29.2039],[83.5342,29.2066],[83.531,29.2083],[83.5305,29.2134],[83.5189,29.2186],[83.5176,29.2215],[83.5182,29.2267],[83.5152,29.2281],[83.5165,29.2315],[83.5215,29.2354],[83.5228,29.2383],[83.5178,29.2406],[83.5195,29.2451],[83.5161,29.2481],[83.5143,29.2527],[83.5148,29.2559],[83.5085,29.257],[83.5042,29.2556],[83.5028,29.2595],[83.4967,29.2628],[83.4941,29.2628],[83.4916,29.2649],[83.491,29.2666],[83.4932,29.2701],[83.4935,29.2739],[83.492,29.2753],[83.4873,29.2762],[83.4877,29.28],[83.4788,29.2811],[83.4737,29.2776],[83.4719,29.2745],[83.4694,29.2736],[83.4669,29.2738],[83.4627,29.2767],[83.4622,29.2825],[83.46,29.2862],[83.4549,29.2866],[83.4558,29.291],[83.4505,29.2939],[83.4514,29.2976],[83.4484,29.2993],[83.4437,29.2998],[83.4443,29.3065],[83.4383,29.3089],[83.44,29.3127],[83.4394,29.317],[83.4432,29.3207],[83.4466,29.3291],[83.4425,29.3358],[83.445,29.3403],[83.4424,29.345],[83.438,29.3502],[83.4287,29.3499],[83.4235,29.3564],[83.4173,29.3563],[83.4152,29.3591],[83.4174,29.3637],[83.4132,29.3669],[83.4152,29.3711],[83.4155,29.3761],[83.4118,29.3803],[83.4227,29.3847],[83.4236,29.3872],[83.4213,29.3917],[83.4205,29.3975],[83.4262,29.4025],[83.4207,29.4054],[83.416,29.4104],[83.4143,29.4209],[83.4128,29.422],[83.3968,29.4215],[83.3911,29.4229],[83.3812,29.4232],[83.3772,29.4274],[83.3715,29.4286],[83.3708,29.4344],[83.3644,29.4398],[83.3631,29.4463],[83.3662,29.4501],[83.362,29.4519],[83.3567,29.4507],[83.3538,29.4514],[83.3516,29.4589],[83.3424,29.4659],[83.3441,29.4685],[83.3435,29.4732],[83.3421,29.4751],[83.3477,29.4786],[83.3479,29.4848],[83.3455,29.4893],[83.3473,29.4923],[83.3445,29.4948],[83.3321,29.5],[83.3293,29.5036],[83.3204,29.5046],[83.3158,29.509],[83.3121,29.507],[83.3094,29.5028],[83.3024,29.4997],[83.2935,29.5044],[83.2921,29.5028],[83.2821,29.4988],[83.2753,29.5027],[83.2716,29.5079],[83.2675,29.5075],[83.2684,29.5112],[83.2667,29.5135],[83.269,29.517],[83.268,29.5194],[83.2688,29.5222],[83.2651,29.5261],[83.2639,29.533],[83.2607,29.5368],[83.2559,29.5393],[83.2563,29.5411],[83.2542,29.5447],[83.2589,29.5511],[83.2554,29.5568],[83.2589,29.5573],[83.264,29.555],[83.2688,29.5567],[83.274,29.5545],[83.2788,29.5579],[83.2822,29.5576],[83.284,29.5629],[83.2779,29.569],[83.2695,29.5683],[83.2615,29.5737],[83.2612,29.5776],[83.2471,29.5767],[83.2424,29.5783],[83.232,29.5779],[83.2295,29.5815],[83.2145,29.5893],[83.2168,29.5946],[83.2163,29.5978],[83.2181,29.6012],[83.2181,29.6055],[83.2051,29.6076],[83.1989,29.6063],[83.1968,29.6112],[83.1911,29.6083],[83.1877,29.6083],[83.1863,29.606],[83.1888,29.6009],[83.1884,29.5975],[83.18,29.593],[83.1754,29.5923],[83.1682,29.5958],[83.164,29.5944],[83.1591,29.5964],[83.1599,29.6031],[83.1635,29.6091],[83.1652,29.616],[83.1501,29.6239],[83.145,29.6226],[83.1421,29.6249],[83.1357,29.6225],[83.1315,29.6179],[83.1204,29.6286],[83.1169,29.6248],[83.1165,29.6165],[83.1086,29.6169],[83.1054,29.6184],[83.1011,29.6143],[83.0902,29.612],[83.0895,29.6085],[83.0923,29.6054],[83.0857,29.6028],[83.0816,29.6067],[83.0694,29.61],[83.0683,29.6136],[83.0654,29.6166],[83.0663,29.6186],[83.0655,29.6261],[83.0621,29.6275],[83.0546,29.6268],[83.0499,29.63],[83.0434,29.6309],[83.0385,29.648],[83.0335,29.6542],[83.0236,29.6502],[83.0211,29.6507],[83.0211,29.6578],[83.0141,29.6605],[83.0138,29.665],[83.0109,29.6675],[83.0086,29.6726],[83.0006,29.6646],[82.9961,29.6649],[82.9917,29.6634],[82.985,29.6685],[82.9731,29.6671],[82.9707,29.666],[82.9703,29.6642],[82.965,29.6625],[82.9557,29.6627],[82.9473,29.669],[82.9468,29.6733],[82.941,29.6742],[82.945,29.6851],[82.9479,29.6879],[82.9485,29.6916],[82.9425,29.6954],[82.9359,29.7032],[82.9355,29.7055],[82.9268,29.7007],[82.9196,29.7061],[82.9151,29.7064],[82.9083,29.7004],[82.899,29.7027],[82.891,29.7014],[82.8879,29.6997],[82.8862,29.6928],[82.8815,29.6916],[82.8769,29.692],[82.8683,29.6863],[82.8607,29.6846],[82.8579,29.6847],[82.8564,29.6866],[82.8496,29.6878],[82.8466,29.69],[82.8387,29.6918],[82.8333,29.6893],[82.8271,29.6898],[82.8262,29.6766],[82.829,29.6692],[82.827,29.6491],[82.823,29.6459],[82.8203,29.6482],[82.8155,29.6466],[82.8128,29.6424],[82.8053,29.6384],[82.7984,29.6395],[82.7943,29.6316],[82.7967,29.6192],[82.7962,29.6139],[82.7993,29.6119],[82.8015,29.6036],[82.806,29.5997],[82.806,29.5949],[82.8095,29.5929],[82.8092,29.5884],[82.8076,29.5866],[82.8134,29.5766],[82.8143,29.566],[82.8178,29.563],[82.8192,29.5595],[82.8136,29.5558],[82.8084,29.5565],[82.8032,29.5515],[82.8029,29.5496],[82.799,29.5458],[82.7961,29.5376],[82.7926,29.5362],[82.7921,29.5339],[82.785,29.5257],[82.785,29.5234],[82.7868,29.5217],[82.7865,29.5187],[82.7816,29.5144],[82.7783,29.516],[82.774,29.5162],[82.7649,29.5143],[82.7666,29.5125],[82.7659,29.5116],[82.755,29.5106],[82.7481,29.5075],[82.7318,29.5077],[82.728,29.5005],[82.7264,29.5002],[82.7286,29.4905],[82.7235,29.4793],[82.7345,29.4703],[82.7353,29.4679],[82.7264,29.4556],[82.7253,29.4489],[82.7172,29.4449],[82.7194,29.4411],[82.7148,29.4317],[82.7025,29.4271],[82.6983,29.4286],[82.6903,29.4252],[82.6867,29.4218],[82.6858,29.4184],[82.6872,29.4126],[82.6782,29.4084],[82.6757,29.404],[82.6731,29.4025],[82.6707,29.4016],[82.6639,29.4028],[82.6609,29.4019],[82.6591,29.3998],[82.6592,29.3954],[82.6421,29.3854],[82.6399,29.3896],[82.6355,29.3932],[82.6278,29.3952],[82.6239,29.3983],[82.6269,29.4136],[82.6263,29.4216],[82.6233,29.4246],[82.6148,29.4234],[82.5986,29.4235],[82.5927,29.4211],[82.5862,29.4226],[82.5808,29.4162],[82.574,29.4139],[82.5585,29.4115],[82.5574,29.4038],[82.5531,29.3952],[82.5526,29.3887],[82.5481,29.3803],[82.55,29.3765],[82.5572,29.3736],[82.5609,29.3676],[82.5681,29.3655],[82.5686,29.3605],[82.5719,29.3568],[82.5705,29.3522],[82.5705,29.3458],[82.5744,29.3414],[82.5749,29.3376],[82.5818,29.3363],[82.5837,29.3321],[82.5904,29.3268],[82.5913,29.3143],[82.5889,29.3069],[82.5907,29.3031],[82.5805,29.2955],[82.5713,29.2914],[82.5602,29.2892],[82.5569,29.2871],[82.5505,29.2798],[82.5522,29.2724],[82.552,29.2658],[82.5474,29.26],[82.5408,29.2564],[82.5386,29.2533],[82.531,29.2501],[82.5321,29.2476],[82.538,29.2464],[82.5402,29.2439],[82.5392,29.2405],[82.5341,29.2367],[82.5359,29.2321],[82.5387,29.231],[82.5431,29.2269],[82.5452,29.2199],[82.5439,29.2159],[82.5457,29.2123],[82.5541,29.2047],[82.5623,29.2033],[82.5704,29.1964],[82.577,29.195],[82.5822,29.1907],[82.5785,29.18],[82.5711,29.1717],[82.5678,29.1735],[82.5645,29.1712],[82.5609,29.171],[82.555,29.1656],[82.5422,29.1634],[82.531,29.1639],[82.5145,29.1564],[82.5031,29.16],[82.4886,29.1618],[82.482,29.1608],[82.4723,29.1638],[82.4675,29.163],[82.4608,29.1569],[82.4551,29.1563],[82.4463,29.1577],[82.4332,29.1462],[82.4343,29.1392],[82.4171,29.1362],[82.4157,29.1326],[82.4171,29.1275],[82.4137,29.1234],[82.4181,29.1196],[82.4168,29.1144],[82.4182,29.1109],[82.415,29.106],[82.4157,29.0995],[82.4118,29.0956],[82.4108,29.0905],[82.4084,29.0871],[82.4087,29.0818],[82.4036,29.0728],[82.4047,29.0694],[82.4036,29.0646],[82.4065,29.0575],[82.4055,29.0464],[82.4037,29.0406],[82.399,29.0379],[82.3983,29.0271],[82.3922,29.0178],[82.396,29.0128],[82.3973,29.0045],[82.3988,29.0029],[82.4127,29.0042],[82.4212,29.0007],[82.4284,28.9992],[82.4331,28.9936],[82.4388,28.9906],[82.4479,28.9911],[82.4496,28.9924],[82.4543,28.9899],[82.4578,28.9899],[82.4612,28.9914],[82.4656,28.9962],[82.4679,29.0028],[82.4794,29.0064],[82.4808,29.0117],[82.485,29.0149],[82.4941,29.0166],[82.4981,29.0151],[82.5065,29.0158],[82.5169,29.0125],[82.5243,29.0145],[82.5284,29.0123],[82.5356,29.0114],[82.5469,29.0044],[82.5529,29.0048],[82.5718,28.9975],[82.5778,28.9937],[82.5802,28.9905],[82.5784,28.9899],[82.5843,28.9871],[82.5886,28.9869],[82.5935,28.9809],[82.5994,28.9826],[82.6127,28.9776],[82.6149,28.9783],[82.6297,28.9711],[82.6405,28.9629],[82.6476,28.9629],[82.6529,28.9648],[82.6671,28.9626],[82.6669,28.9587],[82.6708,28.9455],[82.6757,28.9392],[82.6782,28.9333],[82.6847,28.9253],[82.6865,28.9173],[82.6902,28.9138],[82.6949,28.9124],[82.6998,28.9085],[82.7003,28.9011],[82.6933,28.8942],[82.6909,28.8884],[82.6917,28.8866],[82.6949,28.8863],[82.6975,28.8877],[82.6998,28.8828],[82.6983,28.872],[82.6957,28.8647],[82.7047,28.8547],[82.7082,28.8541],[82.7121,28.8516],[82.7237,28.8498],[82.7264,28.8464],[82.7292,28.8477],[82.7361,28.848],[82.7383,28.8461],[82.7426,28.8453],[82.7479,28.8327],[82.7548,28.8256],[82.7568,28.8211],[82.7594,28.8199],[82.7601,28.8161],[82.7636,28.8137],[82.7658,28.8086],[82.7715,28.815],[82.7783,28.8196],[82.7818,28.8243],[82.7934,28.8199],[82.7968,28.8216],[82.7994,28.8207],[82.8171,28.8313],[82.8203,28.8299],[82.8335,28.8303],[82.8357,28.8317],[82.8395,28.8295],[82.8413,28.827],[82.8438,28.8265],[82.848,28.8274],[82.8546,28.8322],[82.8642,28.8319],[82.8658,28.834],[82.8676,28.8343],[82.8732,28.8312],[82.8796,28.8304],[82.8859,28.8262],[82.8929,28.8267],[82.8961,28.8247],[82.8981,28.8255],[82.9008,28.8293],[82.9038,28.8296],[82.9049,28.8324],[82.9103,28.8311],[82.9176,28.8314],[82.926,28.8276],[82.9302,28.8271],[82.9373,28.828],[82.9421,28.8271],[82.9472,28.829],[82.9497,28.8277],[82.9507,28.8239],[82.9567,28.821],[82.9599,28.8199],[82.9659,28.8204],[82.9659,28.8166],[82.9682,28.8158],[82.9702,28.8114],[82.9738,28.8093],[82.9759,28.8034],[82.9809,28.8008],[82.9869,28.8026],[82.9905,28.8017],[82.9974,28.8039],[83.0052,28.7996],[83.0123,28.799],[83.0224,28.7908],[83.0301,28.7932],[83.0361,28.7928],[83.0457,28.7865],[83.058,28.7858],[83.0652,28.7839],[83.0684,28.78],[83.0726,28.7835],[83.0793,28.7862],[83.0818,28.7795],[83.0851,28.7779],[83.0952,28.7677],[83.0982,28.7666],[83.1023,28.7603],[83.1026,28.7535],[83.1122,28.7473],[83.1137,28.7436],[83.1277,28.746],[83.1324,28.7481],[83.1373,28.7479],[83.1415,28.7464],[83.1454,28.7472],[83.1541,28.7478],[83.1666,28.7452],[83.1865,28.7436],[83.1972,28.738],[83.2001,28.7353],[83.21,28.732],[83.2161,28.7339],[83.223,28.7406],[83.2293,28.7429],[83.237,28.7397],[83.2394,28.7349],[83.248,28.7304],[83.2591,28.7263],[83.2706,28.7252],[83.2769,28.722],[83.282,28.7257],[83.2979,28.7318],[83.3086,28.7327],[83.3131,28.7357],[83.3201,28.7362],[83.3256,28.738],[83.3313,28.7382],[83.3454,28.7356],[83.3499,28.7361],[83.3563,28.7337],[83.362,28.7342],[83.3743,28.7445],[83.3777,28.754],[83.3834,28.7565],[83.3885,28.7631],[83.4003,28.7608],[83.4104,28.7607],[83.4364,28.7688],[83.4423,28.7697],[83.4461,28.769],[83.4563,28.7738],[83.4612,28.7801],[83.4835,28.7829],[83.4844,28.787],[83.4869,28.7907],[83.4877,28.8038],[83.4857,28.8073],[83.4851,28.8123],[83.4801,28.8172],[83.4797,28.8242],[83.4836,28.8323],[83.4803,28.8378],[83.4817,28.8447],[83.492,28.8465],[83.498,28.8427],[83.5018,28.8462],[83.5021,28.8518],[83.5063,28.857],[83.506,28.8652],[83.4995,28.8773],[83.5061,28.8848],[83.5147,28.8896],[83.5229,28.898],[83.5275,28.9039],[83.5286,28.9087],[83.5354,28.9114],[83.5462,28.9219],[83.5495,28.9269],[83.5565,28.9338],[83.5579,28.9385],[83.557,28.9417],[83.5587,28.9449],[83.5622,28.9452],[83.567,28.9434],[83.5713,28.9473],[83.5749,28.954],[83.5801,28.9562],[83.5826,28.9613],[83.5817,28.965],[83.5855,28.9678],[83.5874,28.9726],[83.5869,28.977],[83.5921,28.9837],[83.5992,28.9857],[83.6046,28.9802],[83.6093,28.9803],[83.6102,28.983],[83.615,28.9878],[83.6145,28.9987],[83.617,29.0062],[83.612,29.0148],[83.6154,29.0168],[83.6166,29.019],[83.6141,29.0224],[83.6154,29.0276],[83.6126,29.036],[83.619,29.0458],[83.6182,29.0552],[83.6196,29.0598],[83.6266,29.0625],[83.631,29.0625],[83.6315,29.065],[83.6295,29.0716],[83.6307,29.0811],[83.6279,29.0826],[83.6265,29.0858],[83.6234,29.0883],[83.6161,29.0927],[83.615,29.0944],[83.6156,29.0984],[83.6206,29.0979],[83.6289,29.1069],[83.6363,29.1074],[83.6462,29.1042],[83.6499,29.1045],[83.6526,29.1093],[83.6506,29.1135],[83.6515,29.1191],[83.6603,29.1245],[83.6684,29.1233],[83.6804,29.1235],[83.6789,29.1251],[83.6793,29.1317],[83.675,29.1371],[83.676,29.1486],[83.6722,29.1529],[83.6633,29.1558],[83.6621,29.165],[83.6661,29.1698],[83.6625,29.1735],[83.6574,29.1762]]]},"properties":{"DIST_EN":"Dolpa","DIST_PCODE":"NP0662"}},
{"type":"Feature","geometry":{"type":"Polygon","coordinates":[[[81.1868,29.3979],[81.1841,29.3998],[81.1861,29.4046],[81.1843,29.4067],[81.1743,29.4111],[81.1707,29.4116],[81.1697,29.4054],[81.1637,29.3948],[81.1613,29.3942],[81.1596,29.3955],[81.1557,29.3959],[81.1501,29.3939],[81.1464,29.3942],[81.144,29.3909],[81.1393,29.3943],[81.1383,29.3998],[81.1317,29.4043],[81.1285,29.4047],[81.1255,29.4028],[81.1246,29.3984],[81.1192,29.3957],[81.1083,29.3999],[81.1059,29.4044],[81.0957,29.4078],[81.0859,29.4071],[81.0811,29.4101],[81.0767,29.4063],[81.0708,29.4077],[81.0626,29.4055],[81.0535,29.4089],[81.0478,29.4133],[81.0436,29.4113],[81.0336,29.4118],[81.026,29.4168],[81.024,29.4215],[81.0226,29.4219],[81.0088,29.42],[81.0004,29.4129],[80.9903,29.408],[80.9869,29.4052],[80.9783,29.4037],[80.971,29.4003],[80.9614,29.3993],[80.954,29.4014],[80.9497,29.3999],[80.947,29.4005],[80.9395,29.3976],[80.9358,29.4009],[80.9314,29.4108],[80.9322,29.4175],[80.9274,29.4218],[80.9263,29.4258],[80.9162,29.4314],[80.9118,29.4457],[80.9083,29.4441],[80.9083,29.4415],[80.9074,29.4386],[80.902,29.437],[80.8999,29.4332],[80.8967,29.432],[80.8917,29.4246],[80.8845,29.4218],[80.8753,29.4125],[80.8679,29.4116],[80.862,29.4144],[80.8611,29.4107],[80.8521,29.4076],[80.8524,29.4054],[80.8592,29.3993],[80.8602,29.3965],[80.8584,29.3876],[80.8532,29.3787],[80.8507,29.3767],[80.8452,29.3755],[80.8405,29.3772],[80.8353,29.3812],[80.8268,29.3714],[80.8201,29.3696],[80.8147,29.3648],[80.8083,29.3665],[80.8014,29.3649],[80.7858,29.3664],[80.7784,29.3647],[80.7747,29.365],[80.7712,29.3616],[80.7702,29.3574],[80.7666,29.358],[80.7646,29.3633],[80.7621,29.3626],[80.7612,29.3587],[80.7623,29.3514],[80.7611,29.349],[80.7581,29.349],[80.7573,29.3463],[80.7614,29.3409],[80.7628,29.3359],[80.7592,29.3319],[80.7624,29.3262],[80.7694,29.3231],[80.7714,29.3183],[80.7764,29.3155],[80.7718,29.3121],[80.7725,29.3019],[80.7688,29.3029],[80.7662,29.3019],[80.764,29.3051],[80.7563,29.3089],[80.7522,29.308],[80.7476,29.3025],[80.7413,29.3016],[80.7384,29.3027],[80.7373,29.2994],[80.7342,29.2987],[80.736,29.297],[80.7327,29.2942],[80.7326,29.2921],[80.7362,29.29],[80.7388,29.2909],[80.7398,29.2884],[80.7437,29.2879],[80.7458,29.2846],[80.7459,29.2818],[80.7435,29.2777],[80.7438,29.2748],[80.7507,29.2738],[80.7564,29.2696],[80.7568,29.2676],[80.7548,29.2668],[80.7483,29.2546],[80.7469,29.2548],[80.7441,29.2517],[80.7413,29.2513],[80.7409,29.2495],[80.7383,29.2493],[80.7357,29.2475],[80.739,29.247],[80.7391,29.2452],[80.7373,29.2458],[80.7239,29.2362],[80.7145,29.2355],[80.71,29.2341],[80.7068,29.2314],[80.7078,29.2253],[80.7019,29.2168],[80.7068,29.2118],[80.7064,29.2019],[80.7043,29.1922],[80.7,29.1947],[80.6979,29.1887],[80.695,29.1879],[80.6881,29.1908],[80.6788,29.1915],[80.6746,29.189],[80.6734,29.1851],[80.6705,29.1829],[80.6623,29.1832],[80.6458,29.1782],[80.6422,29.1789],[80.6294,29.1764],[80.6235,29.1776],[80.6198,29.1811],[80.6168,29.18],[80.6078,29.1736],[80.6055,29.1703],[80.5984,29.1702],[80.5924,29.1633],[80.5912,29.1571],[80.5939,29.1541],[80.5912,29.148],[80.5763,29.1478],[80.5743,29.1456],[80.5667,29.1445],[80.5655,29.1424],[80.5664,29.1382],[80.5648,29.1355],[80.5692,29.1344],[80.5722,29.1302],[80.5666,29.1189],[80.5629,29.1188],[80.5592,29.1164],[80.5572,29.1169],[80.5393,29.1076],[80.5266,29.1058],[80.5263,29.1028],[80.5286,29.0983],[80.5278,29.0974],[80.5304,29.0952],[80.5315,29.0897],[80.5442,29.0815],[80.559,29.0761],[80.5622,29.0728],[80.5612,29.0682],[80.566,29.0622],[80.5692,29.0645],[80.5726,29.0644],[80.5735,29.0612],[80.5779,29.0608],[80.5776,29.0589],[80.5792,29.0576],[80.584,29.0593],[80.5861,29.0559],[80.588,29.0554],[80.5878,29.0535],[80.59,29.0529],[80.5931,29.0548],[80.5965,29.0484],[80.5985,29.0478],[80.6032,29.0491],[80.6067,29.0485],[80.61,29.0523],[80.6095,29.0546],[80.6116,29.0577],[80.617,29.0588],[80.6228,29.0527],[80.624,29.0491],[80.6313,29.0424],[80.6343,29.036],[80.644,29.0282],[80.6566,29.0221],[80.6606,29.0221],[80.6638,29.0198],[80.6706,29.0182],[80.6744,29.0208],[80.6768,29.0192],[80.6765,29.017],[80.6781,29.0155],[80.6818,29.0157],[80.6833,29.0141],[80.6923,29.0148],[80.6959,29.0118],[80.7037,29.0096],[80.7166,29.0103],[80.7209,29.0072],[80.7244,29.0109],[80.7382,29.0109],[80.7456,29.008],[80.7527,29.0027],[80.7616,29.0028],[80.7636,29.0001],[80.7607,28.996],[80.7612,28.9889],[80.7706,28.9851],[80.7826,28.9851],[80.7866,28.9806],[80.7981,28.9773],[80.8031,28.9724],[80.8065,28.9669],[80.8038,28.9596],[80.8088,28.957],[80.8098,28.9551],[80.8077,28.9477],[80.8054,28.9449],[80.8062,28.9437],[80.8104,28.9428],[80.8111,28.9381],[80.8158,28.9391],[80.8171,28.9365],[80.8168,28.9316],[80.8211,28.9307],[80.8271,28.9321],[80.8291,28.9338],[80.8293,28.936],[80.8322,28.9367],[80.8318,28.9404],[80.8399,28.9503],[80.8369,28.9558],[80.8421,28.96],[80.8437,28.9648],[80.8506,28.9747],[80.8557,28.9777],[80.8624,28.9754],[80.8663,28.9689],[80.8734,28.9696],[80.88,28.9681],[80.8829,28.9662],[80.8848,28.9629],[80.8854,28.9578],[80.8812,28.944],[80.8833,28.9405],[80.8906,28.9395],[80.8945,28.9344],[80.8987,28.9358],[80.8968,28.9408],[80.8975,28.9427],[80.8992,28.9408],[80.8996,28.9373],[80.9015,28.9366],[80.903,28.937],[80.9039,28.9404],[80.9065,28.9404],[80.9115,28.931],[80.9145,28.9321],[80.9183,28.9388],[80.9214,28.9416],[80.9281,28.9435],[80.9364,28.9426],[80.9533,28.9358],[80.9566,28.9362],[80.9681,28.9414],[80.9811,28.9388],[80.9829,28.9422],[80.9893,28.9455],[80.9986,28.9549],[81.0018,28.9567],[81.0083,28.9574],[81.0179,28.9523],[81.0208,28.9529],[81.0265,28.9588],[81.0285,28.9632],[81.0418,28.97],[81.0493,28.9783],[81.0523,28.9774],[81.057,28.9733],[81.065,28.9703],[81.0731,28.97],[81.0809,28.9677],[81.0895,28.9678],[81.0997,28.9638],[81.1038,28.9657],[81.102,28.9703],[81.1057,28.9735],[81.1054,28.9779],[81.1188,28.9742],[81.1271,28.9797],[81.1318,28.9809],[81.1357,28.9888],[81.1424,28.9898],[81.1453,28.9935],[81.1472,28.998],[81.1472,29.0019],[81.1502,29.0061],[81.1473,29.0095],[81.1443,29.0189],[81.1449,29.0348],[81.1366,29.0419],[81.1357,29.0486],[81.1317,29.0524],[81.1314,29.0594],[81.1229,29.0629],[81.1214,29.0654],[81.1196,29.0723],[81.1223,29.0745],[81.1257,29.075],[81.1286,29.0813],[81.1263,29.0831],[81.1143,29.0853],[81.1115,29.0842],[81.1099,29.0849],[81.1091,29.0979],[81.102,29.1008],[81.0978,29.1065],[81.0925,29.1094],[81.0793,29.1241],[81.0746,29.1264],[81.0715,29.1306],[81.0719,29.1341],[81.0654,29.1352],[81.0673,29.1405],[81.066,29.1452],[81.0558,29.1491],[81.0555,29.1518],[81.0589,29.1535],[81.0585,29.159],[81.057,29.1615],[81.0494,29.1625],[81.0484,29.1654],[81.0493,29.1702],[81.0433,29.1755],[81.0455,29.1844],[81.0413,29.1855],[81.0363,29.1893],[81.0329,29.1863],[81.03,29.1863],[81.0268,29.189],[81.0268,29.1924],[81.0283,29.1929],[81.0267,29.1953],[81.0302,29.1954],[81.0355,29.199],[81.0389,29.1996],[81.0462,29.1988],[81.0478,29.1975],[81.0525,29.199],[81.0616,29.1993],[81.0643,29.1984],[81.0712,29.2022],[81.0724,29.202],[81.0747,29.2056],[81.0787,29.2079],[81.0823,29.2076],[81.0864,29.209],[81.0907,29.215],[81.1016,29.2153],[81.1135,29.2275],[81.1151,29.2345],[81.1129,29.2397],[81.1095,29.2431],[81.0973,29.2483],[81.0981,29.254],[81.1001,29.256],[81.1,29.2614],[81.1041,29.2697],[81.1121,29.28],[81.1118,29.2846],[81.1189,29.2929],[81.1191,29.2966],[81.1207,29.2994],[81.1231,29.3008],[81.1286,29.3015],[81.1357,29.3049],[81.1349,29.3093],[81.1363,29.3222],[81.1401,29.3301],[81.1438,29.3494],[81.1482,29.3596],[81.1545,29.3626],[81.1528,29.3659],[81.1543,29.3712],[81.1531,29.3753],[81.1546,29.3777],[81.1534,29.382],[81.1601,29.3855],[81.1669,29.3853],[81.17,29.3867],[81.1712,29.3893],[81.1758,29.3928],[81.1868,29.3979]]]},"properties":{"DIST_EN":"Doti","DIST_PCODE":"NP0770"}},
{"type":"Feature","geometry":{"type":"Polygon","coordinates":[[[85.108,28.3466],[85.113,28.3572],[85.1152,28.3672],[85.1163,28.3692],[85.1219,28.3727],[85.122,28.386],[85.1266,28.3924],[85.1249,28.3969],[85.119,28.4022],[85.1158,28.4089],[85.1175,28.4158],[85.1127,28.4334],[85.1143,28.4432],[85.1076,28.4451],[85.1028,28.4479],[85.1003,28.4517],[85.0995,28.4569],[85.1043,28.4601],[85.1126,28.4714],[85.1133,28.4797],[85.1167,28.4813],[85.1185,28.4856],[85.1266,28.4879],[85.1307,28.4859],[85.1413,28.4864],[85.1445,28.4856],[85.1529,28.4906],[85.157,28.498],[85.157,28.5096],[85.1621,28.515],[85.1633,28.5194],[85.1661,28.5213],[85.165,28.5263],[85.1661,28.5321],[85.1689,28.5335],[85.1783,28.5326],[85.1855,28.5331],[85.1869,28.5343],[85.1864,28.5402],[85.1889,28.5473],[85.1884,28.5539],[85.1847,28.5614],[85.1876,28.5632],[85.1916,28.5691],[85.1815,28.579],[85.1826,28.5834],[85.1813,28.5875],[85.1752,28.5922],[85.1737,28.5975],[85.1786,28.599],[85.1839,28.6031],[85.189,28.605],[85.1897,28.6093],[85.1932,28.6123],[85.195,28.6182],[85.1973,28.6209],[85.1977,28.6272],[85.1913,28.6308],[85.1868,28.6309],[85.1848,28.6323],[85.1885,28.6409],[85.1878,28.6418],[85.1787,28.6451],[85.1633,28.6428],[85.1572,28.643],[85.1544,28.6488],[85.1451,28.6566],[85.1457,28.661],[85.1398,28.6657],[85.135,28.6666],[85.1324,28.676],[85.1291,28.6789],[85.1149,28.6868],[85.1106,28.6835],[85.1019,28.6818],[85.0945,28.6784],[85.0888,28.6717],[85.0839,28.671],[85.0804,28.6716],[85.0713,28.6786],[85.0618,28.6805],[85.0586,28.6825],[85.0537,28.6805],[85.0545,28.6771],[85.052,28.6701],[85.0412,28.6685],[85.0403,28.658],[85.0309,28.6561],[85.0263,28.6507],[85.023,28.649],[85.0171,28.6395],[85.0089,28.6371],[85.0002,28.6229],[84.9888,28.6129],[84.9861,28.6052],[84.9928,28.601],[84.9928,28.5999],[84.9884,28.5948],[84.9834,28.5914],[84.9745,28.5897],[84.9719,28.5868],[84.9648,28.5868],[84.9489,28.5802],[84.9475,28.5903],[84.9449,28.5949],[84.9388,28.5957],[84.932,28.5938],[84.9197,28.5953],[84.9128,28.5897],[84.907,28.5882],[84.901,28.5933],[84.8992,28.59],[84.8903,28.5887],[84.8861,28.5827],[84.8795,28.5825],[84.8753,28.5808],[84.8692,28.5825],[84.8671,28.5817],[84.8616,28.5773],[84.8574,28.5726],[84.8571,28.5706],[84.7807,28.6095],[84.7678,28.6106],[84.7638,28.6128],[84.7553,28.6136],[84.7469,28.6184],[84.7415,28.6168],[84.7368,28.6169],[84.7309,28.6202],[84.7252,28.6207],[84.7216,28.6275],[84.7138,28.633],[84.7008,28.6345],[84.6948,28.6365],[84.6981,28.6396],[84.7018,28.6474],[84.6972,28.6535],[84.705,28.6711],[84.6964,28.6718],[84.6882,28.6789],[84.676,28.6791],[84.6683,28.6835],[84.6677,28.6865],[84.6689,28.69],[84.6665,28.6943],[84.6643,28.6948],[84.6615,28.6988],[84.6506,28.7025],[84.6507,28.7145],[84.6477,28.7187],[84.6445,28.72],[84.6436,28.7253],[84.639,28.7289],[84.6294,28.7327],[84.6263,28.7365],[84.6178,28.7359],[84.6154,28.7367],[84.6058,28.7335],[84.5924,28.7366],[84.5868,28.7346],[84.5717,28.7352],[84.5674,28.7415],[84.5573,28.747],[84.5567,28.7522],[84.5515,28.7506],[84.5458,28.7464],[84.5404,28.7443],[84.5337,28.7454],[84.5249,28.7422],[84.5147,28.7486],[84.5102,28.7453],[84.5023,28.7443],[84.4999,28.7429],[84.4943,28.7358],[84.4919,28.7348],[84.4847,28.7241],[84.484,28.7199],[84.4819,28.7185],[84.4893,28.7139],[84.4923,28.7081],[84.501,28.6988],[84.5198,28.6949],[84.5206,28.6902],[84.5144,28.6852],[84.5126,28.6742],[84.5222,28.6633],[84.5215,28.6567],[84.5186,28.6524],[84.5206,28.6492],[84.5314,28.6464],[84.5339,28.642],[84.5339,28.6382],[84.5363,28.6331],[84.5389,28.6293],[84.5427,28.6273],[84.5407,28.6231],[84.5414,28.5984],[84.5491,28.5837],[84.5483,28.5776],[84.5508,28.57],[84.5475,28.5623],[84.5518,28.5593],[84.5475,28.5546],[84.5516,28.5524],[84.5568,28.5527],[84.5594,28.5502],[84.5589,28.5396],[84.5604,28.5376],[84.56,28.5329],[84.5642,28.5287],[84.5673,28.5231],[84.5674,28.5157],[84.5706,28.5101],[84.5665,28.5062],[84.565,28.5012],[84.567,28.4952],[84.5647,28.487],[84.5681,28.4828],[84.5831,28.4771],[84.5882,28.4692],[84.5922,28.4662],[84.5986,28.4521],[84.6129,28.4476],[84.6215,28.4493],[84.6246,28.4463],[84.6304,28.445],[84.6374,28.4392],[84.6407,28.4345],[84.647,28.4186],[84.6547,28.4142],[84.6604,28.4091],[84.6758,28.3872],[84.6743,28.3826],[84.6763,28.3765],[84.6829,28.3722],[84.6948,28.361],[84.6879,28.3542],[84.6877,28.3523],[84.6847,28.35],[84.6805,28.3429],[84.6694,28.3423],[84.6695,28.3356],[84.6668,28.3315],[84.6677,28.3278],[84.6634,28.3219],[84.6597,28.324],[84.6586,28.3233],[84.6598,28.3146],[84.6589,28.3134],[84.655,28.3126],[84.6523,28.3073],[84.6502,28.2975],[84.6464,28.2931],[84.6473,28.2902],[84.6466,28.2815],[84.6487,28.2805],[84.6506,28.2758],[84.6515,28.2645],[84.6464,28.2502],[84.6406,28.2453],[84.6329,28.23],[84.6337,28.2219],[84.6372,28.2157],[84.6377,28.209],[84.6403,28.2051],[84.6332,28.1894],[84.6235,28.184],[84.6229,28.1805],[84.6185,28.1791],[84.6158,28.175],[84.612,28.1726],[84.6131,28.1699],[84.6122,28.1676],[84.6098,28.1665],[84.6105,28.1653],[84.6086,28.1622],[84.6095,28.1598],[84.6057,28.1561],[84.6022,28.1552],[84.6012,28.1521],[84.5967,28.1514],[84.5946,28.1485],[84.5892,28.1483],[84.5882,28.1462],[84.5855,28.1462],[84.5869,28.143],[84.5761,28.1382],[84.5768,28.1363],[84.5748,28.1347],[84.5759,28.133],[84.5742,28.1306],[84.5704,28.1304],[84.5709,28.1289],[84.5698,28.1282],[84.5607,28.1275],[84.5587,28.1249],[84.5563,28.1247],[84.556,28.1213],[84.5521,28.1202],[84.5545,28.1192],[84.554,28.1163],[84.5496,28.1138],[84.5511,28.1095],[84.5468,28.1068],[84.546,28.1044],[84.5408,28.0997],[84.5358,28.1005],[84.5303,28.0995],[84.5251,28.0957],[84.5191,28.0943],[84.5173,28.0903],[84.5137,28.088],[84.502,28.0868],[84.4979,28.0852],[84.4942,28.0868],[84.4915,28.0855],[84.4853,28.0863],[84.4824,28.0885],[84.4784,28.0893],[84.4779,28.0873],[84.4799,28.0809],[84.4869,28.0791],[84.4878,28.0767],[84.4848,28.0777],[84.484,28.0766],[84.4853,28.0733],[84.4881,28.0716],[84.4881,28.0667],[84.4855,28.0647],[84.4873,28.0626],[84.4821,28.0556],[84.4795,28.0581],[84.4776,28.0582],[84.472,28.0515],[84.4678,28.0518],[84.4661,28.0508],[84.4682,28.0455],[84.4645,28.0443],[84.4653,28.0401],[84.4616,28.0386],[84.4637,28.0347],[84.4616,28.0305],[84.4642,28.0283],[84.4595,28.0238],[84.4612,28.0211],[84.4594,28.0187],[84.4602,28.0134],[84.4565,28.0073],[84.4572,28.0038],[84.4532,28.0033],[84.4525,27.9999],[84.4431,27.9927],[84.438,27.9931],[84.4398,27.9884],[84.4358,27.9886],[84.4278,27.9861],[84.4262,27.9821],[84.4209,27.9777],[84.4214,27.9739],[84.4189,27.9696],[84.4225,27.9631],[84.4208,27.958],[84.4256,27.9522],[84.4363,27.9486],[84.439,27.9488],[84.4454,27.9464],[84.4493,27.9503],[84.4538,27.9493],[84.4564,27.9473],[84.4584,27.9422],[84.4635,27.9438],[84.474,27.9397],[84.4734,27.9357],[84.4818,27.9324],[84.4838,27.9281],[84.4888,27.9265],[84.4999,27.926],[84.5063,27.9232],[84.5081,27.9214],[84.5081,27.9197],[84.5007,27.9177],[84.5001,27.9165],[84.5015,27.9156],[84.5101,27.9137],[84.5132,27.9178],[84.5151,27.9166],[84.5172,27.9126],[84.5231,27.9153],[84.5329,27.913],[84.5365,27.9175],[84.5385,27.9175],[84.5402,27.9134],[84.5377,27.9092],[84.5454,27.9049],[84.5412,27.9019],[84.5403,27.897],[84.5406,27.8856],[84.5451,27.8807],[84.5412,27.8781],[84.5407,27.8758],[84.5446,27.8699],[84.5497,27.8711],[84.5523,27.8702],[84.5513,27.8677],[84.5478,27.8651],[84.5474,27.8631],[84.5584,27.8591],[84.5588,27.858],[84.5674,27.8589],[84.5734,27.8614],[84.5773,27.8648],[84.5769,27.8706],[84.578,27.8724],[84.59,27.8797],[84.596,27.8763],[84.6034,27.8755],[84.605,27.8722],[84.6081,27.8716],[84.6138,27.8731],[84.6147,27.8768],[84.6187,27.8803],[84.6244,27.8799],[84.6272,27.8778],[84.6267,27.8736],[84.628,27.8716],[84.6339,27.8688],[84.6339,27.8625],[84.6355,27.8604],[84.6407,27.8597],[84.6456,27.8607],[84.649,27.8597],[84.6499,27.8586],[84.6469,27.8551],[84.6473,27.8534],[84.6558,27.8522],[84.6604,27.8495],[84.664,27.8406],[84.661,27.8292],[84.6657,27.8253],[84.6675,27.8231],[84.668,27.8185],[84.6771,27.8158],[84.6846,27.8105],[84.7074,27.8067],[84.708,27.8026],[84.7112,27.8005],[84.7138,27.8005],[84.7187,27.8038],[84.7216,27.8013],[84.7274,27.7999],[84.7308,27.7956],[84.737,27.7991],[84.7388,27.8041],[84.7446,27.8043],[84.747,27.8056],[84.7515,27.8053],[84.7538,27.8065],[84.7563,27.809],[84.757,27.8145],[84.7626,27.8182],[84.765,27.8185],[84.769,27.8156],[84.7685,27.8117],[84.7731,27.8087],[84.7754,27.8088],[84.7791,27.8126],[84.7824,27.8139],[84.7819,27.8158],[84.777,27.8189],[84.7737,27.8242],[84.7731,27.8295],[84.776,27.8353],[84.7707,27.8389],[84.7699,27.8429],[84.7676,27.8438],[84.768,27.8517],[84.7654,27.8538],[84.7651,27.8593],[84.7637,27.8601],[84.7593,27.8594],[84.756,27.8618],[84.7542,27.8654],[84.7551,27.8693],[84.7534,27.8736],[84.746,27.8802],[84.7492,27.8861],[84.7419,27.8898],[84.7375,27.8907],[84.7358,27.8929],[84.7376,27.897],[84.7332,27.9071],[84.7351,27.9154],[84.7334,27.9247],[84.732,27.9258],[84.7326,27.9273],[84.7364,27.9285],[84.7364,27.9308],[84.7341,27.9313],[84.7339,27.9332],[84.7394,27.9366],[84.7411,27.9474],[84.7465,27.9553],[84.7459,27.9601],[84.7572,27.9635],[84.7607,27.9672],[84.7692,27.9673],[84.7747,27.9714],[84.7752,27.9731],[84.7715,27.976],[84.7716,27.9774],[84.7769,27.9776],[84.7786,27.9814],[84.7841,27.9833],[84.785,27.987],[84.788,27.9894],[84.7881,27.9953],[84.7902,27.998],[84.7969,27.9981],[84.7978,27.9994],[84.7964,28.0014],[84.7974,28.0024],[84.8039,28.0004],[84.8113,28.0029],[84.8133,28.0093],[84.8095,28.0169],[84.8128,28.0213],[84.8124,28.0251],[84.8136,28.0284],[84.8126,28.0315],[84.8095,28.0347],[84.8095,28.038],[84.8121,28.043],[84.8184,28.0477],[84.8185,28.0543],[84.8213,28.0583],[84.8209,28.0632],[84.8244,28.0667],[84.8279,28.0751],[84.8294,28.0815],[84.8316,28.0848],[84.8318,28.0896],[84.8373,28.095],[84.8371,28.1041],[84.8425,28.1107],[84.8421,28.1146],[84.8437,28.1163],[84.8496,28.1185],[84.8547,28.1227],[84.859,28.1201],[84.8623,28.1216],[84.8694,28.1205],[84.8728,28.1167],[84.881,28.1128],[84.8839,28.1098],[84.8854,28.1055],[84.8924,28.1],[84.9004,28.1067],[84.9136,28.1029],[84.9181,28.1034],[84.9216,28.1066],[84.9202,28.1153],[84.9288,28.1263],[84.9308,28.1255],[84.9354,28.1266],[84.9392,28.1258],[84.9428,28.1226],[84.9484,28.1249],[84.9518,28.1242],[84.9569,28.1268],[84.9583,28.1361],[84.9542,28.1435],[84.9579,28.1472],[84.9572,28.1555],[84.9608,28.1596],[84.9619,28.169],[84.9657,28.1745],[84.9641,28.1779],[84.9675,28.1849],[84.9739,28.1903],[84.9709,28.1945],[84.9706,28.1991],[84.9675,28.2019],[84.9674,28.2044],[84.9623,28.2122],[84.9647,28.2174],[84.9704,28.2234],[84.9771,28.2267],[84.9916,28.2447],[84.9941,28.244],[84.9978,28.2405],[84.9987,28.2412],[84.9991,28.2445],[85.0027,28.2481],[85.0007,28.2517],[85.0017,28.2533],[85.0049,28.2553],[85.011,28.2561],[85.0279,28.2624],[85.0312,28.2729],[85.0318,28.2793],[85.038,28.2919],[85.0327,28.3028],[85.0412,28.3119],[85.0428,28.3197],[85.0467,28.3259],[85.053,28.327],[85.0674,28.3393],[85.0805,28.3459],[85.0884,28.3464],[85.093,28.3447],[85.108,28.3466]]]},"properties":{"DIST_EN":"Gorkha","DIST_PCODE":"NP0436"}},
{"type":"Feature","geometry":{"type":"Polygon","coordinates":[[[83.5807,28.0775],[83.5764,28.0818],[83.5752,28.0876],[83.5716,28.0894],[83.5672,28.0898],[83.5626,28.0928],[83.5622,28.0947],[83.5651,28.099],[83.5649,28.101],[83.5604,28.1045],[83.5552,28.1066],[83.5545,28.1168],[83.5482,28.1199],[83.5443,28.1209],[83.5386,28.1203],[83.532,28.1166],[83.5253,28.1209],[83.5209,28.12],[83.517,28.1215],[83.5104,28.127],[83.5055,28.1257],[83.4997,28.1175],[83.4946,28.1164],[83.49,28.1137],[83.4861,28.1133],[83.4825,28.1173],[83.4778,28.1175],[83.4741,28.119],[83.4766,28.1227],[83.4783,28.1302],[83.4737,28.1323],[83.4667,28.1321],[83.4626,28.13],[83.4575,28.1324],[83.4511,28.1265],[83.446,28.1251],[83.4436,28.1259],[83.4388,28.131],[83.4362,28.1295],[83.4319,28.1294],[83.427,28.1262],[83.4233,28.1252],[83.4198,28.1288],[83.4182,28.1371],[83.4136,28.1378],[83.4114,28.1411],[83.4112,28.1441],[83.4068,28.1459],[83.4061,28.1485],[83.3998,28.1509],[83.3948,28.1559],[83.3901,28.1674],[83.3842,28.1638],[83.3753,28.1745],[83.3705,28.1765],[83.3699,28.1828],[83.3644,28.1861],[83.3625,28.1924],[83.3558,28.1957],[83.3555,28.1975],[83.3526,28.1978],[83.3503,28.1945],[83.3443,28.1934],[83.3382,28.1901],[83.3302,28.1891],[83.325,28.1905],[83.3165,28.1904],[83.3063,28.1979],[83.2982,28.193],[83.2877,28.1927],[83.2849,28.1906],[83.2805,28.1898],[83.2781,28.1911],[83.2737,28.1876],[83.2707,28.192],[83.2708,28.1952],[83.2688,28.1973],[83.2655,28.1995],[83.2592,28.2001],[83.2586,28.204],[83.2547,28.2069],[83.2539,28.2112],[83.2518,28.2142],[83.2473,28.2169],[83.2442,28.2173],[83.2421,28.2199],[83.2338,28.2219],[83.2333,28.2259],[83.2258,28.2327],[83.2259,28.2354],[83.2228,28.2363],[83.2201,28.2408],[83.2158,28.2439],[83.2154,28.2485],[83.2124,28.2486],[83.2059,28.2519],[83.2038,28.2559],[83.1891,28.2653],[83.1848,28.2707],[83.1814,28.2692],[83.1779,28.265],[83.1678,28.258],[83.1657,28.2618],[83.1629,28.2633],[83.1617,28.2672],[83.1555,28.2709],[83.1448,28.2625],[83.137,28.2531],[83.1308,28.2502],[83.1278,28.2508],[83.126,28.2567],[83.1244,28.2578],[83.1186,28.2566],[83.1163,28.254],[83.1096,28.2518],[83.1057,28.2523],[83.1011,28.2557],[83.0936,28.257],[83.0887,28.248],[83.0851,28.2463],[83.0826,28.2433],[83.0778,28.2337],[83.0707,28.2392],[83.0632,28.2418],[83.0516,28.2437],[83.043,28.2432],[83.0384,28.2405],[83.0298,28.241],[83.0252,28.2385],[83.0219,28.2349],[83.0271,28.2362],[83.0284,28.2318],[83.0266,28.2252],[83.0277,28.2196],[83.0338,28.2065],[83.0371,28.2033],[83.0344,28.2038],[83.0357,28.2015],[83.0352,28.1963],[83.0372,28.1922],[83.0362,28.1858],[83.0337,28.1809],[83.0332,28.1756],[83.0295,28.1749],[83.035,28.1682],[83.0422,28.1687],[83.0416,28.1661],[83.037,28.1606],[83.0369,28.1577],[83.0385,28.1561],[83.0429,28.1564],[83.0409,28.1542],[83.0487,28.1526],[83.051,28.1504],[83.0537,28.1498],[83.0533,28.1478],[83.0546,28.1457],[83.0555,28.1447],[83.0569,28.1453],[83.0552,28.1408],[83.0518,28.1427],[83.0495,28.1407],[83.0516,28.1395],[83.053,28.1347],[83.0582,28.1302],[83.0591,28.1269],[83.0533,28.1211],[83.0539,28.1151],[83.051,28.1116],[83.057,28.1068],[83.0606,28.107],[83.0638,28.11],[83.0703,28.1084],[83.0665,28.1054],[83.0666,28.0984],[83.0684,28.095],[83.0732,28.0908],[83.085,28.0965],[83.0899,28.0974],[83.0993,28.0943],[83.097,28.0903],[83.0964,28.0822],[83.1023,28.0772],[83.1103,28.0816],[83.1157,28.0813],[83.1228,28.0849],[83.124,28.084],[83.1254,28.0845],[83.1271,28.077],[83.1243,28.0708],[83.1274,28.0681],[83.1344,28.066],[83.1384,28.062],[83.1469,28.0613],[83.1504,28.0598],[83.1558,28.0608],[83.1584,28.0656],[83.1643,28.069],[83.1696,28.0741],[83.1712,28.079],[83.175,28.0803],[83.1798,28.086],[83.1831,28.0876],[83.1864,28.0838],[83.193,28.0829],[83.1953,28.0792],[83.1952,28.0743],[83.2009,28.0726],[83.2022,28.0696],[83.2054,28.0669],[83.2105,28.0666],[83.2152,28.0597],[83.2192,28.0591],[83.2205,28.0543],[83.2268,28.0514],[83.2299,28.0484],[83.2334,28.0383],[83.2336,28.021],[83.2374,28.0174],[83.2369,28.0159],[83.2399,28.008],[83.244,28.0084],[83.2434,28.0067],[83.246,27.9978],[83.2496,27.9974],[83.2497,27.9962],[83.2521,27.9953],[83.2515,27.9898],[83.2525,27.987],[83.2544,27.9861],[83.2629,27.989],[83.2636,27.986],[83.2693,27.9824],[83.2804,27.9676],[83.2883,27.968],[83.2919,27.9669],[83.297,27.9684],[83.3009,27.9678],[83.3014,27.9641],[83.299,27.9598],[83.3027,27.9563],[83.3025,27.9549],[83.2972,27.9506],[83.2929,27.9503],[83.2932,27.9458],[83.2909,27.9436],[83.2859,27.9439],[83.2835,27.9418],[83.2829,27.9371],[83.2795,27.9358],[83.2786,27.9332],[83.2806,27.9265],[83.2903,27.9246],[83.2964,27.927],[83.301,27.9266],[83.3058,27.9284],[83.3079,27.9279],[83.309,27.9262],[83.3253,27.9208],[83.3382,27.923],[83.3394,27.9258],[83.3443,27.9266],[83.3462,27.9313],[83.3467,27.9367],[83.3426,27.94],[83.3427,27.9434],[83.3454,27.9499],[83.3547,27.9543],[83.3564,27.9523],[83.3609,27.9517],[83.3715,27.9579],[83.3775,27.9589],[83.3784,27.9582],[83.3768,27.956],[83.3793,27.9566],[83.3821,27.9556],[83.3881,27.95],[83.3927,27.948],[83.3934,27.9448],[83.3986,27.9406],[83.3995,27.9348],[83.4055,27.9341],[83.41,27.931],[83.4189,27.9307],[83.4248,27.9349],[83.425,27.9375],[83.4285,27.94],[83.4332,27.9394],[83.434,27.9356],[83.4407,27.9355],[83.4454,27.9394],[83.4429,27.9431],[83.4435,27.9449],[83.4559,27.9499],[83.4616,27.9539],[83.4667,27.9642],[83.475,27.9742],[83.4783,27.9753],[83.481,27.9805],[83.4829,27.9817],[83.4864,27.9819],[83.4916,27.9786],[83.5004,27.9769],[83.5101,27.968],[83.5172,27.9663],[83.5219,27.9639],[83.5268,27.9665],[83.531,27.9648],[83.5342,27.9685],[83.5385,27.9694],[83.5412,27.9714],[83.5456,27.971],[83.55,27.9768],[83.5543,27.9765],[83.5562,27.9742],[83.5587,27.9737],[83.5701,27.9761],[83.5776,27.9744],[83.579,27.9758],[83.5791,27.9794],[83.5852,27.9789],[83.5841,27.9875],[83.5934,27.9895],[83.6033,27.9973],[83.6041,28.0002],[83.6031,28.0026],[83.6053,28.0075],[83.6049,28.0121],[83.6033,28.014],[83.5988,28.0152],[83.5959,28.0212],[83.5912,28.0216],[83.5901,28.026],[83.5838,28.0265],[83.5784,28.034],[83.5746,28.0326],[83.5704,28.0327],[83.5616,28.0358],[83.564,28.0407],[83.56,28.0422],[83.5592,28.0436],[83.564,28.0581],[83.561,28.0644],[83.5674,28.065],[83.5725,28.0737],[83.5807,28.0775]]]},"properties":{"DIST_EN":"Gulmi","DIST_PCODE":"NP0551"}},
{"type":"Feature","geometry":{"type":"Polygon","coordinates":[[[82.4976,29.9474],[82.4948,29.9509],[82.4884,29.9533],[82.4859,29.9571],[82.4811,29.9591],[82.4739,29.9653],[82.4771,29.969],[82.4762,29.9737],[82.465,29.9788],[82.4632,29.9821],[82.4573,29.9799],[82.4563,29.9769],[82.4541,29.9794],[82.4469,29.9821],[82.4386,29.9887],[82.4366,29.9881],[82.435,29.9897],[82.4322,29.989],[82.4237,29.9958],[82.421,30.004],[82.417,30.0055],[82.4146,30.0086],[82.4089,30.0108],[82.4065,30.0153],[82.4025,30.0146],[82.3981,30.0225],[82.3955,30.024],[82.3909,30.0239],[82.3872,30.0205],[82.3837,30.0233],[82.3822,30.0271],[82.376,30.0264],[82.3776,30.0204],[82.3757,30.017],[82.3779,30.0112],[82.3727,30.0156],[82.363,30.0104],[82.362,30.017],[82.3595,30.0217],[82.3545,30.0258],[82.3518,30.0262],[82.3493,30.0249],[82.3448,30.0289],[82.3436,30.0368],[82.3379,30.041],[82.3341,30.0469],[82.327,30.0471],[82.32,30.0495],[82.3185,30.0471],[82.3186,30.0435],[82.3157,30.0403],[82.3099,30.0376],[82.3051,30.0374],[82.301,30.0391],[82.2985,30.0379],[82.297,30.0405],[82.2895,30.0433],[82.2853,30.0473],[82.2854,30.0518],[82.2828,30.0562],[82.2831,30.0594],[82.2813,30.0612],[82.2784,30.0628],[82.2655,30.0622],[82.2588,30.0651],[82.2549,30.0691],[82.2527,30.0681],[82.2517,30.0725],[82.2467,30.0752],[82.2431,30.0751],[82.2339,30.0698],[82.2312,30.0649],[82.2201,30.0683],[82.2141,30.0677],[82.2108,30.0661],[82.2058,30.0676],[82.1995,30.0668],[82.1885,30.0698],[82.1828,30.0673],[82.1717,30.0655],[82.1682,30.0743],[82.1662,30.0761],[82.1659,30.0814],[82.1691,30.0865],[82.1739,30.0867],[82.1771,30.0889],[82.1818,30.0963],[82.1792,30.0999],[82.1794,30.1024],[82.1839,30.1093],[82.1866,30.1109],[82.1793,30.1172],[82.1716,30.1176],[82.1708,30.122],[82.1766,30.122],[82.1792,30.1292],[82.187,30.1338],[82.1971,30.1367],[82.1988,30.1363],[82.1969,30.1388],[82.1976,30.1427],[82.2043,30.15],[82.2056,30.1536],[82.2011,30.1566],[82.1948,30.158],[82.1935,30.1598],[82.1821,30.1609],[82.1815,30.1656],[82.1853,30.1694],[82.1865,30.1729],[82.1865,30.1761],[82.1839,30.1801],[82.1872,30.185],[82.1845,30.1908],[82.1787,30.1925],[82.1588,30.1893],[82.1534,30.1916],[82.1522,30.1942],[82.1391,30.1989],[82.1381,30.2006],[82.1396,30.2026],[82.1322,30.2076],[82.1327,30.2108],[82.131,30.2145],[82.1333,30.2193],[82.1282,30.2235],[82.1276,30.2255],[82.126,30.2264],[82.1127,30.2248],[82.1094,30.226],[82.1067,30.2312],[82.1004,30.2359],[82.0984,30.2392],[82.1051,30.2443],[82.1047,30.2484],[82.1075,30.2518],[82.1074,30.2551],[82.1169,30.2575],[82.1181,30.2588],[82.1181,30.2625],[82.1154,30.2642],[82.1172,30.2693],[82.1162,30.2723],[82.1143,30.2748],[82.1105,30.2755],[82.1094,30.2772],[82.1124,30.2784],[82.1141,30.2845],[82.1164,30.2861],[82.118,30.2912],[82.1164,30.2942],[82.1255,30.3018],[82.1283,30.3022],[82.1228,30.3101],[82.12,30.3189],[82.1179,30.3196],[82.1211,30.3219],[82.1187,30.3268],[82.1138,30.3292],[82.1108,30.335],[82.1112,30.3441],[82.1049,30.3496],[82.1008,30.3495],[82.0998,30.348],[82.0944,30.35],[82.0915,30.3516],[82.0896,30.3555],[82.0853,30.3592],[82.0817,30.3599],[82.0736,30.3588],[82.0701,30.3562],[82.0677,30.3569],[82.0659,30.3554],[82.0645,30.351],[82.0653,30.3473],[82.0602,30.3453],[82.0592,30.3416],[82.0566,30.3401],[82.056,30.3326],[82.055,30.3342],[82.0412,30.341],[82.0383,30.3409],[82.031,30.3375],[82.0228,30.3423],[82.0216,30.3444],[82.0163,30.3442],[82.0112,30.3418],[82.0122,30.3292],[82.0082,30.3299],[82.0054,30.329],[81.9981,30.3207],[81.9957,30.3206],[81.9938,30.3222],[81.9884,30.3208],[81.9872,30.3212],[81.9866,30.3257],[81.9836,30.3272],[81.9824,30.3294],[81.9748,30.3298],[81.9691,30.3379],[81.9567,30.3412],[81.9621,30.3462],[81.9622,30.3508],[81.9605,30.353],[81.9541,30.3544],[81.9493,30.3589],[81.946,30.3571],[81.945,30.3499],[81.9395,30.3476],[81.9234,30.349],[81.9196,30.3511],[81.9145,30.35],[81.9094,30.3537],[81.9043,30.3533],[81.8921,30.3575],[81.8887,30.3608],[81.8822,30.3608],[81.8786,30.3654],[81.8781,30.3695],[81.8677,30.3773],[81.8621,30.3773],[81.8539,30.3794],[81.8499,30.3764],[81.8499,30.3731],[81.8441,30.3744],[81.8406,30.3766],[81.8264,30.3751],[81.8195,30.3782],[81.8152,30.3836],[81.811,30.3845],[81.809,30.3873],[81.8038,30.3862],[81.7976,30.3867],[81.7907,30.389],[81.7829,30.3854],[81.7741,30.3843],[81.7622,30.3891],[81.7511,30.3888],[81.7482,30.3897],[81.7457,30.3928],[81.7392,30.3934],[81.7367,30.3964],[81.7317,30.3983],[81.7294,30.4022],[81.7293,30.4092],[81.7268,30.4113],[81.7144,30.4118],[81.7066,30.4171],[81.7,30.4193],[81.6948,30.4238],[81.6894,30.4255],[81.6723,30.4276],[81.6678,30.4302],[81.6536,30.4348],[81.6466,30.4398],[81.6392,30.4406],[81.6341,30.4451],[81.6202,30.4473],[81.6179,30.4459],[81.6174,30.4423],[81.622,30.4244],[81.6168,30.4209],[81.6118,30.4143],[81.6071,30.4123],[81.5893,30.4168],[81.583,30.4229],[81.5743,30.4267],[81.5648,30.4298],[81.5608,30.428],[81.5579,30.4195],[81.5595,30.4074],[81.5534,30.4066],[81.5508,30.4027],[81.5498,30.381],[81.5509,30.3783],[81.5557,30.374],[81.5518,30.3698],[81.5465,30.3722],[81.5351,30.3713],[81.5069,30.3807],[81.4957,30.3825],[81.4927,30.3811],[81.4895,30.3813],[81.4762,30.3886],[81.4728,30.394],[81.4714,30.3992],[81.4677,30.4033],[81.456,30.4065],[81.4528,30.411],[81.4472,30.4134],[81.445,30.4159],[81.4386,30.4187],[81.4363,30.4135],[81.434,30.4128],[81.4325,30.4137],[81.4323,30.4168],[81.4277,30.4219],[81.4259,30.4207],[81.4211,30.4204],[81.4081,30.4211],[81.4061,30.4186],[81.4066,30.414],[81.4028,30.4099],[81.4051,30.4055],[81.4005,30.3979],[81.4007,30.3962],[81.4067,30.3956],[81.4097,30.3932],[81.4119,30.3936],[81.4166,30.389],[81.4202,30.389],[81.4207,30.3854],[81.4289,30.3843],[81.4293,30.3834],[81.4226,30.3763],[81.4224,30.3736],[81.4201,30.3706],[81.4116,30.372],[81.4099,30.3709],[81.4024,30.3704],[81.3991,30.3712],[81.3953,30.3679],[81.3998,30.3647],[81.3994,30.3577],[81.4061,30.3532],[81.4026,30.3441],[81.4056,30.3398],[81.4058,30.3366],[81.3989,30.3288],[81.3964,30.3234],[81.4054,30.3161],[81.4147,30.3164],[81.4233,30.3051],[81.4169,30.3026],[81.4103,30.295],[81.4019,30.2931],[81.4036,30.2852],[81.3996,30.2816],[81.4037,30.2815],[81.4074,30.2832],[81.4152,30.2841],[81.4166,30.2817],[81.415,30.2748],[81.4104,30.2679],[81.4084,30.2611],[81.399,30.2551],[81.3947,30.251],[81.392,30.2505],[81.3956,30.2465],[81.3964,30.2425],[81.3903,30.2337],[81.397,30.2186],[81.3952,30.2143],[81.3965,30.209],[81.3951,30.2066],[81.3746,30.1967],[81.371,30.1911],[81.3703,30.1866],[81.359,30.1828],[81.3572,30.1805],[81.3506,30.178],[81.3427,30.1681],[81.3341,30.1604],[81.3321,30.1532],[81.3168,30.152],[81.3095,30.1568],[81.3092,30.1614],[81.3065,30.1641],[81.3049,30.1643],[81.3035,30.1632],[81.3044,30.1596],[81.3036,30.1593],[81.2911,30.1578],[81.2869,30.155],[81.2742,30.1546],[81.2731,30.1553],[81.2648,30.1521],[81.2581,30.1513],[81.2563,30.1465],[81.2572,30.1438],[81.2645,30.1362],[81.2724,30.1333],[81.2732,30.1308],[81.2787,30.1247],[81.2825,30.123],[81.2852,30.1158],[81.2905,30.1125],[81.2886,30.11],[81.2883,30.1068],[81.2852,30.1051],[81.2892,30.0948],[81.2872,30.0883],[81.289,30.0833],[81.286,30.0784],[81.2896,30.0743],[81.2877,30.073],[81.2875,30.0698],[81.2797,30.066],[81.2785,30.0607],[81.2746,30.0591],[81.2742,30.0546],[81.2714,30.0515],[81.272,30.0453],[81.2814,30.0435],[81.2847,30.0375],[81.291,30.035],[81.3069,30.031],[81.3098,30.0329],[81.3146,30.0327],[81.3187,30.0256],[81.3318,30.0241],[81.3465,30.0188],[81.3571,30.0106],[81.3629,30.0096],[81.3681,30.0109],[81.3705,30.0097],[81.3748,30.0099],[81.3766,30.0065],[81.382,30.0072],[81.3839,30.0136],[81.3902,30.0169],[81.3996,30.0181],[81.4013,30.0228],[81.4048,30.0197],[81.4126,30.0186],[81.4192,30.0128],[81.4303,30.0076],[81.436,30.008],[81.4403,30.0069],[81.4445,30.003],[81.4545,30.0024],[81.4566,30.0014],[81.4632,29.9956],[81.4607,29.9857],[81.4701,29.9751],[81.4702,29.9732],[81.4683,29.9712],[81.4687,29.9637],[81.4669,29.9607],[81.4641,29.9579],[81.4601,29.9571],[81.4528,29.9512],[81.4529,29.949],[81.4586,29.9426],[81.4548,29.9348],[81.459,29.9318],[81.4604,29.924],[81.4627,29.921],[81.4601,29.9181],[81.4617,29.9133],[81.457,29.9057],[81.4564,29.9012],[81.4645,29.8934],[81.4707,29.8898],[81.4799,29.8921],[81.4927,29.8872],[81.4956,29.89],[81.5017,29.8917],[81.5056,29.8944],[81.5118,29.9009],[81.5169,29.9043],[81.512,29.9162],[81.517,29.9228],[81.5283,29.9241],[81.5349,29.9276],[81.5378,29.9266],[81.5422,29.9271],[81.5494,29.9232],[81.5554,29.9271],[81.5596,29.9262],[81.5643,29.9309],[81.5702,29.9335],[81.5736,29.9345],[81.5776,29.9339],[81.5807,29.9362],[81.5849,29.9369],[81.591,29.9307],[81.5969,29.9314],[81.6026,29.9302],[81.6052,29.9325],[81.606,29.9372],[81.6129,29.9432],[81.6187,29.9385],[81.6215,29.9395],[81.6266,29.9384],[81.6344,29.9408],[81.637,29.9448],[81.6448,29.9481],[81.6531,29.9428],[81.6573,29.9434],[81.6651,29.9403],[81.6707,29.9407],[81.6874,29.9493],[81.6979,29.9415],[81.699,29.938],[81.6975,29.9315],[81.7097,29.9269],[81.7108,29.9143],[81.716,29.9094],[81.7266,29.9123],[81.7313,29.9108],[81.7334,29.9079],[81.7389,29.9083],[81.7422,29.9073],[81.7459,29.9086],[81.755,29.9085],[81.7618,29.9124],[81.7694,29.9095],[81.7753,29.9112],[81.78,29.9111],[81.7826,29.9086],[81.7856,29.9104],[81.7887,29.9096],[81.7911,29.9068],[81.7989,29.902],[81.7987,29.8967],[81.7957,29.897],[81.7936,29.8955],[81.7963,29.8904],[81.796,29.8823],[81.7972,29.8788],[81.7967,29.8669],[81.7946,29.8628],[81.7953,29.8604],[81.7915,29.8538],[81.7942,29.8488],[81.7892,29.8433],[81.7808,29.8393],[81.783,29.8372],[81.7834,29.8305],[81.7816,29.8249],[81.7828,29.8223],[81.7792,29.8144],[81.7807,29.8105],[81.7804,29.8071],[81.7737,29.7982],[81.7645,29.8018],[81.7582,29.7974],[81.7554,29.7968],[81.753,29.7987],[81.7467,29.7946],[81.7396,29.7922],[81.7402,29.7893],[81.7372,29.7847],[81.7361,29.7769],[81.7302,29.7692],[81.7328,29.7592],[81.7268,29.748],[81.7265,29.744],[81.7283,29.7416],[81.7262,29.7372],[81.727,29.7341],[81.7231,29.7297],[81.7199,29.7292],[81.714,29.7223],[81.7126,29.7142],[81.7101,29.7099],[81.7108,29.708],[81.7087,29.7003],[81.7041,29.6934],[81.7031,29.6883],[81.6974,29.6809],[81.6971,29.6783],[81.6991,29.6704],[81.6995,29.6619],[81.7022,29.6555],[81.7017,29.6494],[81.7003,29.6475],[81.7036,29.6454],[81.6994,29.6421],[81.7026,29.642],[81.7036,29.6403],[81.7029,29.6372],[81.7095,29.6324],[81.7097,29.6271],[81.7131,29.6253],[81.7158,29.6209],[81.7199,29.6212],[81.7207,29.6164],[81.7279,29.615],[81.7369,29.6066],[81.7505,29.6049],[81.7688,29.6066],[81.7738,29.6058],[81.7771,29.6174],[81.7827,29.6199],[81.7848,29.6248],[81.7901,29.6274],[81.8002,29.6232],[81.8103,29.622],[81.8163,29.6234],[81.8245,29.62],[81.8434,29.622],[81.853,29.6194],[81.8668,29.6332],[81.8725,29.6351],[81.8729,29.6413],[81.8766,29.6458],[81.8768,29.6491],[81.8833,29.6535],[81.8838,29.6595],[81.8898,29.6675],[81.8986,29.6686],[81.9048,29.6668],[81.9098,29.6632],[81.9177,29.6638],[81.9205,29.6649],[81.9197,29.6696],[81.9218,29.6736],[81.9277,29.6752],[81.9306,29.6777],[81.9332,29.6771],[81.938,29.6727],[81.9468,29.6752],[81.969,29.691],[81.9877,29.7003],[81.9928,29.7042],[81.999,29.7127],[81.9983,29.7153],[82.0046,29.7199],[82.0061,29.7272],[82.0119,29.731],[82.0154,29.7358],[82.0201,29.7366],[82.0241,29.7401],[82.0284,29.7403],[82.0304,29.7455],[82.0355,29.7492],[82.0453,29.751],[82.0514,29.7482],[82.0557,29.7481],[82.0603,29.7462],[82.0595,29.7439],[82.0615,29.7389],[82.0595,29.7321],[82.0613,29.7284],[82.068,29.7247],[82.0669,29.7219],[82.0732,29.7134],[82.0753,29.7126],[82.0779,29.714],[82.0805,29.7131],[82.0819,29.7052],[82.0853,29.7023],[82.0888,29.7018],[82.0927,29.6994],[82.0936,29.6979],[82.0925,29.695],[82.0937,29.6925],[82.093,29.6899],[82.0984,29.6885],[82.1013,29.6863],[82.1012,29.6842],[82.0981,29.6807],[82.1023,29.6732],[82.1008,29.6657],[82.103,29.6641],[82.1033,29.6614],[82.1089,29.6578],[82.1099,29.6541],[82.1129,29.6542],[82.1137,29.6529],[82.1104,29.6468],[82.1061,29.644],[82.1029,29.6379],[82.1028,29.6348],[82.107,29.6374],[82.1198,29.6402],[82.125,29.6427],[82.1426,29.6458],[82.1468,29.6496],[82.1496,29.655],[82.1562,29.6583],[82.1633,29.657],[82.1648,29.655],[82.1696,29.6539],[82.1798,29.6579],[82.1843,29.6583],[82.1926,29.6532],[82.1979,29.6562],[82.1998,29.6595],[82.2017,29.6602],[82.2067,29.6574],[82.2148,29.6553],[82.219,29.6593],[82.2192,29.6636],[82.2287,29.6649],[82.2344,29.6628],[82.2371,29.6682],[82.2325,29.6746],[82.2352,29.6774],[82.2358,29.6804],[82.2355,29.6816],[82.2314,29.6838],[82.2318,29.7005],[82.2362,29.698],[82.246,29.6977],[82.2615,29.7029],[82.2631,29.7021],[82.2637,29.6995],[82.2682,29.6967],[82.282,29.6923],[82.2869,29.6951],[82.2942,29.6973],[82.2976,29.6972],[82.3061,29.7053],[82.3097,29.7068],[82.3132,29.7123],[82.3169,29.7106],[82.3239,29.7106],[82.3335,29.7125],[82.3396,29.7159],[82.3495,29.713],[82.3529,29.707],[82.3615,29.7027],[82.3667,29.704],[82.3738,29.7021],[82.3789,29.697],[82.3871,29.696],[82.3925,29.6965],[82.3951,29.7015],[82.3979,29.7025],[82.4029,29.7088],[82.4111,29.7142],[82.413,29.7178],[82.4104,29.7208],[82.4109,29.7271],[82.4143,29.732],[82.409,29.736],[82.4076,29.7432],[82.4012,29.7499],[82.4007,29.755],[82.3975,29.7612],[82.3977,29.7629],[82.4001,29.7651],[82.4051,29.7666],[82.4115,29.7711],[82.4128,29.7778],[82.4088,29.7857],[82.4041,29.7871],[82.4023,29.7946],[82.4036,29.8025],[82.4009,29.8054],[82.406,29.811],[82.4108,29.809],[82.4227,29.8071],[82.4265,29.8117],[82.4344,29.8122],[82.4384,29.8156],[82.4399,29.8242],[82.4355,29.8321],[82.4299,29.8352],[82.4302,29.8395],[82.4358,29.8453],[82.435,29.8608],[82.4403,29.8627],[82.4438,29.8605],[82.4487,29.8602],[82.4551,29.861],[82.4616,29.8637],[82.4626,29.8654],[82.4621,29.8726],[82.4589,29.8766],[82.4593,29.8815],[82.4545,29.8846],[82.449,29.8862],[82.4476,29.8887],[82.4554,29.8972],[82.4679,29.8989],[82.4697,29.9045],[82.4743,29.9067],[82.4707,29.9196],[82.4798,29.9235],[82.4883,29.9292],[82.496,29.9395],[82.4976,29.9474]]]},"properties":{"DIST_EN":"Humla","DIST_PCODE":"NP0666"}},
{"type":"Feature","geometry":{"type":"Polygon","coordinates":[[[87.9916,27.1055],[87.9881,27.1056],[87.9854,27.1033],[87.9809,27.102],[87.9741,27.1039],[87.9622,27.1011],[87.9605,27.1035],[87.9518,27.1062],[87.9458,27.1034],[87.9453,27.1006],[87.9437,27.0996],[87.9396,27.0996],[87.9388,27.1015],[87.9363,27.1001],[87.9276,27.1026],[87.9187,27.0991],[87.9177,27.0998],[87.9145,27.0944],[87.9049,27.0939],[87.9011,27.0916],[87.8999,27.093],[87.8955,27.0926],[87.8899,27.0846],[87.8839,27.0839],[87.8813,27.0823],[87.8806,27.0779],[87.8747,27.0755],[87.8732,27.0716],[87.8653,27.0678],[87.8616,27.063],[87.8585,27.0619],[87.8522,27.0626],[87.8454,27.0559],[87.841,27.0477],[87.8247,27.0414],[87.8176,27.0339],[87.7968,27.0272],[87.778,27.0129],[87.7713,27.0144],[87.7641,27.0132],[87.7547,27.0204],[87.7447,27.0214],[87.7395,27.0197],[87.7327,27.0064],[87.7263,27.0023],[87.7186,27.0004],[87.7056,26.9859],[87.7047,26.9813],[87.7027,26.9795],[87.6974,26.9761],[87.6922,26.976],[87.6902,26.9747],[87.6836,26.9626],[87.6805,26.9538],[87.6772,26.9521],[87.6803,26.9485],[87.6803,26.9468],[87.6856,26.9451],[87.6887,26.9414],[87.6982,26.9362],[87.7063,26.9293],[87.6956,26.9254],[87.694,26.9226],[87.6983,26.9119],[87.6941,26.9077],[87.6903,26.8998],[87.6886,26.8945],[87.6894,26.8921],[87.6883,26.8811],[87.6743,26.8769],[87.6703,26.8736],[87.6667,26.8733],[87.6545,26.8684],[87.6471,26.868],[87.6414,26.8624],[87.6367,26.8607],[87.6311,26.8627],[87.626,26.8619],[87.6164,26.8633],[87.6143,26.8625],[87.6118,26.8637],[87.6099,26.862],[87.5996,26.8622],[87.6045,26.8562],[87.6144,26.8511],[87.6141,26.8492],[87.6206,26.8453],[87.6221,26.8429],[87.6312,26.839],[87.6344,26.8406],[87.6352,26.8377],[87.6384,26.8355],[87.6396,26.8324],[87.6421,26.8303],[87.6457,26.8299],[87.6478,26.831],[87.6516,26.8253],[87.6525,26.8189],[87.6561,26.8187],[87.6573,26.8168],[87.6614,26.8151],[87.6593,26.8088],[87.6614,26.8083],[87.6611,26.8059],[87.6581,26.8043],[87.6561,26.8015],[87.656,26.7983],[87.66,26.7954],[87.6615,26.7924],[87.6643,26.7929],[87.6653,26.7911],[87.671,26.7908],[87.6787,26.7845],[87.6792,26.7815],[87.677,26.7795],[87.6737,26.7716],[87.6709,26.7701],[87.668,26.7671],[87.6671,26.7638],[87.6631,26.7608],[87.6722,26.7571],[87.673,26.7538],[87.6755,26.7524],[87.6796,26.7545],[87.6825,26.7531],[87.6854,26.7576],[87.6881,26.756],[87.6903,26.7567],[87.6909,26.753],[87.6872,26.75],[87.6981,26.734],[87.7006,26.7336],[87.7016,26.732],[87.7012,26.7283],[87.7075,26.7109],[87.7046,26.7014],[87.7078,26.6953],[87.7087,26.6946],[87.709,26.6973],[87.7184,26.6932],[87.7224,26.6901],[87.7317,26.6858],[87.7406,26.6786],[87.758,26.672],[87.7601,26.6681],[87.7651,26.6653],[87.7718,26.6662],[87.7826,26.6647],[87.7908,26.6663],[87.7906,26.675],[87.7933,26.6805],[87.8031,26.688],[87.8073,26.6893],[87.8088,26.6918],[87.8145,26.6941],[87.8269,26.6916],[87.8336,26.6878],[87.8384,26.6826],[87.8396,26.679],[87.8452,26.675],[87.8559,26.6762],[87.8615,26.674],[87.8653,26.6743],[87.866,26.6717],[87.8681,26.6723],[87.8648,26.679],[87.8652,26.6842],[87.8634,26.6847],[87.862,26.6878],[87.863,26.6907],[87.8671,26.6922],[87.8694,26.6919],[87.8714,26.6891],[87.8793,26.6846],[87.8834,26.6885],[87.8857,26.6886],[87.8875,26.6869],[87.8915,26.6873],[87.8959,26.6912],[87.9022,26.691],[87.9039,26.6925],[87.91,26.694],[87.9155,26.6932],[87.9192,26.6964],[87.9243,26.6975],[87.9304,26.694],[87.9339,26.6888],[87.936,26.6928],[87.9339,26.6961],[87.9365,26.6968],[87.9345,26.6996],[87.9364,26.7014],[87.9333,26.7025],[87.9343,26.7042],[87.9329,26.7064],[87.9332,26.7091],[87.9266,26.7123],[87.9273,26.7159],[87.9286,26.7159],[87.9291,26.7202],[87.9355,26.7265],[87.9428,26.7286],[87.9457,26.7269],[87.9502,26.7286],[87.9504,26.736],[87.9486,26.7397],[87.9577,26.7502],[87.9554,26.7538],[87.9543,26.7615],[87.9495,26.7632],[87.9472,26.7671],[87.9512,26.7657],[87.952,26.7675],[87.9529,26.7664],[87.9537,26.7681],[87.9571,26.7682],[87.9588,26.782],[87.9611,26.7867],[87.9647,26.7899],[87.9667,26.7885],[87.9641,26.7837],[87.9633,26.7773],[87.9715,26.773],[87.9753,26.7786],[87.9792,26.7781],[87.9778,26.7739],[87.9764,26.7738],[87.9757,26.7697],[87.9786,26.7673],[87.9783,26.7649],[87.9803,26.7634],[87.9784,26.7584],[87.9813,26.7525],[87.9863,26.7536],[87.9878,26.7525],[87.9913,26.7558],[87.9947,26.7529],[87.9969,26.7537],[87.9989,26.7639],[87.9985,26.77],[88.0008,26.7743],[88.005,26.7765],[88.0045,26.7801],[88.0055,26.78],[88.0059,26.7769],[88.0042,26.7743],[88.0042,26.7706],[88.008,26.7672],[88.0196,26.77],[88.0205,26.7732],[88.0258,26.7742],[88.0244,26.7757],[88.0268,26.7783],[88.027,26.7709],[88.0281,26.7692],[88.0267,26.7666],[88.0289,26.7641],[88.0309,26.7652],[88.0353,26.7643],[88.0357,26.7605],[88.0386,26.7598],[88.0447,26.7528],[88.0445,26.7484],[88.0462,26.7453],[88.047,26.749],[88.0493,26.7522],[88.0558,26.7548],[88.058,26.7593],[88.0592,26.765],[88.0607,26.7658],[88.0622,26.7699],[88.0608,26.7719],[88.063,26.7757],[88.065,26.7851],[88.0674,26.7889],[88.0672,26.7917],[88.0748,26.7885],[88.0771,26.7834],[88.082,26.789],[88.0855,26.791],[88.0871,26.7955],[88.0897,26.7965],[88.0895,26.7996],[88.0923,26.8016],[88.0968,26.7964],[88.0936,26.7925],[88.094,26.791],[88.0924,26.7903],[88.0943,26.7885],[88.0925,26.7852],[88.0951,26.785],[88.0951,26.7795],[88.0983,26.7766],[88.0951,26.7749],[88.0971,26.7711],[88.0967,26.7619],[88.1046,26.7485],[88.1116,26.746],[88.1137,26.7491],[88.1159,26.7479],[88.1182,26.7484],[88.1191,26.7539],[88.1254,26.7587],[88.1268,26.7624],[88.1256,26.7659],[88.1303,26.7692],[88.1314,26.7713],[88.1313,26.7783],[88.1361,26.7657],[88.1432,26.77],[88.1442,26.7686],[88.1451,26.7695],[88.1487,26.7777],[88.1498,26.7877],[88.1547,26.7956],[88.1505,26.8059],[88.1523,26.8059],[88.1562,26.8005],[88.1589,26.7994],[88.1612,26.7943],[88.1601,26.7903],[88.1659,26.7836],[88.1668,26.7847],[88.1737,26.7806],[88.1738,26.7834],[88.1776,26.7818],[88.1849,26.7832],[88.1776,26.8037],[88.1789,26.8166],[88.1718,26.8279],[88.1742,26.8336],[88.1675,26.8378],[88.1707,26.8453],[88.1677,26.8474],[88.1674,26.8499],[88.1747,26.8534],[88.1734,26.8555],[88.1745,26.8596],[88.1718,26.8604],[88.1735,26.8655],[88.1718,26.8694],[88.1666,26.8705],[88.162,26.8807],[88.1575,26.8831],[88.1574,26.8849],[88.1524,26.8853],[88.1483,26.8887],[88.1465,26.8889],[88.1452,26.891],[88.1426,26.8915],[88.1419,26.894],[88.1364,26.8987],[88.1368,26.9006],[88.1392,26.9019],[88.1388,26.9054],[88.145,26.9156],[88.144,26.9176],[88.146,26.9211],[88.1394,26.9289],[88.1378,26.9334],[88.1322,26.9382],[88.1287,26.9395],[88.1205,26.9505],[88.1231,26.9601],[88.1226,26.9684],[88.1306,26.9806],[88.1355,26.9849],[88.1343,26.9866],[88.129,26.9878],[88.1197,26.9873],[88.1151,26.9888],[88.1103,26.9917],[88.1088,26.9951],[88.1044,26.9975],[88.0992,27.0038],[88.0923,27.0046],[88.0883,27.0084],[88.0886,27.0154],[88.0837,27.0228],[88.083,27.029],[88.0776,27.0354],[88.076,27.0356],[88.0693,27.0314],[88.0644,27.0312],[88.0597,27.0291],[88.0579,27.0318],[88.0485,27.0347],[88.0458,27.0367],[88.0376,27.0367],[88.035,27.0433],[88.0331,27.0439],[88.0276,27.0511],[88.0212,27.0693],[88.0186,27.0703],[88.0163,27.0738],[88.0161,27.0771],[88.0209,27.0825],[88.0211,27.0878],[88.016,27.0885],[88.0126,27.0937],[88.0119,27.0974],[88.0087,27.0987],[88.0082,27.1009],[88.0034,27.1045],[87.9953,27.1035],[87.9916,27.1055]]]},"properties":{"DIST_EN":"Ilam","DIST_PCODE":"NP0103"}},
{"type":"Feature","geometry":{"type":"Polygon","coordinates":[[[82.4118,29.0956],[82.4027,29.0991],[82.3976,29.1025],[82.3924,29.1025],[82.388,29.1059],[82.3727,29.1105],[82.3668,29.1106],[82.3601,29.1143],[82.3557,29.1139],[82.355,29.1158],[82.3524,29.1166],[82.3453,29.1166],[82.3428,29.1147],[82.3375,29.1153],[82.3232,29.1101],[82.3171,29.1109],[82.3145,29.114],[82.3014,29.1198],[82.2856,29.1159],[82.2837,29.1235],[82.2782,29.1275],[82.2725,29.1231],[82.2645,29.1215],[82.2652,29.1151],[82.2665,29.114],[82.2697,29.114],[82.2627,29.1072],[82.2541,29.1099],[82.2463,29.1044],[82.2366,29.1013],[82.2344,29.1021],[82.2325,29.1049],[82.2288,29.1057],[82.2252,29.1045],[82.2247,29.0957],[82.2198,29.0902],[82.2115,29.0871],[82.2047,29.0903],[82.2011,29.089],[82.2021,29.0824],[82.2035,29.0806],[82.1985,29.0734],[82.1947,29.0728],[82.188,29.0666],[82.1839,29.0656],[82.1806,29.0619],[82.1774,29.0652],[82.1731,29.0656],[82.1711,29.0695],[82.1675,29.0693],[82.1669,29.065],[82.1584,29.0586],[82.1567,29.0539],[82.1548,29.0527],[82.1509,29.0529],[82.1504,29.05],[82.1478,29.0482],[82.1496,29.0417],[82.1469,29.038],[82.1467,29.0326],[82.1386,29.0318],[82.1377,29.0296],[82.132,29.0268],[82.1284,29.0222],[82.1255,29.0156],[82.1207,29.0161],[82.1187,29.0145],[82.1175,29.007],[82.1237,28.9956],[82.123,28.9946],[82.1207,28.9935],[82.118,28.994],[82.1095,28.9904],[82.104,28.9856],[82.1003,28.9844],[82.0973,28.982],[82.0953,28.9744],[82.0847,28.9734],[82.0784,28.9694],[82.0724,28.9711],[82.0682,28.9744],[82.063,28.9747],[82.0576,28.9786],[82.0492,28.9811],[82.043,28.9893],[82.0445,28.9952],[82.0417,28.9993],[82.0444,29.0035],[82.041,29.0064],[82.0393,29.012],[82.026,29.0208],[82.0167,29.0234],[82.0149,29.0269],[82.0117,29.0296],[82.0073,29.0305],[82.0051,29.0228],[82.0004,29.0156],[81.9961,29.0139],[81.9904,29.0142],[81.986,29.0127],[81.9846,29.0103],[81.9853,29.004],[81.9844,29.0029],[81.9611,28.991],[81.9583,28.9856],[81.9464,28.9843],[81.9388,28.9814],[81.9304,28.9821],[81.9197,28.9777],[81.9206,28.9715],[81.919,28.9685],[81.9205,28.9671],[81.9211,28.9625],[81.9212,28.9415],[81.9257,28.9388],[81.9269,28.9363],[81.9245,28.9249],[81.9212,28.9211],[81.917,28.9197],[81.905,28.9118],[81.9006,28.9042],[81.8939,28.9008],[81.8927,28.8955],[81.8893,28.8898],[81.8901,28.8845],[81.8879,28.8786],[81.8897,28.8743],[81.8801,28.8647],[81.88,28.8553],[81.8784,28.8491],[81.8812,28.8364],[81.8862,28.8286],[81.8894,28.8114],[81.8948,28.8029],[81.899,28.7999],[81.9084,28.7887],[81.9123,28.7801],[81.8838,28.7619],[81.8817,28.7497],[81.8798,28.7468],[81.8773,28.7458],[81.8746,28.7467],[81.8676,28.7444],[81.863,28.7425],[81.8603,28.7398],[81.857,28.741],[81.8481,28.738],[81.8432,28.7381],[81.8403,28.7403],[81.8362,28.7407],[81.8312,28.7386],[81.8244,28.7327],[81.8201,28.7241],[81.8337,28.7185],[81.8377,28.7136],[81.8451,28.7105],[81.8498,28.7027],[81.859,28.6934],[81.8612,28.6847],[81.8659,28.6797],[81.868,28.6641],[81.8772,28.6589],[81.8795,28.6558],[81.8777,28.6541],[81.8775,28.6489],[81.8856,28.6432],[81.8989,28.6426],[81.9074,28.6442],[81.9135,28.6423],[81.9205,28.6427],[81.9243,28.64],[81.9272,28.6416],[81.9313,28.6398],[81.937,28.6412],[81.9476,28.6362],[81.9575,28.6408],[81.9712,28.6403],[81.9756,28.6385],[81.9802,28.6415],[81.9934,28.6441],[82.0024,28.6438],[82.0083,28.6453],[82.0137,28.6441],[82.0285,28.645],[82.038,28.6417],[82.0404,28.6419],[82.036,28.638],[82.0441,28.6367],[82.0462,28.6377],[82.0456,28.6406],[82.0468,28.6421],[82.0571,28.6444],[82.0589,28.6415],[82.0542,28.6368],[82.0544,28.6349],[82.0697,28.6301],[82.0744,28.627],[82.0829,28.6181],[82.091,28.6207],[82.0962,28.619],[82.1005,28.6216],[82.1086,28.6193],[82.1195,28.6233],[82.1288,28.6216],[82.1323,28.6251],[82.1383,28.6266],[82.1446,28.6246],[82.1416,28.6185],[82.1428,28.6159],[82.1502,28.6151],[82.1548,28.6134],[82.1596,28.6142],[82.1671,28.6114],[82.1729,28.6162],[82.1793,28.6182],[82.1847,28.6231],[82.1901,28.628],[82.1913,28.6312],[82.1869,28.6349],[82.1865,28.6381],[82.188,28.6395],[82.191,28.6384],[82.1921,28.6391],[82.194,28.656],[82.1982,28.6639],[82.1946,28.6688],[82.1953,28.6736],[82.1988,28.679],[82.1965,28.6816],[82.1971,28.6833],[82.1996,28.6839],[82.2031,28.6827],[82.2066,28.6763],[82.2091,28.676],[82.2166,28.687],[82.2218,28.6891],[82.2261,28.6877],[82.2288,28.6885],[82.2312,28.6919],[82.2326,28.7024],[82.2385,28.7092],[82.2474,28.7124],[82.2512,28.7113],[82.2544,28.7086],[82.26,28.7079],[82.2613,28.7028],[82.2688,28.699],[82.2731,28.6929],[82.2764,28.6921],[82.28,28.6943],[82.2806,28.6991],[82.276,28.7061],[82.2816,28.7105],[82.2845,28.7148],[82.2858,28.7225],[82.2891,28.7269],[82.2886,28.7285],[82.2847,28.7299],[82.2831,28.7323],[82.2856,28.7352],[82.2891,28.7363],[82.2901,28.7382],[82.2889,28.7424],[82.2839,28.749],[82.2873,28.752],[82.2898,28.7569],[82.285,28.7595],[82.2834,28.7622],[82.2843,28.7654],[82.2874,28.7679],[82.2936,28.7771],[82.2943,28.7851],[82.304,28.7862],[82.3071,28.7877],[82.3127,28.7856],[82.3298,28.7862],[82.3358,28.7842],[82.3404,28.7866],[82.3452,28.7865],[82.3472,28.7915],[82.3493,28.7929],[82.3576,28.792],[82.3591,28.7939],[82.3642,28.7958],[82.3645,28.7999],[82.3685,28.8032],[82.3689,28.8102],[82.374,28.816],[82.3755,28.8221],[82.3822,28.8252],[82.3838,28.8283],[82.3871,28.8296],[82.3891,28.8347],[82.3984,28.8382],[82.4003,28.842],[82.4058,28.8441],[82.4119,28.8449],[82.417,28.8494],[82.4244,28.8485],[82.4308,28.8514],[82.4356,28.8583],[82.4381,28.8594],[82.4433,28.8654],[82.4521,28.8699],[82.4556,28.8735],[82.4621,28.875],[82.4636,28.8713],[82.4664,28.869],[82.4712,28.8683],[82.4766,28.8715],[82.4875,28.8732],[82.4968,28.8787],[82.5013,28.8888],[82.5075,28.8949],[82.5078,28.9098],[82.5044,28.9213],[82.5161,28.9306],[82.5133,28.95],[82.5173,28.9521],[82.5204,28.9585],[82.5279,28.9642],[82.5326,28.9716],[82.5358,28.9735],[82.5358,28.9749],[82.542,28.9812],[82.5463,28.9831],[82.552,28.9878],[82.5623,28.9889],[82.5672,28.9876],[82.5734,28.9896],[82.5748,28.9921],[82.5784,28.9899],[82.5802,28.9905],[82.5778,28.9937],[82.5718,28.9975],[82.5529,29.0048],[82.5469,29.0044],[82.5356,29.0114],[82.5284,29.0123],[82.5243,29.0145],[82.5169,29.0125],[82.5065,29.0158],[82.4981,29.0151],[82.4941,29.0166],[82.485,29.0149],[82.4808,29.0117],[82.4794,29.0064],[82.4679,29.0028],[82.4656,28.9962],[82.4612,28.9914],[82.4578,28.9899],[82.4543,28.9899],[82.4496,28.9924],[82.4479,28.9911],[82.4388,28.9906],[82.4331,28.9936],[82.4284,28.9992],[82.4212,29.0007],[82.4127,29.0042],[82.3988,29.0029],[82.3973,29.0045],[82.396,29.0128],[82.3922,29.0178],[82.3983,29.0271],[82.399,29.0379],[82.4037,29.0406],[82.4055,29.0464],[82.4065,29.0575],[82.4036,29.0646],[82.4047,29.0694],[82.4036,29.0728],[82.4087,29.0818],[82.4084,29.0871],[82.4108,29.0905],[82.4118,29.0956]]]},"properties":{"DIST_EN":"Jajarkot","DIST_PCODE":"NP0660"}},
{"type":"Feature","geometry":{"type":"Polygon","coordinates":[[[88.1849,26.7832],[88.1776,26.7818],[88.1738,26.7834],[88.1737,26.7806],[88.1668,26.7847],[88.1659,26.7836],[88.1601,26.7903],[88.1612,26.7943],[88.1589,26.7994],[88.1562,26.8005],[88.1523,26.8059],[88.1505,26.8059],[88.1547,26.7956],[88.1498,26.7877],[88.1487,26.7777],[88.1451,26.7695],[88.1442,26.7686],[88.1432,26.77],[88.1361,26.7657],[88.1313,26.7783],[88.1314,26.7713],[88.1303,26.7692],[88.1256,26.7659],[88.1268,26.7624],[88.1254,26.7587],[88.1191,26.7539],[88.1182,26.7484],[88.1159,26.7479],[88.1137,26.7491],[88.1116,26.746],[88.1046,26.7485],[88.0967,26.7619],[88.0971,26.7711],[88.0951,26.7749],[88.0983,26.7766],[88.0951,26.7795],[88.0951,26.785],[88.0925,26.7852],[88.0943,26.7885],[88.0924,26.7903],[88.094,26.791],[88.0936,26.7925],[88.0968,26.7964],[88.0923,26.8016],[88.0895,26.7996],[88.0897,26.7965],[88.0871,26.7955],[88.0855,26.791],[88.082,26.789],[88.0771,26.7834],[88.0748,26.7885],[88.0672,26.7917],[88.0674,26.7889],[88.065,26.7851],[88.063,26.7757],[88.0608,26.7719],[88.0622,26.7699],[88.0607,26.7658],[88.0592,26.765],[88.058,26.7593],[88.0558,26.7548],[88.0493,26.7522],[88.047,26.749],[88.0462,26.7453],[88.0445,26.7484],[88.0447,26.7528],[88.0386,26.7598],[88.0357,26.7605],[88.0353,26.7643],[88.0309,26.7652],[88.0289,26.7641],[88.0267,26.7666],[88.0281,26.7692],[88.027,26.7709],[88.0268,26.7783],[88.0244,26.7757],[88.0258,26.7742],[88.0205,26.7732],[88.0196,26.77],[88.008,26.7672],[88.0042,26.7706],[88.0042,26.7743],[88.0059,26.7769],[88.0055,26.78],[88.0045,26.7801],[88.005,26.7765],[88.0008,26.7743],[87.9985,26.77],[87.9989,26.7639],[87.9969,26.7537],[87.9947,26.7529],[87.9913,26.7558],[87.9878,26.7525],[87.9863,26.7536],[87.9813,26.7525],[87.9784,26.7584],[87.9803,26.7634],[87.9783,26.7649],[87.9786,26.7673],[87.9757,26.7697],[87.9764,26.7738],[87.9778,26.7739],[87.9792,26.7781],[87.9753,26.7786],[87.9715,26.773],[87.9633,26.7773],[87.9641,26.7837],[87.9667,26.7885],[87.9647,26.7899],[87.9611,26.7867],[87.9588,26.782],[87.9571,26.7682],[87.9537,26.7681],[87.9529,26.7664],[87.952,26.7675],[87.9512,26.7657],[87.9472,26.7671],[87.9495,26.7632],[87.9543,26.7615],[87.9554,26.7538],[87.9577,26.7502],[87.9486,26.7397],[87.9504,26.736],[87.9502,26.7286],[87.9457,26.7269],[87.9428,26.7286],[87.9355,26.7265],[87.9291,26.7202],[87.9286,26.7159],[87.9273,26.7159],[87.9266,26.7123],[87.9332,26.7091],[87.9329,26.7064],[87.9343,26.7042],[87.9333,26.7025],[87.9364,26.7014],[87.9345,26.6996],[87.9365,26.6968],[87.9339,26.6961],[87.936,26.6928],[87.9339,26.6888],[87.9304,26.694],[87.9243,26.6975],[87.9192,26.6964],[87.9155,26.6932],[87.91,26.694],[87.9039,26.6925],[87.9022,26.691],[87.8959,26.6912],[87.8915,26.6873],[87.8875,26.6869],[87.8857,26.6886],[87.8834,26.6885],[87.8793,26.6846],[87.8714,26.6891],[87.8694,26.6919],[87.8671,26.6922],[87.863,26.6907],[87.862,26.6878],[87.8634,26.6847],[87.8652,26.6842],[87.8648,26.679],[87.8681,26.6723],[87.866,26.6717],[87.8653,26.6743],[87.8615,26.674],[87.8559,26.6762],[87.8452,26.675],[87.8396,26.679],[87.8384,26.6826],[87.8336,26.6878],[87.8269,26.6916],[87.8145,26.6941],[87.8088,26.6918],[87.8073,26.6893],[87.8031,26.688],[87.7933,26.6805],[87.7906,26.675],[87.7908,26.6663],[87.7826,26.6647],[87.7718,26.6662],[87.7651,26.6653],[87.7601,26.6681],[87.758,26.672],[87.7406,26.6786],[87.7317,26.6858],[87.7224,26.6901],[87.7184,26.6932],[87.709,26.6973],[87.7087,26.6946],[87.7078,26.6953],[87.7046,26.7014],[87.7075,26.7109],[87.7012,26.7283],[87.7016,26.732],[87.7006,26.7336],[87.6981,26.734],[87.6872,26.75],[87.684,26.7468],[87.6818,26.7405],[87.6817,26.735],[87.6784,26.7303],[87.6681,26.7228],[87.6572,26.7179],[87.6548,26.7154],[87.6533,26.6984],[87.6519,26.6951],[87.6527,26.693],[87.6511,26.6902],[87.6529,26.6858],[87.6457,26.6737],[87.6453,26.669],[87.6425,26.667],[87.6415,26.6541],[87.6443,26.6449],[87.6475,26.6434],[87.654,26.6335],[87.6531,26.6263],[87.655,26.6224],[87.6554,26.6159],[87.6542,26.6137],[87.6473,26.6083],[87.6485,26.6042],[87.6467,26.6],[87.6384,26.5976],[87.6386,26.5906],[87.6421,26.5839],[87.6357,26.5807],[87.6409,26.5757],[87.6414,26.5583],[87.6459,26.5493],[87.6451,26.5444],[87.6423,26.5404],[87.6406,26.5286],[87.6426,26.5235],[87.6426,26.5075],[87.6446,26.5011],[87.6485,26.4972],[87.6491,26.4838],[87.6517,26.4784],[87.6597,26.4715],[87.6599,26.4693],[87.6571,26.4635],[87.6584,26.4591],[87.6619,26.4555],[87.6684,26.4531],[87.6728,26.4499],[87.672,26.4417],[87.6752,26.4364],[87.6788,26.437],[87.6792,26.4355],[87.692,26.4357],[87.6985,26.4283],[87.7111,26.4274],[87.7137,26.4253],[87.7137,26.4231],[87.7159,26.422],[87.7183,26.4225],[87.7212,26.4191],[87.7223,26.4193],[87.7239,26.4157],[87.7228,26.4127],[87.7336,26.4079],[87.7391,26.4177],[87.7474,26.4179],[87.7538,26.4083],[87.7646,26.4104],[87.7672,26.4115],[87.7655,26.4134],[87.7681,26.4154],[87.7675,26.4189],[87.769,26.4189],[87.771,26.422],[87.7727,26.4196],[87.7762,26.4219],[87.7757,26.4226],[87.773,26.4205],[87.776,26.4253],[87.7705,26.4276],[87.7754,26.4273],[87.7725,26.4302],[87.7738,26.4314],[87.7759,26.4301],[87.7778,26.4359],[87.7767,26.4371],[87.7748,26.4356],[87.7729,26.4362],[87.7745,26.4408],[87.7777,26.4428],[87.7755,26.443],[87.7766,26.448],[87.7738,26.4505],[87.779,26.4508],[87.7778,26.4538],[87.7824,26.4541],[87.7841,26.4582],[87.7886,26.4616],[87.7858,26.4632],[87.786,26.4652],[87.7866,26.4658],[87.7885,26.4643],[87.7899,26.466],[87.7864,26.4671],[87.7865,26.4682],[87.7899,26.4693],[87.7907,26.4665],[87.7929,26.4689],[87.8172,26.4592],[87.823,26.4538],[87.8297,26.4503],[87.8282,26.4402],[87.8487,26.4366],[87.851,26.4454],[87.8614,26.449],[87.861,26.4511],[87.8625,26.4531],[87.8598,26.4541],[87.8582,26.4564],[87.8585,26.4592],[87.8596,26.4599],[87.8582,26.4611],[87.8581,26.4637],[87.8626,26.4645],[87.8635,26.4681],[87.8856,26.4766],[87.8881,26.4868],[87.9,26.4776],[87.9096,26.4579],[87.8987,26.4489],[87.9236,26.447],[87.9248,26.4456],[87.9254,26.4401],[87.9174,26.435],[87.916,26.4319],[87.917,26.4303],[87.924,26.4293],[87.926,26.4278],[87.9272,26.418],[87.9325,26.4182],[87.9658,26.3973],[87.9916,26.3927],[87.992,26.3715],[87.9954,26.3662],[87.9979,26.3652],[88.0024,26.3667],[88.0019,26.3653],[88.0041,26.3648],[88.0057,26.3618],[88.0077,26.3612],[88.0299,26.365],[88.0308,26.3671],[88.0278,26.3693],[88.0272,26.3712],[88.0288,26.3721],[88.0281,26.3737],[88.0299,26.3743],[88.0289,26.3769],[88.0307,26.3761],[88.0314,26.3786],[88.0282,26.3791],[88.0272,26.382],[88.0295,26.3833],[88.0308,26.3825],[88.032,26.3884],[88.0344,26.3887],[88.0343,26.3922],[88.0365,26.3904],[88.038,26.3921],[88.0378,26.394],[88.0421,26.3945],[88.0404,26.3955],[88.0425,26.3954],[88.0425,26.3964],[88.0451,26.3961],[88.044,26.3971],[88.0465,26.3977],[88.0452,26.3999],[88.0473,26.4012],[88.0503,26.4008],[88.0516,26.3991],[88.0523,26.4011],[88.0554,26.4009],[88.0542,26.4026],[88.0562,26.4036],[88.0556,26.4059],[88.0576,26.4066],[88.0568,26.4079],[88.0586,26.4079],[88.0601,26.4098],[88.0639,26.4107],[88.0645,26.4081],[88.0671,26.4097],[88.0686,26.408],[88.0714,26.4082],[88.0694,26.4113],[88.0697,26.4136],[88.0786,26.4202],[88.0837,26.4263],[88.0862,26.4324],[88.0947,26.4378],[88.0958,26.4397],[88.0969,26.4524],[88.0919,26.4632],[88.0941,26.4649],[88.1032,26.466],[88.1036,26.4683],[88.0979,26.4727],[88.1047,26.4722],[88.1072,26.4756],[88.1061,26.4774],[88.1003,26.4799],[88.1011,26.484],[88.1057,26.4896],[88.1033,26.4907],[88.1031,26.4927],[88.1003,26.4946],[88.0987,26.5059],[88.0926,26.5047],[88.0904,26.5078],[88.0966,26.5114],[88.0951,26.5165],[88.1031,26.519],[88.1049,26.5281],[88.1027,26.5307],[88.1037,26.5365],[88.0993,26.5348],[88.0983,26.5379],[88.1006,26.5397],[88.107,26.5415],[88.1115,26.5453],[88.1075,26.5506],[88.1054,26.5508],[88.1054,26.561],[88.1077,26.5606],[88.1094,26.5571],[88.1134,26.5584],[88.1135,26.5599],[88.1106,26.5621],[88.1151,26.5659],[88.1142,26.5668],[88.1131,26.565],[88.1116,26.5651],[88.1126,26.5666],[88.1113,26.5683],[88.1132,26.5726],[88.1147,26.5705],[88.1189,26.5682],[88.1176,26.5747],[88.1208,26.5758],[88.123,26.5724],[88.1252,26.5746],[88.123,26.5767],[88.1254,26.5777],[88.1284,26.5727],[88.1301,26.5736],[88.1299,26.5797],[88.1273,26.582],[88.1301,26.585],[88.1295,26.5875],[88.1319,26.5933],[88.1317,26.5981],[88.1299,26.6014],[88.1356,26.606],[88.1391,26.6069],[88.142,26.6259],[88.1469,26.6297],[88.1546,26.6305],[88.1574,26.6329],[88.1582,26.6361],[88.1605,26.6367],[88.158,26.6402],[88.1631,26.6461],[88.1649,26.6704],[88.1641,26.6786],[88.1678,26.6841],[88.1681,26.6976],[88.1671,26.6996],[88.1695,26.7017],[88.173,26.7082],[88.1773,26.7111],[88.182,26.7196],[88.1823,26.7276],[88.1848,26.7311],[88.1845,26.7344],[88.1864,26.7386],[88.1871,26.7504],[88.1859,26.7569],[88.1873,26.7605],[88.188,26.7717],[88.1849,26.7832]]]},"properties":{"DIST_EN":"Jhapa","DIST_PCODE":"NP0104"}},
{"type":"Feature","geometry":{"type":"Polygon","coordinates":[[[82.5585,29.4115],[82.5418,29.4208],[82.5255,29.4224],[82.5193,29.4217],[82.5164,29.4195],[82.5131,29.4205],[82.5108,29.4353],[82.5051,29.4401],[82.5024,29.4457],[82.5023,29.4512],[82.5003,29.4578],[82.5019,29.4591],[82.5022,29.465],[82.5056,29.4689],[82.5056,29.4708],[82.5004,29.4751],[82.5017,29.4837],[82.496,29.4936],[82.4893,29.4913],[82.4859,29.4858],[82.481,29.4856],[82.4798,29.4815],[82.4772,29.4795],[82.4748,29.4794],[82.4716,29.475],[82.4528,29.4645],[82.4517,29.4575],[82.448,29.4501],[82.4448,29.449],[82.4423,29.4462],[82.4324,29.4434],[82.429,29.4456],[82.4267,29.4493],[82.4179,29.4477],[82.4112,29.4513],[82.4094,29.4593],[82.4106,29.4639],[82.4043,29.4714],[82.4013,29.4787],[82.3965,29.4833],[82.3915,29.497],[82.3863,29.5016],[82.3847,29.502],[82.3806,29.4985],[82.3756,29.4969],[82.3706,29.4913],[82.3636,29.4904],[82.3458,29.494],[82.3398,29.5042],[82.3309,29.5049],[82.3286,29.5081],[82.3169,29.5066],[82.3147,29.5048],[82.3101,29.5039],[82.3047,29.4944],[82.3005,29.4941],[82.3022,29.4912],[82.3008,29.4859],[82.3016,29.482],[82.3062,29.4787],[82.2991,29.4705],[82.3018,29.4645],[82.3014,29.4612],[82.2964,29.4563],[82.2989,29.4501],[82.2953,29.4474],[82.2944,29.4428],[82.2872,29.441],[82.2834,29.4436],[82.2761,29.4419],[82.2703,29.442],[82.2668,29.445],[82.2625,29.4432],[82.2585,29.4378],[82.2561,29.438],[82.2474,29.4334],[82.2397,29.4389],[82.2302,29.4313],[82.2246,29.4307],[82.2221,29.4285],[82.2236,29.4234],[82.2223,29.4191],[82.2138,29.4069],[82.2101,29.4108],[82.205,29.4107],[82.2037,29.4093],[82.2005,29.4089],[82.1944,29.4112],[82.1841,29.4062],[82.1806,29.4072],[82.1786,29.4127],[82.1754,29.4154],[82.1611,29.417],[82.1573,29.4197],[82.1528,29.427],[82.1436,29.4292],[82.1394,29.4382],[82.1456,29.4471],[82.1427,29.453],[82.1426,29.4571],[82.14,29.4613],[82.1339,29.4632],[82.131,29.4699],[82.1281,29.4704],[82.1247,29.467],[82.1211,29.4683],[82.1157,29.4656],[82.1108,29.4652],[82.1068,29.4598],[82.102,29.4587],[82.0933,29.4644],[82.0904,29.4763],[82.0834,29.4824],[82.0769,29.4838],[82.0682,29.4839],[82.0607,29.4798],[82.057,29.4793],[82.054,29.4823],[82.0481,29.4842],[82.0412,29.4828],[82.0344,29.4779],[82.0288,29.4695],[82.0254,29.4684],[82.0201,29.4686],[82.0143,29.4615],[82.0103,29.469],[82.0062,29.473],[82.0018,29.4732],[81.9977,29.4708],[81.9874,29.4735],[81.9791,29.473],[81.9775,29.4703],[81.9796,29.4684],[81.9794,29.4652],[81.9741,29.4624],[81.9725,29.46],[81.9727,29.4571],[81.9644,29.4458],[81.9586,29.4435],[81.9525,29.443],[81.9455,29.4426],[81.9382,29.4438],[81.9354,29.4424],[81.9309,29.4374],[81.9286,29.4326],[81.9301,29.4283],[81.9292,29.4185],[81.9304,29.415],[81.9286,29.4123],[81.9274,29.4027],[81.9304,29.3948],[81.9287,29.3891],[81.9244,29.3846],[81.9263,29.3801],[81.9264,29.3677],[81.9277,29.3664],[81.9255,29.3599],[81.9252,29.3534],[81.9298,29.3457],[81.9303,29.3329],[81.9271,29.3293],[81.9148,29.3225],[81.9074,29.322],[81.9045,29.3144],[81.8987,29.3101],[81.8976,29.3078],[81.8959,29.3077],[81.8989,29.301],[81.8972,29.2977],[81.8924,29.2922],[81.8825,29.2855],[81.8804,29.2801],[81.8806,29.2742],[81.8794,29.2728],[81.8739,29.2714],[81.8597,29.2732],[81.8585,29.2713],[81.8546,29.2705],[81.8537,29.2669],[81.8479,29.2664],[81.8463,29.2588],[81.85,29.2492],[81.8499,29.2445],[81.8551,29.2417],[81.8591,29.241],[81.8613,29.2376],[81.861,29.2355],[81.8652,29.2318],[81.8687,29.2258],[81.8719,29.2272],[81.8755,29.2272],[81.8805,29.2229],[81.8898,29.2187],[81.8943,29.2139],[81.8991,29.2131],[81.9014,29.2139],[81.9062,29.2062],[81.9089,29.2058],[81.9107,29.2006],[81.9082,29.1881],[81.9033,29.1849],[81.9008,29.1853],[81.9014,29.1825],[81.8958,29.1759],[81.8947,29.1728],[81.8958,29.1679],[81.9003,29.1646],[81.9037,29.1573],[81.9102,29.1577],[81.9136,29.1567],[81.9176,29.1582],[81.9214,29.1568],[81.9265,29.1573],[81.9301,29.155],[81.9348,29.1539],[81.9362,29.1503],[81.9441,29.1495],[81.9502,29.1421],[81.9501,29.1393],[81.9484,29.1372],[81.9491,29.1355],[81.9479,29.1293],[81.9578,29.128],[81.9726,29.1163],[81.9753,29.1113],[81.9809,29.1077],[81.9884,29.1067],[81.9974,29.1015],[81.9982,29.1028],[82.0024,29.1],[82.0142,29.0952],[82.0171,29.0921],[82.0194,29.0839],[82.0181,29.0766],[82.0163,29.0742],[82.0132,29.0741],[82.0122,29.0721],[82.013,29.0711],[82.0123,29.0678],[82.0168,29.061],[82.0134,29.0555],[82.0173,29.0517],[82.0143,29.0433],[82.0141,29.0389],[82.0126,29.0373],[82.0117,29.0296],[82.0149,29.0269],[82.0167,29.0234],[82.026,29.0208],[82.0393,29.012],[82.041,29.0064],[82.0444,29.0035],[82.0417,28.9993],[82.0445,28.9952],[82.043,28.9893],[82.0492,28.9811],[82.0576,28.9786],[82.063,28.9747],[82.0682,28.9744],[82.0724,28.9711],[82.0784,28.9694],[82.0847,28.9734],[82.0953,28.9744],[82.0973,28.982],[82.1003,28.9844],[82.104,28.9856],[82.1095,28.9904],[82.118,28.994],[82.1207,28.9935],[82.123,28.9946],[82.1237,28.9956],[82.1175,29.007],[82.1187,29.0145],[82.1207,29.0161],[82.1255,29.0156],[82.1284,29.0222],[82.132,29.0268],[82.1377,29.0296],[82.1386,29.0318],[82.1467,29.0326],[82.1469,29.038],[82.1496,29.0417],[82.1478,29.0482],[82.1504,29.05],[82.1509,29.0529],[82.1548,29.0527],[82.1567,29.0539],[82.1584,29.0586],[82.1669,29.065],[82.1675,29.0693],[82.1711,29.0695],[82.1731,29.0656],[82.1774,29.0652],[82.1806,29.0619],[82.1839,29.0656],[82.188,29.0666],[82.1947,29.0728],[82.1985,29.0734],[82.2035,29.0806],[82.2021,29.0824],[82.2011,29.089],[82.2047,29.0903],[82.2115,29.0871],[82.2198,29.0902],[82.2247,29.0957],[82.2252,29.1045],[82.2288,29.1057],[82.2325,29.1049],[82.2344,29.1021],[82.2366,29.1013],[82.2463,29.1044],[82.2541,29.1099],[82.2627,29.1072],[82.2697,29.114],[82.2665,29.114],[82.2652,29.1151],[82.2645,29.1215],[82.2725,29.1231],[82.2782,29.1275],[82.2837,29.1235],[82.2856,29.1159],[82.3014,29.1198],[82.3145,29.114],[82.3171,29.1109],[82.3232,29.1101],[82.3375,29.1153],[82.3428,29.1147],[82.3453,29.1166],[82.3524,29.1166],[82.355,29.1158],[82.3557,29.1139],[82.3601,29.1143],[82.3668,29.1106],[82.3727,29.1105],[82.388,29.1059],[82.3924,29.1025],[82.3976,29.1025],[82.4027,29.0991],[82.4118,29.0956],[82.4157,29.0995],[82.415,29.106],[82.4182,29.1109],[82.4168,29.1144],[82.4181,29.1196],[82.4137,29.1234],[82.4171,29.1275],[82.4157,29.1326],[82.4171,29.1362],[82.4343,29.1392],[82.4332,29.1462],[82.4463,29.1577],[82.4551,29.1563],[82.4608,29.1569],[82.4675,29.163],[82.4723,29.1638],[82.482,29.1608],[82.4886,29.1618],[82.5031,29.16],[82.5145,29.1564],[82.531,29.1639],[82.5422,29.1634],[82.555,29.1656],[82.5609,29.171],[82.5645,29.1712],[82.5678,29.1735],[82.5711,29.1717],[82.5785,29.18],[82.5822,29.1907],[82.577,29.195],[82.5704,29.1964],[82.5623,29.2033],[82.5541,29.2047],[82.5457,29.2123],[82.5439,29.2159],[82.5452,29.2199],[82.5431,29.2269],[82.5387,29.231],[82.5359,29.2321],[82.5341,29.2367],[82.5392,29.2405],[82.5402,29.2439],[82.538,29.2464],[82.5321,29.2476],[82.531,29.2501],[82.5386,29.2533],[82.5408,29.2564],[82.5474,29.26],[82.552,29.2658],[82.5522,29.2724],[82.5505,29.2798],[82.5569,29.2871],[82.5602,29.2892],[82.5713,29.2914],[82.5805,29.2955],[82.5907,29.3031],[82.5889,29.3069],[82.5913,29.3143],[82.5904,29.3268],[82.5837,29.3321],[82.5818,29.3363],[82.5749,29.3376],[82.5744,29.3414],[82.5705,29.3458],[82.5705,29.3522],[82.5719,29.3568],[82.5686,29.3605],[82.5681,29.3655],[82.5609,29.3676],[82.5572,29.3736],[82.55,29.3765],[82.5481,29.3803],[82.5526,29.3887],[82.5531,29.3952],[82.5574,29.4038],[82.5585,29.4115]]]},"properties":{"DIST_EN":"Jumla","DIST_PCODE":"NP0663"}},
{"type":"Feature","geometry":{"type":"Polygon","coordinates":[[[85.881,27.6146],[85.8797,27.6168],[85.8753,27.6163],[85.875,27.62],[85.8719,27.6209],[85.867,27.629],[85.8648,27.6281],[85.8571,27.6327],[85.8502,27.6273],[85.8422,27.6261],[85.8237,27.642],[85.8174,27.6441],[85.8159,27.6481],[85.8219,27.6557],[85.8186,27.6629],[85.8126,27.6691],[85.8026,27.666],[85.7978,27.6665],[85.792,27.665],[85.7866,27.6658],[85.78,27.6687],[85.769,27.6677],[85.7667,27.6716],[85.7603,27.6716],[85.7591,27.6735],[85.7544,27.6748],[85.7514,27.6732],[85.7499,27.6764],[85.7478,27.676],[85.7458,27.678],[85.7397,27.6768],[85.7376,27.6753],[85.7347,27.6767],[85.7313,27.6747],[85.7314,27.6702],[85.7257,27.6676],[85.7247,27.6624],[85.7203,27.6613],[85.7229,27.6642],[85.7207,27.6662],[85.7153,27.6616],[85.7134,27.662],[85.7129,27.6591],[85.7096,27.6549],[85.7053,27.6564],[85.708,27.6536],[85.706,27.6417],[85.7063,27.6523],[85.694,27.6635],[85.693,27.6669],[85.6943,27.6707],[85.6927,27.6748],[85.6887,27.6755],[85.6867,27.6785],[85.6887,27.682],[85.6873,27.6848],[85.6833,27.6846],[85.6811,27.6858],[85.6806,27.69],[85.6823,27.6924],[85.6795,27.6953],[85.6798,27.7002],[85.6714,27.7047],[85.67,27.7087],[85.6658,27.7124],[85.6627,27.7122],[85.658,27.7143],[85.6562,27.7159],[85.6554,27.7195],[85.6536,27.7206],[85.6442,27.7183],[85.6363,27.7214],[85.6306,27.7268],[85.6237,27.7301],[85.6146,27.7324],[85.6129,27.7339],[85.6106,27.7435],[85.6039,27.7488],[85.5956,27.7442],[85.5885,27.7481],[85.5838,27.7483],[85.5803,27.7498],[85.574,27.749],[85.5726,27.7458],[85.5674,27.7448],[85.5618,27.7488],[85.5541,27.7492],[85.5495,27.7545],[85.55,27.7569],[85.5469,27.7558],[85.5445,27.7564],[85.5414,27.7545],[85.5383,27.7548],[85.5372,27.7505],[85.5252,27.7366],[85.5234,27.7296],[85.5251,27.7256],[85.5195,27.7185],[85.5212,27.7148],[85.5201,27.7104],[85.5222,27.7033],[85.5205,27.6986],[85.5213,27.6943],[85.5199,27.6929],[85.5131,27.6919],[85.5064,27.6929],[85.5032,27.6895],[85.5009,27.6786],[85.4973,27.6737],[85.4974,27.6704],[85.4947,27.6657],[85.4949,27.6632],[85.4917,27.6581],[85.4934,27.6524],[85.4856,27.6476],[85.4814,27.6424],[85.4794,27.6432],[85.4786,27.6454],[85.4772,27.6451],[85.4776,27.6419],[85.4729,27.6358],[85.4699,27.6343],[85.4633,27.6255],[85.4604,27.6254],[85.4594,27.6291],[85.454,27.6371],[85.4478,27.6301],[85.4398,27.6285],[85.4362,27.6233],[85.4281,27.6247],[85.426,27.6217],[85.4205,27.6202],[85.4212,27.6169],[85.4271,27.6151],[85.4297,27.6155],[85.4357,27.6083],[85.4356,27.6063],[85.4327,27.6038],[85.4333,27.6006],[85.4269,27.6031],[85.4259,27.6005],[85.4288,27.5969],[85.4254,27.5935],[85.4216,27.5927],[85.415,27.5994],[85.4171,27.6065],[85.4148,27.6061],[85.4131,27.6072],[85.4136,27.6053],[85.4116,27.6032],[85.4025,27.6021],[85.4045,27.5997],[85.4033,27.5942],[85.4057,27.5921],[85.4042,27.5886],[85.4058,27.5873],[85.4026,27.5815],[85.4017,27.5735],[85.3966,27.5702],[85.3942,27.5667],[85.3895,27.5654],[85.3869,27.5631],[85.399,27.5544],[85.4036,27.5452],[85.4063,27.546],[85.4105,27.545],[85.4119,27.5481],[85.4158,27.5483],[85.4166,27.5463],[85.4206,27.5449],[85.4249,27.5406],[85.429,27.541],[85.4328,27.5387],[85.4369,27.5416],[85.4405,27.5322],[85.4388,27.5277],[85.4428,27.516],[85.4393,27.5049],[85.4389,27.4895],[85.4409,27.4825],[85.4434,27.4802],[85.4415,27.4761],[85.4379,27.4742],[85.4357,27.4704],[85.4296,27.4647],[85.4226,27.4615],[85.4211,27.4581],[85.4179,27.4591],[85.4162,27.456],[85.4128,27.4547],[85.4116,27.4515],[85.4079,27.4497],[85.4067,27.4475],[85.4094,27.4439],[85.4181,27.4446],[85.4177,27.4425],[85.4113,27.4385],[85.4119,27.4375],[85.4144,27.4373],[85.4154,27.4351],[85.4105,27.4334],[85.4139,27.4253],[85.4107,27.4223],[85.4094,27.4174],[85.4117,27.4143],[85.4148,27.4144],[85.4171,27.4126],[85.4187,27.4083],[85.4201,27.4027],[85.4226,27.4048],[85.4275,27.4057],[85.4295,27.4101],[85.4324,27.4103],[85.4338,27.4076],[85.4327,27.4034],[85.4424,27.4025],[85.4467,27.3971],[85.4464,27.3927],[85.4485,27.3877],[85.4504,27.388],[85.4554,27.3943],[85.4586,27.3951],[85.4627,27.3859],[85.4669,27.3883],[85.4698,27.3885],[85.4725,27.383],[85.4736,27.3772],[85.4748,27.3766],[85.4779,27.3781],[85.479,27.3762],[85.4771,27.3738],[85.4725,27.3728],[85.4726,27.3701],[85.4789,27.3716],[85.4871,27.3764],[85.4913,27.3746],[85.4946,27.3763],[85.4974,27.3716],[85.5016,27.3726],[85.5054,27.3682],[85.506,27.3644],[85.507,27.3638],[85.5085,27.3657],[85.5101,27.3654],[85.5037,27.3573],[85.5135,27.3507],[85.5232,27.35],[85.5272,27.3542],[85.5332,27.3567],[85.536,27.3545],[85.5394,27.3539],[85.54,27.3493],[85.5477,27.3473],[85.5504,27.3434],[85.5516,27.3436],[85.5529,27.3461],[85.5553,27.3459],[85.5554,27.3426],[85.5591,27.3394],[85.5628,27.3404],[85.5627,27.3433],[85.5646,27.3448],[85.5666,27.3434],[85.5651,27.3411],[85.5707,27.3405],[85.577,27.3417],[85.5781,27.3447],[85.5855,27.3435],[85.587,27.3452],[85.5933,27.3437],[85.5982,27.3447],[85.5996,27.3431],[85.6061,27.3441],[85.6113,27.343],[85.6177,27.3454],[85.6229,27.3448],[85.6315,27.3476],[85.632,27.3493],[85.6347,27.3503],[85.6333,27.3527],[85.6352,27.3536],[85.638,27.3524],[85.6393,27.3488],[85.6418,27.3498],[85.6419,27.3481],[85.6392,27.3479],[85.6393,27.3462],[85.6435,27.3458],[85.6417,27.3426],[85.6455,27.3407],[85.6506,27.3336],[85.661,27.3349],[85.6627,27.3376],[85.6721,27.3412],[85.6724,27.3444],[85.6749,27.3433],[85.6791,27.3452],[85.6893,27.3371],[85.6992,27.341],[85.7005,27.3437],[85.703,27.3443],[85.7041,27.3459],[85.7056,27.3514],[85.7044,27.3573],[85.6954,27.3639],[85.6976,27.3682],[85.6963,27.3727],[85.6981,27.3741],[85.698,27.3783],[85.7005,27.3853],[85.7069,27.3936],[85.7116,27.3973],[85.7126,27.4037],[85.7144,27.4064],[85.7207,27.4101],[85.7272,27.412],[85.7344,27.4079],[85.7384,27.4092],[85.744,27.4084],[85.7545,27.4037],[85.7583,27.4006],[85.7676,27.4002],[85.7735,27.3982],[85.7766,27.4104],[85.7789,27.413],[85.7778,27.4149],[85.779,27.4184],[85.7845,27.4224],[85.7833,27.4249],[85.785,27.429],[85.785,27.4352],[85.7862,27.4382],[85.7889,27.4393],[85.7908,27.4434],[85.7951,27.4418],[85.7978,27.4393],[85.8031,27.4387],[85.8076,27.4417],[85.8096,27.4448],[85.8158,27.4468],[85.8215,27.451],[85.8177,27.4526],[85.8144,27.452],[85.8093,27.4552],[85.8094,27.4623],[85.8147,27.464],[85.8134,27.469],[85.814,27.474],[85.81,27.476],[85.8072,27.4796],[85.8083,27.4847],[85.8029,27.4914],[85.8019,27.4977],[85.7975,27.5003],[85.7998,27.5024],[85.8007,27.5064],[85.8047,27.5079],[85.8051,27.5113],[85.8093,27.51],[85.8189,27.5179],[85.8185,27.5225],[85.8158,27.5238],[85.8195,27.5256],[85.8192,27.5283],[85.8249,27.5367],[85.825,27.5396],[85.8286,27.5467],[85.8233,27.5659],[85.8247,27.5713],[85.8269,27.5733],[85.8267,27.5759],[85.8279,27.5764],[85.8293,27.5743],[85.8322,27.5771],[85.8374,27.5758],[85.8397,27.5776],[85.8415,27.5771],[85.8465,27.579],[85.8455,27.5814],[85.8465,27.5851],[85.851,27.5872],[85.8527,27.5915],[85.8555,27.5914],[85.8572,27.593],[85.8632,27.5949],[85.8742,27.6126],[85.881,27.6146]]]},"properties":{"DIST_EN":"Kabhrepalanchok","DIST_PCODE":"NP0324"}},
{"type":"Feature","geometry":{"type":"Polygon","coordinates":[[[80.9811,28.9388],[80.9681,28.9414],[80.9566,28.9362],[80.9533,28.9358],[80.9364,28.9426],[80.9281,28.9435],[80.9214,28.9416],[80.9183,28.9388],[80.9145,28.9321],[80.9115,28.931],[80.9065,28.9404],[80.9039,28.9404],[80.903,28.937],[80.9015,28.9366],[80.8996,28.9373],[80.8992,28.9408],[80.8975,28.9427],[80.8968,28.9408],[80.8987,28.9358],[80.8945,28.9344],[80.8906,28.9395],[80.8833,28.9405],[80.8812,28.944],[80.8854,28.9578],[80.8848,28.9629],[80.8829,28.9662],[80.88,28.9681],[80.8734,28.9696],[80.8663,28.9689],[80.8624,28.9754],[80.8557,28.9777],[80.8506,28.9747],[80.8437,28.9648],[80.8421,28.96],[80.8369,28.9558],[80.8399,28.9503],[80.8318,28.9404],[80.8322,28.9367],[80.8293,28.936],[80.8291,28.9338],[80.8271,28.9321],[80.8211,28.9307],[80.8168,28.9316],[80.8171,28.9365],[80.8158,28.9391],[80.8111,28.9381],[80.8104,28.9428],[80.8062,28.9437],[80.8054,28.9449],[80.8077,28.9477],[80.8098,28.9551],[80.8088,28.957],[80.8038,28.9596],[80.8065,28.9669],[80.8031,28.9724],[80.7981,28.9773],[80.7866,28.9806],[80.7826,28.9851],[80.7706,28.9851],[80.7612,28.9889],[80.7607,28.996],[80.7636,29.0001],[80.7616,29.0028],[80.7527,29.0027],[80.7456,29.008],[80.7382,29.0109],[80.7244,29.0109],[80.7209,29.0072],[80.7166,29.0103],[80.7037,29.0096],[80.6959,29.0118],[80.6923,29.0148],[80.6833,29.0141],[80.6818,29.0157],[80.6781,29.0155],[80.6765,29.017],[80.6768,29.0192],[80.6744,29.0208],[80.6706,29.0182],[80.6638,29.0198],[80.6606,29.0221],[80.6566,29.0221],[80.644,29.0282],[80.6343,29.036],[80.6313,29.0424],[80.624,29.0491],[80.6228,29.0527],[80.617,29.0588],[80.6116,29.0577],[80.6095,29.0546],[80.61,29.0523],[80.6067,29.0485],[80.6032,29.0491],[80.5985,29.0478],[80.5965,29.0484],[80.5931,29.0548],[80.59,29.0529],[80.5878,29.0535],[80.588,29.0554],[80.5861,29.0559],[80.584,29.0593],[80.5792,29.0576],[80.5776,29.0589],[80.5779,29.0608],[80.5735,29.0612],[80.5726,29.0644],[80.5692,29.0645],[80.566,29.0622],[80.5612,29.0682],[80.5573,29.0583],[80.553,29.0557],[80.5492,29.0512],[80.5447,29.0494],[80.5467,29.0447],[80.5459,29.0436],[80.5469,29.0385],[80.544,29.0362],[80.5405,29.0364],[80.5343,29.0298],[80.5345,29.0258],[80.5332,29.0241],[80.5338,29.0204],[80.5361,29.0176],[80.5355,29.014],[80.5189,29.0045],[80.519,28.9993],[80.5146,28.9972],[80.5048,28.9965],[80.5007,28.9933],[80.4962,28.995],[80.4941,28.9943],[80.4883,28.9954],[80.4857,28.9982],[80.4838,28.9943],[80.49,28.9848],[80.4884,28.9775],[80.4837,28.9702],[80.4808,28.9576],[80.4729,28.948],[80.4682,28.9387],[80.4714,28.9384],[80.4743,28.9398],[80.4764,28.938],[80.4817,28.9368],[80.4832,28.9324],[80.4877,28.9269],[80.488,28.9244],[80.4907,28.9258],[80.4951,28.9229],[80.505,28.9255],[80.5107,28.9214],[80.5105,28.9187],[80.5032,28.9117],[80.5038,28.9025],[80.5074,28.8989],[80.5079,28.8969],[80.5037,28.8878],[80.5037,28.8835],[80.5055,28.879],[80.501,28.8706],[80.5025,28.864],[80.4996,28.8626],[80.4984,28.8602],[80.4991,28.8584],[80.4972,28.8575],[80.4965,28.8549],[80.5,28.8525],[80.5009,28.8481],[80.5031,28.8477],[80.5023,28.8443],[80.5035,28.841],[80.5047,28.8406],[80.5056,28.8422],[80.508,28.8395],[80.5053,28.8378],[80.5078,28.8356],[80.5077,28.8325],[80.5119,28.8314],[80.5153,28.8351],[80.5184,28.8319],[80.5181,28.8281],[80.5158,28.8266],[80.5143,28.8234],[80.5169,28.8222],[80.518,28.8197],[80.5115,28.8173],[80.5111,28.8151],[80.5163,28.8109],[80.52,28.811],[80.5246,28.8062],[80.5262,28.806],[80.5315,28.7992],[80.5312,28.7967],[80.5354,28.7951],[80.5388,28.796],[80.5386,28.7903],[80.5448,28.7862],[80.5457,28.7833],[80.5501,28.7784],[80.5504,28.7748],[80.5486,28.7721],[80.5435,28.7709],[80.5371,28.7713],[80.5358,28.7679],[80.5403,28.7633],[80.5411,28.7563],[80.545,28.7519],[80.5501,28.7506],[80.5553,28.755],[80.5569,28.7533],[80.5525,28.7495],[80.5501,28.744],[80.5446,28.7409],[80.5394,28.7402],[80.5382,28.7387],[80.5424,28.735],[80.5508,28.7338],[80.5552,28.7261],[80.5595,28.7227],[80.5532,28.7215],[80.5505,28.7197],[80.5495,28.712],[80.5462,28.7117],[80.5401,28.7166],[80.5387,28.7161],[80.5382,28.7134],[80.5422,28.707],[80.5407,28.703],[80.5442,28.7006],[80.5427,28.6964],[80.5495,28.695],[80.5543,28.6908],[80.5687,28.688],[80.5905,28.6798],[80.5802,28.6613],[80.5976,28.656],[80.5898,28.6478],[80.6063,28.6524],[80.6116,28.6394],[80.6333,28.6374],[80.6416,28.6433],[80.6513,28.634],[80.6677,28.6419],[80.6708,28.6284],[80.6796,28.6205],[80.6774,28.6044],[80.6958,28.6034],[80.6903,28.5871],[80.704,28.5788],[80.7147,28.5679],[80.7246,28.5749],[80.7388,28.5659],[80.7385,28.5743],[80.768,28.5657],[80.7696,28.5498],[80.7828,28.5468],[80.7896,28.5434],[80.7846,28.5293],[80.7891,28.5244],[80.7998,28.5212],[80.8155,28.5207],[80.83,28.5118],[80.8436,28.4998],[80.8444,28.4955],[80.8553,28.4972],[80.8656,28.4896],[80.8616,28.5042],[80.8759,28.5098],[80.8962,28.5057],[80.8998,28.5006],[80.9087,28.4976],[80.907,28.4897],[80.9015,28.4858],[80.9058,28.4658],[80.9157,28.4577],[80.9145,28.4679],[80.9196,28.4638],[80.9176,28.4598],[80.9306,28.4577],[80.9324,28.4631],[80.9426,28.4685],[80.9453,28.4662],[80.9323,28.4587],[80.9448,28.4548],[80.9517,28.4557],[80.9518,28.4476],[80.9641,28.4497],[80.9671,28.4571],[80.9799,28.4553],[80.9649,28.4448],[80.9681,28.4429],[80.9654,28.4378],[80.9792,28.4344],[80.9779,28.4426],[80.9892,28.4417],[80.9998,28.4541],[81.0175,28.4517],[81.013,28.4383],[81.0193,28.4317],[81.0296,28.4386],[81.0338,28.428],[81.0168,28.4158],[81.0211,28.4104],[81.0324,28.3988],[81.0349,28.4134],[81.046,28.4101],[81.0674,28.3945],[81.0671,28.3996],[81.0594,28.4075],[81.0596,28.41],[81.0646,28.4209],[81.0686,28.4259],[81.0769,28.4335],[81.0859,28.4384],[81.0906,28.457],[81.0946,28.4598],[81.0989,28.4594],[81.109,28.4615],[81.1109,28.4636],[81.112,28.4691],[81.1148,28.4726],[81.1208,28.4752],[81.13,28.4822],[81.138,28.4909],[81.1474,28.496],[81.1481,28.497],[81.1455,28.4963],[81.1473,28.4982],[81.1532,28.502],[81.1602,28.5015],[81.1628,28.5134],[81.1677,28.5207],[81.1681,28.5242],[81.1997,28.5545],[81.2209,28.5683],[81.2325,28.5776],[81.2489,28.5945],[81.2596,28.6121],[81.2688,28.6179],[81.2707,28.6296],[81.282,28.6394],[81.2877,28.6486],[81.2874,28.6635],[81.2853,28.6733],[81.2812,28.6951],[81.2784,28.6982],[81.2665,28.7042],[81.2732,28.7173],[81.2725,28.7271],[81.2693,28.7289],[81.2602,28.7289],[81.2561,28.73],[81.2564,28.7349],[81.2611,28.7459],[81.2596,28.7502],[81.2508,28.755],[81.2472,28.7609],[81.2508,28.7701],[81.2478,28.7797],[81.2452,28.7822],[81.2327,28.7861],[81.2278,28.7912],[81.2259,28.7952],[81.2279,28.799],[81.2391,28.8031],[81.2421,28.8109],[81.2409,28.8124],[81.233,28.8146],[81.2299,28.8168],[81.2296,28.826],[81.2338,28.8297],[81.232,28.8319],[81.226,28.8355],[81.2243,28.8389],[81.2118,28.8441],[81.2062,28.8504],[81.2054,28.8544],[81.2084,28.8576],[81.2062,28.8624],[81.2022,28.8637],[81.199,28.8612],[81.1994,28.8466],[81.1952,28.8331],[81.2037,28.8283],[81.2067,28.8253],[81.2071,28.8204],[81.2034,28.8168],[81.1956,28.8213],[81.1818,28.8251],[81.1781,28.8281],[81.1741,28.835],[81.1654,28.8349],[81.1567,28.8287],[81.153,28.8304],[81.1531,28.8336],[81.1577,28.8444],[81.1492,28.8527],[81.1451,28.8625],[81.145,28.871],[81.1434,28.8731],[81.137,28.8723],[81.1291,28.8652],[81.1269,28.8613],[81.1274,28.8552],[81.126,28.8517],[81.108,28.8486],[81.1024,28.8448],[81.0927,28.8561],[81.0892,28.8629],[81.0768,28.8635],[81.0729,28.8649],[81.0718,28.8682],[81.0739,28.8752],[81.0723,28.8768],[81.0673,28.8774],[81.0588,28.8735],[81.0515,28.8769],[81.0454,28.8863],[81.0392,28.8902],[81.034,28.8985],[81.0304,28.9081],[81.0258,28.9118],[81.0212,28.9199],[81.014,28.9228],[81.0072,28.9277],[80.9972,28.9292],[80.9872,28.9341],[80.9811,28.9388]]]},"properties":{"DIST_EN":"Kailali","DIST_PCODE":"NP0771"}},
{"type":"Feature","geometry":{"type":"Polygon","coordinates":[[[81.9309,29.4374],[81.9259,29.4397],[81.925,29.4429],[81.9216,29.4444],[81.9113,29.4436],[81.8976,29.4465],[81.8848,29.4435],[81.8784,29.449],[81.8732,29.4513],[81.8683,29.4567],[81.8668,29.4607],[81.8647,29.4594],[81.859,29.4587],[81.855,29.461],[81.8524,29.4603],[81.8416,29.4616],[81.8361,29.4597],[81.8327,29.4565],[81.8281,29.4579],[81.8229,29.4549],[81.8102,29.4552],[81.8078,29.454],[81.8053,29.4527],[81.8032,29.4474],[81.8051,29.4383],[81.8022,29.4317],[81.799,29.4292],[81.7988,29.421],[81.7967,29.4146],[81.7977,29.4125],[81.7964,29.4085],[81.7979,29.4071],[81.7945,29.3994],[81.7905,29.396],[81.7893,29.389],[81.7865,29.3888],[81.7768,29.3914],[81.7718,29.391],[81.7688,29.3923],[81.7669,29.3905],[81.7665,29.3858],[81.7611,29.3866],[81.7582,29.3823],[81.7565,29.3757],[81.7497,29.3666],[81.7492,29.3623],[81.7512,29.3591],[81.7501,29.3578],[81.751,29.3562],[81.7502,29.3541],[81.7523,29.3518],[81.7474,29.3467],[81.7455,29.3389],[81.7397,29.334],[81.7299,29.3352],[81.716,29.3313],[81.7032,29.3306],[81.6939,29.3255],[81.6909,29.3206],[81.6829,29.3195],[81.6783,29.3215],[81.67,29.3169],[81.6685,29.3171],[81.6644,29.3194],[81.6562,29.3197],[81.653,29.3216],[81.6477,29.3215],[81.6464,29.3236],[81.6466,29.3281],[81.6425,29.3318],[81.6419,29.3345],[81.644,29.3434],[81.6441,29.3544],[81.6431,29.3562],[81.6391,29.3557],[81.6383,29.3615],[81.6347,29.3644],[81.6276,29.3662],[81.6256,29.3689],[81.6137,29.3708],[81.6115,29.3702],[81.6092,29.3675],[81.5999,29.3656],[81.5929,29.3661],[81.5818,29.3648],[81.5796,29.3625],[81.5763,29.3629],[81.5732,29.3608],[81.5729,29.3539],[81.5705,29.3497],[81.567,29.3479],[81.5665,29.3492],[81.5611,29.3515],[81.5585,29.3579],[81.5504,29.3496],[81.5506,29.3458],[81.5474,29.3383],[81.5405,29.3323],[81.5359,29.3312],[81.5289,29.3261],[81.5239,29.3151],[81.5181,29.315],[81.5152,29.3121],[81.508,29.3146],[81.5038,29.3032],[81.5,29.2973],[81.4908,29.2906],[81.4839,29.2796],[81.4681,29.2719],[81.4776,29.264],[81.4871,29.2634],[81.4912,29.2617],[81.4948,29.2572],[81.4949,29.2546],[81.4932,29.2523],[81.4952,29.2449],[81.4996,29.2389],[81.4948,29.2363],[81.487,29.227],[81.4857,29.2108],[81.4821,29.2006],[81.4847,29.1928],[81.4908,29.185],[81.4899,29.1806],[81.4868,29.1759],[81.4873,29.173],[81.4907,29.1699],[81.4953,29.1689],[81.4954,29.16],[81.497,29.1548],[81.4991,29.1518],[81.512,29.1513],[81.5135,29.1531],[81.5183,29.1536],[81.5247,29.1528],[81.5333,29.1466],[81.533,29.141],[81.5353,29.1369],[81.5524,29.1286],[81.5656,29.1262],[81.568,29.1268],[81.5792,29.136],[81.5808,29.1356],[81.5796,29.1299],[81.5821,29.1265],[81.5822,29.124],[81.5786,29.1085],[81.5734,29.1003],[81.5697,29.0984],[81.5678,29.0956],[81.5655,29.0861],[81.5653,29.0758],[81.5618,29.0665],[81.5638,29.0606],[81.5637,29.0537],[81.5671,29.0519],[81.5705,29.0527],[81.5813,29.0472],[81.5894,29.0489],[81.5951,29.0457],[81.5988,29.0455],[81.6026,29.043],[81.6048,29.0394],[81.6134,29.0335],[81.6185,29.0373],[81.6209,29.0411],[81.6241,29.0425],[81.6264,29.0418],[81.6306,29.0467],[81.6445,29.0403],[81.6511,29.0401],[81.6553,29.0416],[81.659,29.0412],[81.6653,29.0449],[81.6795,29.047],[81.683,29.0492],[81.6906,29.0497],[81.694,29.0477],[81.6948,29.044],[81.6994,29.0395],[81.7023,29.032],[81.7102,29.0312],[81.7154,29.0279],[81.7148,29.0217],[81.7159,29.0201],[81.7222,29.0199],[81.7247,29.0216],[81.727,29.0209],[81.7302,29.0218],[81.7366,29.0198],[81.7447,29.0119],[81.7492,29.0118],[81.7513,29.0103],[81.7599,29.0137],[81.7668,29.0184],[81.7713,29.0193],[81.774,29.0175],[81.7829,29.0176],[81.7912,29.0125],[81.795,29.0136],[81.7934,29.012],[81.7945,29.0091],[81.7931,29.0052],[81.7967,29.0028],[81.8021,29.0013],[81.8081,28.9949],[81.8154,28.9904],[81.819,28.9847],[81.8228,28.9832],[81.8291,28.985],[81.8357,28.9819],[81.8416,28.9813],[81.8482,28.9723],[81.862,28.9728],[81.8648,28.971],[81.8726,28.9713],[81.875,28.9722],[81.8782,28.9762],[81.8819,28.9765],[81.8849,28.9818],[81.8881,28.9842],[81.8951,28.9821],[81.9006,28.9821],[81.9095,28.9867],[81.915,28.9805],[81.9197,28.9777],[81.9304,28.9821],[81.9388,28.9814],[81.9464,28.9843],[81.9583,28.9856],[81.9611,28.991],[81.9844,29.0029],[81.9853,29.004],[81.9846,29.0103],[81.986,29.0127],[81.9904,29.0142],[81.9961,29.0139],[82.0004,29.0156],[82.0051,29.0228],[82.0073,29.0305],[82.0117,29.0296],[82.0126,29.0373],[82.0141,29.0389],[82.0143,29.0433],[82.0173,29.0517],[82.0134,29.0555],[82.0168,29.061],[82.0123,29.0678],[82.013,29.0711],[82.0122,29.0721],[82.0132,29.0741],[82.0163,29.0742],[82.0181,29.0766],[82.0194,29.0839],[82.0171,29.0921],[82.0142,29.0952],[82.0024,29.1],[81.9982,29.1028],[81.9974,29.1015],[81.9884,29.1067],[81.9809,29.1077],[81.9753,29.1113],[81.9726,29.1163],[81.9578,29.128],[81.9479,29.1293],[81.9491,29.1355],[81.9484,29.1372],[81.9501,29.1393],[81.9502,29.1421],[81.9441,29.1495],[81.9362,29.1503],[81.9348,29.1539],[81.9301,29.155],[81.9265,29.1573],[81.9214,29.1568],[81.9176,29.1582],[81.9136,29.1567],[81.9102,29.1577],[81.9037,29.1573],[81.9003,29.1646],[81.8958,29.1679],[81.8947,29.1728],[81.8958,29.1759],[81.9014,29.1825],[81.9008,29.1853],[81.9033,29.1849],[81.9082,29.1881],[81.9107,29.2006],[81.9089,29.2058],[81.9062,29.2062],[81.9014,29.2139],[81.8991,29.2131],[81.8943,29.2139],[81.8898,29.2187],[81.8805,29.2229],[81.8755,29.2272],[81.8719,29.2272],[81.8687,29.2258],[81.8652,29.2318],[81.861,29.2355],[81.8613,29.2376],[81.8591,29.241],[81.8551,29.2417],[81.8499,29.2445],[81.85,29.2492],[81.8463,29.2588],[81.8479,29.2664],[81.8537,29.2669],[81.8546,29.2705],[81.8585,29.2713],[81.8597,29.2732],[81.8739,29.2714],[81.8794,29.2728],[81.8806,29.2742],[81.8804,29.2801],[81.8825,29.2855],[81.8924,29.2922],[81.8972,29.2977],[81.8989,29.301],[81.8959,29.3077],[81.8976,29.3078],[81.8987,29.3101],[81.9045,29.3144],[81.9074,29.322],[81.9148,29.3225],[81.9271,29.3293],[81.9303,29.3329],[81.9298,29.3457],[81.9252,29.3534],[81.9255,29.3599],[81.9277,29.3664],[81.9264,29.3677],[81.9263,29.3801],[81.9244,29.3846],[81.9287,29.3891],[81.9304,29.3948],[81.9274,29.4027],[81.9286,29.4123],[81.9304,29.415],[81.9292,29.4185],[81.9301,29.4283],[81.9286,29.4326],[81.9309,29.4374]]]},"properties":{"DIST_EN":"Kalikot","DIST_PCODE":"NP0664"}},
{"type":"Feature","geometry":{"type":"Polygon","coordinates":[[[80.4857,28.9982],[80.4816,28.9968],[80.4798,28.9939],[80.4761,28.9943],[80.472,28.9966],[80.4734,29.0001],[80.4729,29.0039],[80.4751,29.0049],[80.4767,29.0076],[80.4752,29.0101],[80.4783,29.0177],[80.4756,29.0193],[80.469,29.0188],[80.4695,29.0267],[80.4682,29.0299],[80.464,29.0299],[80.4609,29.0316],[80.4597,29.0375],[80.4553,29.0352],[80.4436,29.0344],[80.4406,29.0317],[80.4391,29.0323],[80.427,29.0266],[80.4203,29.0265],[80.4155,29.0302],[80.4151,29.0328],[80.4103,29.0321],[80.4051,29.0364],[80.3995,29.0365],[80.3925,29.0404],[80.3892,29.0461],[80.3868,29.0475],[80.3833,29.0474],[80.3781,29.0434],[80.3605,29.048],[80.3557,29.0445],[80.354,29.046],[80.3544,29.0498],[80.3487,29.054],[80.3404,29.0547],[80.3358,29.0523],[80.329,29.0534],[80.325,29.0514],[80.3202,29.0539],[80.315,29.0549],[80.3127,29.0583],[80.3108,29.0563],[80.3079,29.0581],[80.3037,29.0575],[80.3009,29.0586],[80.2936,29.057],[80.29,29.0547],[80.2864,29.0547],[80.2832,29.0528],[80.2822,29.0486],[80.2778,29.0499],[80.2726,29.0459],[80.2714,29.0482],[80.265,29.0522],[80.2614,29.0511],[80.2551,29.053],[80.2418,29.05],[80.2312,29.0457],[80.2277,29.0456],[80.2225,29.0511],[80.2223,29.053],[80.2243,29.0541],[80.2233,29.056],[80.222,29.0569],[80.2178,29.0562],[80.2117,29.0573],[80.2111,29.0675],[80.2042,29.072],[80.2045,29.0747],[80.1976,29.0787],[80.1962,29.0817],[80.1936,29.0826],[80.1915,29.0859],[80.186,29.0872],[80.1853,29.1078],[80.1885,29.1125],[80.1871,29.1154],[80.1865,29.1308],[80.1845,29.1373],[80.1816,29.1354],[80.1782,29.1286],[80.175,29.1268],[80.1711,29.127],[80.1679,29.1258],[80.164,29.117],[80.1501,29.1061],[80.1448,29.1034],[80.1286,29.0611],[80.1366,29.0589],[80.1265,29.0318],[80.1315,29.0304],[80.1247,29.0131],[80.1364,29.0096],[80.1357,29.0073],[80.1269,29.0061],[80.118,28.9817],[80.1003,28.9865],[80.0962,28.9753],[80.0586,28.9165],[80.0648,28.8374],[80.0751,28.8244],[80.1182,28.8288],[80.1386,28.8139],[80.171,28.7824],[80.2162,28.7554],[80.2336,28.7593],[80.2416,28.7562],[80.246,28.7561],[80.2497,28.758],[80.2516,28.7574],[80.261,28.7504],[80.2652,28.7436],[80.2631,28.7343],[80.2563,28.7294],[80.2665,28.7214],[80.2749,28.7116],[80.2777,28.71],[80.2937,28.7114],[80.297,28.7098],[80.299,28.7065],[80.308,28.7047],[80.3174,28.6999],[80.322,28.6915],[80.3228,28.6858],[80.3213,28.6813],[80.326,28.6699],[80.326,28.6664],[80.3474,28.6544],[80.3534,28.6504],[80.3558,28.6468],[80.3605,28.6454],[80.3573,28.6407],[80.3608,28.6356],[80.3677,28.6353],[80.371,28.6324],[80.3714,28.6292],[80.3744,28.6301],[80.3764,28.6284],[80.383,28.6307],[80.3862,28.6297],[80.4047,28.6349],[80.4148,28.6392],[80.4185,28.6391],[80.4241,28.6372],[80.4325,28.6373],[80.4377,28.6354],[80.4427,28.6285],[80.4517,28.6287],[80.4563,28.6237],[80.4606,28.6217],[80.4618,28.6187],[80.4597,28.6176],[80.463,28.6171],[80.4644,28.615],[80.4619,28.6155],[80.4604,28.6138],[80.4626,28.6126],[80.4662,28.6008],[80.4718,28.5903],[80.4711,28.5846],[80.4683,28.5834],[80.4701,28.5826],[80.4755,28.5831],[80.4786,28.5854],[80.4812,28.5854],[80.4838,28.5821],[80.495,28.5754],[80.4999,28.5698],[80.5065,28.5681],[80.5153,28.5574],[80.518,28.5518],[80.52,28.5543],[80.523,28.553],[80.5308,28.5723],[80.5299,28.5749],[80.5257,28.5733],[80.5217,28.577],[80.5149,28.616],[80.5114,28.6238],[80.5036,28.6653],[80.5062,28.671],[80.5399,28.6907],[80.5501,28.6916],[80.5543,28.6908],[80.5495,28.695],[80.5427,28.6964],[80.5442,28.7006],[80.5407,28.703],[80.5422,28.707],[80.5382,28.7134],[80.5387,28.7161],[80.5401,28.7166],[80.5462,28.7117],[80.5495,28.712],[80.5505,28.7197],[80.5532,28.7215],[80.5595,28.7227],[80.5552,28.7261],[80.5508,28.7338],[80.5424,28.735],[80.5382,28.7387],[80.5394,28.7402],[80.5446,28.7409],[80.5501,28.744],[80.5525,28.7495],[80.5569,28.7533],[80.5553,28.755],[80.5501,28.7506],[80.545,28.7519],[80.5411,28.7563],[80.5403,28.7633],[80.5358,28.7679],[80.5371,28.7713],[80.5435,28.7709],[80.5486,28.7721],[80.5504,28.7748],[80.5501,28.7784],[80.5457,28.7833],[80.5448,28.7862],[80.5386,28.7903],[80.5388,28.796],[80.5354,28.7951],[80.5312,28.7967],[80.5315,28.7992],[80.5262,28.806],[80.5246,28.8062],[80.52,28.811],[80.5163,28.8109],[80.5111,28.8151],[80.5115,28.8173],[80.518,28.8197],[80.5169,28.8222],[80.5143,28.8234],[80.5158,28.8266],[80.5181,28.8281],[80.5184,28.8319],[80.5153,28.8351],[80.5119,28.8314],[80.5077,28.8325],[80.5078,28.8356],[80.5053,28.8378],[80.508,28.8395],[80.5056,28.8422],[80.5047,28.8406],[80.5035,28.841],[80.5023,28.8443],[80.5031,28.8477],[80.5009,28.8481],[80.5,28.8525],[80.4965,28.8549],[80.4972,28.8575],[80.4991,28.8584],[80.4984,28.8602],[80.4996,28.8626],[80.5025,28.864],[80.501,28.8706],[80.5055,28.879],[80.5037,28.8835],[80.5037,28.8878],[80.5079,28.8969],[80.5074,28.8989],[80.5038,28.9025],[80.5032,28.9117],[80.5105,28.9187],[80.5107,28.9214],[80.505,28.9255],[80.4951,28.9229],[80.4907,28.9258],[80.488,28.9244],[80.4877,28.9269],[80.4832,28.9324],[80.4817,28.9368],[80.4764,28.938],[80.4743,28.9398],[80.4714,28.9384],[80.4682,28.9387],[80.4729,28.948],[80.4808,28.9576],[80.4837,28.9702],[80.4884,28.9775],[80.49,28.9848],[80.4838,28.9943],[80.4857,28.9982]]]},"properties":{"DIST_EN":"Kanchanpur","DIST_PCODE":"NP0772"}},
{"type":"Feature","geometry":{"type":"Polygon","coordinates":[[[83.2124,27.7594],[83.202,27.7603],[83.1858,27.7541],[83.178,27.7587],[83.1741,27.7571],[83.1613,27.7583],[83.1598,27.7593],[83.1557,27.7584],[83.1437,27.7607],[83.127,27.769],[83.1258,27.766],[83.1227,27.7646],[83.1216,27.7618],[83.1196,27.7654],[83.1144,27.7663],[83.1085,27.7705],[83.1046,27.7686],[83.1,27.7693],[83.0962,27.7754],[83.0941,27.7827],[83.093,27.783],[83.0893,27.7824],[83.0907,27.7785],[83.0899,27.7713],[83.0866,27.7749],[83.083,27.7698],[83.0783,27.7682],[83.0749,27.7649],[83.0697,27.7655],[83.0668,27.7645],[83.0676,27.7631],[83.0662,27.7579],[83.0602,27.7602],[83.0618,27.7634],[83.0583,27.7643],[83.0525,27.7567],[83.0512,27.7626],[83.0492,27.7636],[83.0499,27.769],[83.0462,27.7742],[83.0346,27.7818],[83.0328,27.7846],[83.033,27.7933],[83.0309,27.7958],[83.0225,27.7984],[83.0203,27.804],[83.0207,27.8084],[83.0161,27.8101],[83.0197,27.817],[83.0197,27.8207],[83.011,27.8118],[83.004,27.7984],[82.9965,27.7929],[82.9913,27.7923],[82.9831,27.7946],[82.9811,27.7932],[82.9738,27.7945],[82.9681,27.7931],[82.9607,27.7956],[82.953,27.7904],[82.9499,27.792],[82.9424,27.7904],[82.9372,27.7879],[82.9347,27.7854],[82.9299,27.7844],[82.9253,27.7876],[82.9192,27.7848],[82.914,27.7893],[82.9109,27.7881],[82.907,27.7885],[82.9022,27.793],[82.8989,27.7937],[82.8887,27.7915],[82.8773,27.7937],[82.8723,27.7924],[82.866,27.7932],[82.8605,27.7905],[82.8446,27.7935],[82.8422,27.7906],[82.8407,27.7904],[82.8331,27.7913],[82.8305,27.793],[82.8257,27.7924],[82.8164,27.7958],[82.8128,27.7936],[82.8043,27.7951],[82.8059,27.7921],[82.8035,27.7878],[82.8052,27.7805],[82.8037,27.777],[82.8015,27.7757],[82.7995,27.776],[82.7981,27.7739],[82.7964,27.7743],[82.7903,27.7721],[82.7858,27.7722],[82.7835,27.7694],[82.7819,27.7775],[82.748,27.7776],[82.7352,27.7761],[82.7313,27.7749],[82.7313,27.7671],[82.7256,27.7644],[82.723,27.7586],[82.7121,27.7579],[82.7094,27.76],[82.7032,27.7584],[82.6999,27.7589],[82.6962,27.7567],[82.6996,27.7512],[82.7019,27.7499],[82.7009,27.7455],[82.7035,27.7429],[82.704,27.7388],[82.7063,27.7357],[82.7062,27.7267],[82.7084,27.7247],[82.7081,27.7219],[82.7057,27.7113],[82.7059,27.7029],[82.71,27.6955],[82.7158,27.6919],[82.7183,27.6875],[82.7149,27.6815],[82.7143,27.6772],[82.7163,27.6757],[82.716,27.6726],[82.7133,27.671],[82.7159,27.6681],[82.715,27.6664],[82.7118,27.6651],[82.7143,27.6627],[82.7204,27.6617],[82.7191,27.6591],[82.7204,27.6574],[82.724,27.6592],[82.7256,27.6585],[82.7305,27.6528],[82.7314,27.6491],[82.7309,27.648],[82.7287,27.6479],[82.7282,27.6456],[82.7311,27.6452],[82.7331,27.6465],[82.7334,27.6427],[82.7363,27.6432],[82.7376,27.6376],[82.7351,27.6356],[82.7383,27.632],[82.7337,27.6286],[82.7367,27.6262],[82.7348,27.6245],[82.7308,27.6241],[82.7367,27.6218],[82.7331,27.619],[82.7352,27.6164],[82.7346,27.6148],[82.7363,27.6115],[82.735,27.6097],[82.7373,27.6072],[82.7423,27.6047],[82.7455,27.6004],[82.745,27.5954],[82.7503,27.5936],[82.7559,27.5878],[82.7557,27.5866],[82.7525,27.5849],[82.7511,27.5771],[82.7489,27.5763],[82.7493,27.5743],[82.7478,27.572],[82.7514,27.5653],[82.7436,27.561],[82.7472,27.5551],[82.7418,27.5542],[82.7401,27.5517],[82.7382,27.5521],[82.7385,27.5506],[82.7411,27.55],[82.7379,27.5467],[82.7391,27.5454],[82.742,27.5464],[82.7408,27.5449],[82.7427,27.5433],[82.7413,27.5427],[82.7418,27.5414],[82.7432,27.5416],[82.7415,27.54],[82.7419,27.5373],[82.7406,27.5371],[82.7417,27.5358],[82.7439,27.5359],[82.7446,27.5344],[82.7421,27.5322],[82.7451,27.5323],[82.7446,27.5299],[82.7473,27.5316],[82.7452,27.529],[82.7471,27.5281],[82.7465,27.526],[82.7486,27.5268],[82.7494,27.5247],[82.7476,27.5233],[82.7495,27.5229],[82.7471,27.5196],[82.7463,27.5211],[82.7421,27.5212],[82.7432,27.5168],[82.7388,27.5188],[82.7368,27.5181],[82.7367,27.5097],[82.7377,27.5087],[82.7352,27.5085],[82.7355,27.5027],[82.7854,27.5003],[82.802,27.4966],[82.8325,27.5021],[82.8491,27.4996],[82.8704,27.4987],[82.9134,27.5014],[82.9295,27.5012],[82.9396,27.4914],[82.9448,27.4771],[82.9543,27.468],[82.9667,27.4643],[83.0191,27.4541],[83.0342,27.4489],[83.0684,27.4514],[83.0749,27.4529],[83.1645,27.4577],[83.1755,27.4554],[83.1879,27.4545],[83.196,27.4461],[83.2106,27.4244],[83.2171,27.4179],[83.22,27.4196],[83.2218,27.4185],[83.2209,27.42],[83.2234,27.4221],[83.2232,27.4251],[83.2252,27.4257],[83.2255,27.4286],[83.2265,27.4277],[83.2313,27.4308],[83.2296,27.4326],[83.2295,27.4351],[83.2284,27.4342],[83.2282,27.4355],[83.2215,27.4392],[83.2203,27.4379],[83.219,27.4402],[83.22,27.4407],[83.2169,27.4445],[83.2181,27.4453],[83.2172,27.4495],[83.2191,27.4512],[83.2179,27.4534],[83.2225,27.4547],[83.2274,27.4691],[83.2234,27.4689],[83.2247,27.4721],[83.2207,27.4735],[83.222,27.4794],[83.219,27.4797],[83.2212,27.4813],[83.2198,27.4832],[83.223,27.4859],[83.2218,27.4885],[83.2229,27.4897],[83.2212,27.4916],[83.2224,27.4929],[83.2242,27.4925],[83.2245,27.4955],[83.2271,27.4946],[83.2282,27.4958],[83.2261,27.4971],[83.2279,27.4972],[83.23,27.5015],[83.2278,27.5025],[83.2267,27.5055],[83.2296,27.5069],[83.2315,27.5062],[83.2316,27.5074],[83.2294,27.5083],[83.2331,27.5142],[83.2314,27.5145],[83.2324,27.5163],[83.2293,27.5185],[83.2316,27.5184],[83.2308,27.5219],[83.2278,27.5224],[83.2282,27.5252],[83.2239,27.528],[83.2249,27.5291],[83.2238,27.5304],[83.2251,27.5306],[83.2236,27.5314],[83.2246,27.5349],[83.2227,27.5339],[83.2214,27.5347],[83.2205,27.5383],[83.2168,27.5414],[83.2172,27.5444],[83.2183,27.5447],[83.2161,27.5481],[83.2142,27.5479],[83.2156,27.5502],[83.2123,27.5495],[83.2087,27.5561],[83.2057,27.5567],[83.2043,27.5599],[83.2089,27.5643],[83.2093,27.5691],[83.2059,27.5709],[83.2116,27.5756],[83.2144,27.5852],[83.2173,27.5852],[83.2195,27.5867],[83.2195,27.5917],[83.2216,27.5961],[83.2242,27.5973],[83.2234,27.5994],[83.225,27.5995],[83.2293,27.6038],[83.2317,27.6095],[83.2304,27.6105],[83.2313,27.6122],[83.2296,27.6149],[83.2305,27.6255],[83.2284,27.6275],[83.2262,27.6353],[83.2218,27.6397],[83.2231,27.6424],[83.2206,27.6457],[83.2222,27.6475],[83.2243,27.6476],[83.2247,27.6554],[83.2235,27.6581],[83.2246,27.6601],[83.2236,27.6616],[83.226,27.6667],[83.228,27.6673],[83.228,27.6699],[83.2255,27.6724],[83.2275,27.6733],[83.227,27.6762],[83.2282,27.6775],[83.2263,27.6812],[83.2274,27.684],[83.2268,27.6854],[83.229,27.6886],[83.2277,27.6893],[83.2273,27.6919],[83.2293,27.6951],[83.2262,27.6942],[83.2271,27.6993],[83.2236,27.7007],[83.2251,27.7034],[83.2217,27.704],[83.2228,27.7061],[83.2211,27.7104],[83.2224,27.7126],[83.2213,27.714],[83.2227,27.7156],[83.2155,27.7271],[83.2157,27.7297],[83.2183,27.7314],[83.2168,27.7341],[83.2179,27.7364],[83.2162,27.7414],[83.2148,27.7423],[83.2154,27.745],[83.2135,27.7474],[83.214,27.7487],[83.2122,27.7497],[83.2108,27.7537],[83.2124,27.7594]]]},"properties":{"DIST_EN":"Kapilbastu","DIST_PCODE":"NP0549"}},
{"type":"Feature","geometry":{"type":"Polygon","coordinates":[[[84.269,28.4566],[84.2697,28.4608],[84.2787,28.4709],[84.2741,28.4714],[84.2665,28.4804],[84.2589,28.4819],[84.2569,28.48],[84.2546,28.4797],[84.2479,28.4823],[84.2403,28.4824],[84.2334,28.484],[84.2263,28.4808],[84.2203,28.4827],[84.2184,28.4857],[84.2116,28.485],[84.2016,28.4885],[84.1983,28.4875],[84.1941,28.4893],[84.1891,28.4892],[84.1877,28.4971],[84.1886,28.5002],[84.1853,28.5062],[84.1779,28.5061],[84.1711,28.5111],[84.1625,28.5122],[84.1596,28.5161],[84.1566,28.5166],[84.1531,28.5195],[84.1511,28.5236],[84.1401,28.5333],[84.1374,28.5394],[84.1245,28.5347],[84.1174,28.5372],[84.0872,28.5393],[84.0853,28.5385],[84.0717,28.5482],[84.0672,28.5549],[84.0625,28.5585],[84.0598,28.5635],[84.0541,28.5643],[84.0494,28.567],[84.0457,28.5668],[84.0309,28.5726],[84.0201,28.5793],[84.0135,28.5872],[83.9972,28.5847],[83.993,28.5856],[83.9896,28.5845],[83.9854,28.5875],[83.9791,28.5963],[83.974,28.5994],[83.9686,28.6007],[83.9638,28.6053],[83.9517,28.6045],[83.9445,28.6015],[83.939,28.6011],[83.9294,28.605],[83.925,28.6056],[83.9146,28.6051],[83.9003,28.6069],[83.8875,28.6068],[83.8753,28.613],[83.8716,28.6133],[83.8575,28.6092],[83.8512,28.6041],[83.8442,28.6031],[83.8299,28.5954],[83.8193,28.5954],[83.8093,28.5898],[83.8019,28.58],[83.8013,28.5769],[83.805,28.572],[83.8071,28.5638],[83.8175,28.5512],[83.8277,28.5419],[83.8287,28.5343],[83.8218,28.5295],[83.8136,28.5183],[83.8111,28.5175],[83.806,28.5185],[83.8016,28.5155],[83.7941,28.507],[83.7886,28.5028],[83.7874,28.4996],[83.7819,28.4961],[83.7806,28.4905],[83.7751,28.4851],[83.7726,28.4805],[83.7699,28.479],[83.7654,28.4793],[83.7571,28.476],[83.7523,28.472],[83.7544,28.4624],[83.7535,28.4584],[83.7365,28.4385],[83.7375,28.4332],[83.7319,28.4203],[83.7369,28.4144],[83.7389,28.4087],[83.7418,28.4071],[83.7453,28.4027],[83.7518,28.4031],[83.7545,28.4063],[83.7573,28.4056],[83.7587,28.4038],[83.7593,28.3937],[83.7567,28.3925],[83.7558,28.3936],[83.7378,28.3943],[83.7298,28.3963],[83.7198,28.3966],[83.7128,28.3955],[83.7064,28.3987],[83.7022,28.3996],[83.7006,28.3986],[83.7044,28.3929],[83.7051,28.3879],[83.7149,28.379],[83.7178,28.3778],[83.718,28.3764],[83.7231,28.3753],[83.7198,28.3722],[83.7186,28.3683],[83.7209,28.3622],[83.7276,28.3565],[83.7261,28.349],[83.7377,28.3432],[83.7391,28.3413],[83.7392,28.3368],[83.7466,28.3276],[83.7558,28.3234],[83.7584,28.3214],[83.7613,28.316],[83.768,28.3121],[83.7718,28.3117],[83.7745,28.3091],[83.7705,28.3038],[83.769,28.3036],[83.7678,28.3005],[83.765,28.2988],[83.7616,28.2929],[83.7729,28.2872],[83.7745,28.2854],[83.7741,28.2829],[83.7672,28.2776],[83.7656,28.2739],[83.7764,28.2681],[83.7782,28.2704],[83.7827,28.2674],[83.7901,28.2655],[83.7919,28.2634],[83.7956,28.2635],[83.8009,28.2607],[83.8071,28.2619],[83.8207,28.2602],[83.8225,28.2507],[83.8164,28.2449],[83.8104,28.2414],[83.7984,28.2286],[83.8093,28.22],[83.8122,28.2177],[83.813,28.2146],[83.8168,28.2101],[83.8242,28.2144],[83.83,28.2143],[83.8378,28.212],[83.8412,28.2085],[83.8424,28.2045],[83.847,28.2018],[83.8467,28.1992],[83.8487,28.1992],[83.856,28.194],[83.8628,28.1975],[83.8687,28.1965],[83.8706,28.1977],[83.8741,28.1968],[83.8774,28.1924],[83.8839,28.1925],[83.8909,28.1946],[83.8982,28.1901],[83.8989,28.1871],[83.9027,28.1841],[83.9054,28.1771],[83.9126,28.1733],[83.916,28.1733],[83.9172,28.1713],[83.9236,28.1685],[83.9272,28.1606],[83.9225,28.1554],[83.9235,28.1497],[83.9276,28.1476],[83.9303,28.144],[83.9396,28.1412],[83.9492,28.1418],[83.9555,28.1393],[83.9584,28.1395],[83.9606,28.1411],[83.9609,28.1388],[83.9685,28.1435],[83.9703,28.1418],[83.9801,28.1434],[83.98,28.1401],[83.9823,28.1404],[83.984,28.1381],[83.9861,28.139],[83.9871,28.1367],[83.9905,28.1373],[83.9901,28.1347],[83.9921,28.136],[83.9949,28.1337],[84.002,28.132],[84.0027,28.1301],[83.9989,28.1268],[83.9989,28.1217],[84.0048,28.116],[84.0086,28.114],[84.0105,28.1102],[84.015,28.1104],[84.0147,28.1081],[84.0125,28.1056],[84.0206,28.104],[84.0272,28.1054],[84.0285,28.1034],[84.0257,28.1013],[84.0255,28.0989],[84.0268,28.0974],[84.0259,28.0961],[84.0278,28.0962],[84.0289,28.0999],[84.0326,28.0995],[84.0353,28.0967],[84.039,28.0965],[84.0401,28.0949],[84.0421,28.0947],[84.0377,28.0916],[84.0424,28.0905],[84.0472,28.0845],[84.0511,28.0836],[84.0552,28.0887],[84.0583,28.0883],[84.0671,28.0814],[84.0697,28.0777],[84.0752,28.0842],[84.079,28.0916],[84.0878,28.095],[84.0891,28.0986],[84.0936,28.1038],[84.1034,28.1104],[84.1069,28.1101],[84.1143,28.1061],[84.1172,28.1072],[84.1336,28.1045],[84.1447,28.1062],[84.148,28.1032],[84.1509,28.1032],[84.1497,28.1015],[84.1542,28.1005],[84.1584,28.0972],[84.1658,28.101],[84.1706,28.0999],[84.1791,28.1013],[84.1792,28.0994],[84.1826,28.0962],[84.1884,28.096],[84.1913,28.0947],[84.1947,28.0955],[84.1968,28.0974],[84.2007,28.0958],[84.2027,28.0961],[84.2036,28.0949],[84.2113,28.0947],[84.219,28.0999],[84.2251,28.0979],[84.226,28.0959],[84.2292,28.0998],[84.2293,28.1018],[84.2235,28.112],[84.2233,28.1182],[84.2174,28.1238],[84.2189,28.1326],[84.2274,28.1367],[84.2286,28.1406],[84.221,28.1495],[84.2205,28.1512],[84.2224,28.1542],[84.2186,28.1584],[84.2198,28.1651],[84.2134,28.1724],[84.2188,28.1809],[84.2092,28.1837],[84.2058,28.1894],[84.1943,28.1884],[84.1939,28.1925],[84.1907,28.1961],[84.1927,28.1983],[84.1947,28.1975],[84.2015,28.1996],[84.202,28.2015],[84.2053,28.2033],[84.2104,28.212],[84.2102,28.2148],[84.2086,28.216],[84.2095,28.2192],[84.2111,28.2201],[84.2109,28.2234],[84.2129,28.2288],[84.2113,28.2303],[84.2135,28.2368],[84.2111,28.2381],[84.2138,28.2392],[84.2122,28.2408],[84.2142,28.2443],[84.2123,28.2514],[84.213,28.2541],[84.2112,28.2569],[84.211,28.2656],[84.2082,28.2674],[84.2056,28.2734],[84.2029,28.2738],[84.1964,28.278],[84.1936,28.2841],[84.1868,28.2919],[84.1876,28.2967],[84.1917,28.2985],[84.1957,28.3051],[84.1946,28.3069],[84.1981,28.3206],[84.2055,28.3281],[84.2045,28.3376],[84.2106,28.353],[84.2154,28.3565],[84.2177,28.3603],[84.2164,28.3682],[84.2173,28.3781],[84.2124,28.3862],[84.214,28.3921],[84.2169,28.3966],[84.2246,28.4024],[84.2265,28.4112],[84.2296,28.416],[84.2449,28.4242],[84.2475,28.4337],[84.2474,28.4365],[84.2454,28.4396],[84.2464,28.4419],[84.2546,28.4475],[84.2663,28.4516],[84.269,28.4566]]]},"properties":{"DIST_EN":"Kaski","DIST_PCODE":"NP0439"}},
{"type":"Feature","geometry":{"type":"Polygon","coordinates":[[[85.55,27.7569],[85.5583,27.7566],[85.5602,27.7575],[85.5641,27.755],[85.5657,27.7642],[85.5596,27.7672],[85.5539,27.778],[85.5469,27.7841],[85.5454,27.7836],[85.545,27.7849],[85.5405,27.7862],[85.5335,27.7919],[85.5311,27.7921],[85.5289,27.7899],[85.5228,27.7901],[85.5157,27.7868],[85.5062,27.7863],[85.5031,27.7846],[85.4977,27.7864],[85.4932,27.7843],[85.4885,27.7798],[85.4808,27.7809],[85.4758,27.7782],[85.473,27.778],[85.4678,27.7838],[85.4686,27.7876],[85.4677,27.7972],[85.4626,27.8043],[85.4584,27.8055],[85.4565,27.8083],[85.4529,27.8093],[85.4502,27.8169],[85.4486,27.8177],[85.4466,27.8147],[85.4396,27.8135],[85.4362,27.8111],[85.4311,27.8132],[85.4207,27.8096],[85.4114,27.81],[85.4071,27.8118],[85.4047,27.8116],[85.3918,27.8173],[85.3859,27.8124],[85.3727,27.8091],[85.3617,27.814],[85.3533,27.8102],[85.3453,27.8087],[85.3392,27.813],[85.3327,27.8152],[85.3102,27.8134],[85.3062,27.8105],[85.3,27.8128],[85.2917,27.809],[85.2909,27.8045],[85.2843,27.801],[85.28,27.7947],[85.2683,27.7821],[85.2607,27.7787],[85.2564,27.7803],[85.2526,27.7757],[85.2517,27.774],[85.2579,27.7734],[85.2578,27.7717],[85.263,27.7708],[85.263,27.7665],[85.2655,27.764],[85.2681,27.7635],[85.2702,27.7597],[85.2686,27.7547],[85.2689,27.7483],[85.2672,27.7457],[85.2552,27.7449],[85.2511,27.749],[85.2467,27.7446],[85.237,27.7452],[85.2352,27.7413],[85.2299,27.7404],[85.2207,27.7357],[85.2135,27.737],[85.2202,27.7321],[85.2215,27.728],[85.2174,27.7222],[85.2126,27.7212],[85.2073,27.7228],[85.2062,27.7188],[85.2015,27.7201],[85.2001,27.7171],[85.1972,27.7163],[85.1989,27.7137],[85.201,27.713],[85.1987,27.7108],[85.2,27.7081],[85.1964,27.7092],[85.197,27.7064],[85.193,27.6975],[85.1946,27.6943],[85.1923,27.6907],[85.1918,27.6854],[85.1887,27.6814],[85.1902,27.6776],[85.2032,27.6701],[85.2053,27.6662],[85.2101,27.6649],[85.2131,27.6607],[85.2201,27.6568],[85.2215,27.6545],[85.2278,27.6546],[85.2332,27.6499],[85.2263,27.6403],[85.2225,27.6315],[85.2227,27.6262],[85.2248,27.6247],[85.2277,27.6252],[85.2314,27.6234],[85.2323,27.6216],[85.2355,27.62],[85.2368,27.6172],[85.2382,27.608],[85.2375,27.6018],[85.2415,27.5983],[85.243,27.5947],[85.2392,27.5899],[85.2398,27.5811],[85.2426,27.5782],[85.253,27.5789],[85.2598,27.5773],[85.2631,27.5709],[85.2666,27.5707],[85.2772,27.5829],[85.2794,27.5832],[85.2811,27.5853],[85.2849,27.5856],[85.2837,27.5878],[85.2794,27.5886],[85.2817,27.5918],[85.2799,27.5954],[85.2836,27.5961],[85.284,27.5939],[85.2855,27.5936],[85.2878,27.598],[85.2918,27.5975],[85.2913,27.6016],[85.2945,27.6042],[85.2938,27.6084],[85.2901,27.6119],[85.2937,27.6126],[85.2918,27.6194],[85.2931,27.6215],[85.2928,27.6258],[85.2952,27.6268],[85.2932,27.6294],[85.2931,27.6338],[85.2866,27.6375],[85.2824,27.6439],[85.2836,27.6453],[85.2874,27.6446],[85.2874,27.6506],[85.2934,27.6557],[85.2943,27.6595],[85.2969,27.6608],[85.2964,27.6646],[85.2976,27.668],[85.2935,27.6691],[85.2917,27.6729],[85.2988,27.6778],[85.2995,27.6842],[85.303,27.692],[85.3075,27.6935],[85.3188,27.6877],[85.3266,27.6862],[85.3311,27.6797],[85.3472,27.6694],[85.352,27.668],[85.356,27.676],[85.3549,27.6785],[85.3573,27.6828],[85.3595,27.6816],[85.3613,27.6825],[85.3677,27.6886],[85.3709,27.6896],[85.3716,27.6925],[85.3758,27.691],[85.3755,27.6946],[85.3787,27.6931],[85.3813,27.6944],[85.3849,27.6927],[85.3851,27.6965],[85.3897,27.6974],[85.3886,27.702],[85.3926,27.703],[85.3956,27.701],[85.3967,27.7037],[85.4023,27.7057],[85.4035,27.7085],[85.4071,27.7111],[85.4117,27.7118],[85.4123,27.7135],[85.4102,27.7172],[85.415,27.7165],[85.4157,27.7188],[85.4148,27.72],[85.4203,27.7201],[85.4215,27.7239],[85.4269,27.7238],[85.4275,27.7255],[85.4393,27.728],[85.4389,27.726],[85.4404,27.7264],[85.4435,27.7246],[85.4459,27.7255],[85.4564,27.7199],[85.4591,27.7208],[85.4632,27.7188],[85.4647,27.7206],[85.4687,27.7206],[85.4695,27.7178],[85.475,27.7158],[85.4763,27.7175],[85.48,27.7189],[85.4867,27.7189],[85.4877,27.72],[85.4966,27.7224],[85.4977,27.7239],[85.5033,27.724],[85.5122,27.7279],[85.52,27.7287],[85.5251,27.7256],[85.5234,27.7296],[85.5252,27.7366],[85.5372,27.7505],[85.5383,27.7548],[85.5414,27.7545],[85.5445,27.7564],[85.5469,27.7558],[85.55,27.7569]]]},"properties":{"DIST_EN":"Kathmandu","DIST_PCODE":"NP0327"}},
{"type":"Feature","geometry":{"type":"Polygon","coordinates":[[[86.906,27.4335],[86.8912,27.4352],[86.8847,27.4308],[86.8831,27.4322],[86.8713,27.4282],[86.8573,27.4355],[86.8528,27.4331],[86.8476,27.4344],[86.8372,27.4307],[86.8309,27.4322],[86.8283,27.4356],[86.8218,27.4402],[86.8108,27.4307],[86.8076,27.4207],[86.8038,27.4154],[86.7913,27.411],[86.7886,27.4075],[86.7818,27.4109],[86.7706,27.4115],[86.7674,27.4086],[86.7656,27.4087],[86.7596,27.4001],[86.7575,27.3986],[86.7566,27.4006],[86.7518,27.3945],[86.7412,27.3975],[86.7373,27.3968],[86.7341,27.3946],[86.7098,27.3956],[86.6843,27.3926],[86.6809,27.3902],[86.6813,27.3852],[86.6835,27.381],[86.6823,27.373],[86.6788,27.366],[86.6799,27.3644],[86.6791,27.3602],[86.68,27.3574],[86.6786,27.3536],[86.6807,27.3453],[86.6783,27.3432],[86.6796,27.3397],[86.6787,27.3369],[86.6817,27.3344],[86.6829,27.3296],[86.68,27.3246],[86.684,27.32],[86.6826,27.3144],[86.6858,27.3127],[86.6861,27.3102],[86.6771,27.3027],[86.6762,27.2985],[86.6708,27.2994],[86.6672,27.2976],[86.6681,27.2929],[86.6713,27.2916],[86.6729,27.2887],[86.6688,27.2843],[86.6699,27.2805],[86.6667,27.277],[86.6698,27.2747],[86.6707,27.2721],[86.668,27.2685],[86.6605,27.2688],[86.6567,27.2623],[86.65,27.264],[86.6439,27.2585],[86.6345,27.2565],[86.631,27.2483],[86.6284,27.2485],[86.6212,27.2461],[86.6196,27.2419],[86.6206,27.2366],[86.6187,27.235],[86.6163,27.2347],[86.6106,27.2368],[86.6073,27.2333],[86.6018,27.2329],[86.5975,27.2346],[86.5939,27.232],[86.5908,27.2262],[86.5866,27.224],[86.5835,27.2254],[86.5749,27.2246],[86.5721,27.2272],[86.5654,27.2234],[86.5613,27.2236],[86.557,27.2269],[86.5523,27.2218],[86.556,27.2213],[86.5556,27.2189],[86.5497,27.2198],[86.5475,27.2184],[86.5465,27.2146],[86.544,27.2132],[86.5423,27.2088],[86.5393,27.2085],[86.5372,27.2045],[86.5312,27.2019],[86.5258,27.1931],[86.5211,27.1922],[86.5113,27.1868],[86.5004,27.1859],[86.4976,27.1869],[86.4907,27.1865],[86.4842,27.1804],[86.4734,27.1766],[86.471,27.1713],[86.4679,27.1682],[86.4637,27.1665],[86.4472,27.1642],[86.4343,27.1526],[86.4335,27.1491],[86.4376,27.1473],[86.4378,27.1449],[86.4352,27.1416],[86.4274,27.1375],[86.4265,27.1333],[86.4301,27.1307],[86.4419,27.1338],[86.4457,27.1326],[86.4489,27.1251],[86.4543,27.1196],[86.4597,27.1177],[86.4603,27.1143],[86.4586,27.1122],[86.4592,27.106],[86.4653,27.1024],[86.4699,27.1044],[86.473,27.1023],[86.475,27.1025],[86.4792,27.1076],[86.4838,27.1096],[86.49,27.105],[86.4924,27.1048],[86.5024,27.1146],[86.5074,27.1127],[86.5145,27.1142],[86.5208,27.1182],[86.5244,27.1255],[86.5332,27.1351],[86.5424,27.1377],[86.5463,27.1375],[86.5506,27.1411],[86.5551,27.1407],[86.5616,27.1455],[86.5701,27.1474],[86.576,27.1513],[86.5813,27.1525],[86.5891,27.1499],[86.6055,27.1397],[86.6135,27.1401],[86.6298,27.1341],[86.6403,27.1331],[86.6512,27.1294],[86.6552,27.1251],[86.6688,27.1201],[86.6714,27.1138],[86.6756,27.1113],[86.6784,27.1071],[86.6833,27.1034],[86.6903,27.1023],[86.698,27.0946],[86.7001,27.0895],[86.6985,27.0864],[86.71,27.0746],[86.711,27.0726],[86.7103,27.0677],[86.713,27.065],[86.72,27.0622],[86.7189,27.0601],[86.7197,27.0567],[86.7257,27.0482],[86.7267,27.0395],[86.7322,27.0346],[86.7389,27.033],[86.7442,27.0281],[86.7447,27.0258],[86.7472,27.0244],[86.7482,27.0123],[86.7535,27.0056],[86.7543,26.999],[86.7523,26.989],[86.7565,26.9858],[86.7549,26.9744],[86.7608,26.9704],[86.7609,26.9669],[86.7645,26.9575],[86.7639,26.9492],[86.7613,26.9421],[86.7637,26.9386],[86.7641,26.9347],[86.7609,26.9242],[86.7661,26.9139],[86.7685,26.9006],[86.7736,26.8969],[86.7737,26.8928],[86.7715,26.8866],[86.7722,26.885],[86.7798,26.8878],[86.7826,26.8856],[86.7846,26.8809],[86.7991,26.8779],[86.8053,26.873],[86.8088,26.8729],[86.814,26.8748],[86.8228,26.8723],[86.8289,26.8753],[86.8346,26.8752],[86.8369,26.8789],[86.8365,26.882],[86.8385,26.8846],[86.8467,26.8878],[86.8532,26.8883],[86.8623,26.8952],[86.8678,26.8935],[86.8743,26.8967],[86.885,26.8985],[86.9001,26.8961],[86.9081,26.8981],[86.9107,26.8962],[86.9145,26.8958],[86.9243,26.9046],[86.9289,26.905],[86.9314,26.9077],[86.9344,26.9048],[86.9401,26.9036],[86.9516,26.9046],[86.9498,26.9081],[86.9571,26.9178],[86.9556,26.9211],[86.9561,26.9232],[86.9582,26.9246],[86.9614,26.9244],[86.9615,26.9278],[86.9639,26.9264],[86.9651,26.9278],[86.9648,26.9307],[86.9662,26.9317],[86.9651,26.9327],[86.9659,26.9355],[86.9647,26.9415],[86.9666,26.9473],[86.9711,26.9507],[86.973,26.9573],[86.9713,26.9625],[86.9726,26.9657],[86.9715,26.9682],[86.9724,26.974],[86.9675,26.9813],[86.9634,26.9807],[86.9604,26.9821],[86.9585,26.9811],[86.9571,26.9854],[86.959,26.9877],[86.9639,26.9892],[86.966,26.992],[86.9662,26.9969],[86.9684,27.0012],[86.9663,27.0046],[86.9671,27.0075],[86.963,27.0109],[86.9559,27.0132],[86.9495,27.0194],[86.9447,27.0204],[86.9477,27.0279],[86.9502,27.0298],[86.9508,27.0333],[86.9498,27.0349],[86.9522,27.0395],[86.954,27.0482],[86.9561,27.05],[86.9621,27.0505],[86.9646,27.0581],[86.9572,27.072],[86.9497,27.0774],[86.9462,27.0859],[86.9286,27.0914],[86.9234,27.0918],[86.9139,27.0999],[86.9032,27.1047],[86.8992,27.1122],[86.8948,27.115],[86.8971,27.116],[86.9017,27.1226],[86.9067,27.1264],[86.9113,27.1278],[86.9146,27.1274],[86.9172,27.129],[86.9167,27.1322],[86.9206,27.1408],[86.9196,27.1473],[86.9228,27.1566],[86.9189,27.1652],[86.9129,27.1701],[86.9166,27.1769],[86.9165,27.1847],[86.9239,27.1947],[86.9281,27.1978],[86.9297,27.2032],[86.9282,27.2175],[86.9271,27.2175],[86.9283,27.2232],[86.9245,27.2272],[86.9191,27.2284],[86.9132,27.2318],[86.907,27.2387],[86.9046,27.2454],[86.9007,27.2495],[86.8994,27.2503],[86.8951,27.2498],[86.8979,27.2519],[86.8999,27.2565],[86.9094,27.2631],[86.9123,27.2668],[86.9176,27.2683],[86.9239,27.2685],[86.9293,27.2683],[86.941,27.2656],[86.9482,27.2662],[86.9513,27.2724],[86.9584,27.2764],[86.9632,27.2836],[86.9655,27.2846],[86.9657,27.2957],[86.9698,27.3],[86.9853,27.3083],[86.9684,27.318],[86.9658,27.3223],[86.9605,27.3251],[86.9571,27.3301],[86.9487,27.3363],[86.9481,27.3378],[86.9505,27.3394],[86.9512,27.3433],[86.9467,27.3519],[86.9429,27.3542],[86.9338,27.3541],[86.9316,27.3573],[86.9299,27.3635],[86.9238,27.3706],[86.9259,27.3724],[86.9307,27.3847],[86.9285,27.3876],[86.9258,27.3868],[86.92,27.3899],[86.9104,27.4076],[86.906,27.4335]]]},"properties":{"DIST_EN":"Khotang","DIST_PCODE":"NP0112"}},
{"type":"Feature","geometry":{"type":"Polygon","coordinates":[[[85.352,27.668],[85.3472,27.6694],[85.3311,27.6797],[85.3266,27.6862],[85.3188,27.6877],[85.3075,27.6935],[85.303,27.692],[85.2995,27.6842],[85.2988,27.6778],[85.2917,27.6729],[85.2935,27.6691],[85.2976,27.668],[85.2964,27.6646],[85.2969,27.6608],[85.2943,27.6595],[85.2934,27.6557],[85.2874,27.6506],[85.2874,27.6446],[85.2836,27.6453],[85.2824,27.6439],[85.2866,27.6375],[85.2931,27.6338],[85.2932,27.6294],[85.2952,27.6268],[85.2928,27.6258],[85.2931,27.6215],[85.2918,27.6194],[85.2937,27.6126],[85.2901,27.6119],[85.2938,27.6084],[85.2945,27.6042],[85.2913,27.6016],[85.2918,27.5975],[85.2878,27.598],[85.2855,27.5936],[85.284,27.5939],[85.2836,27.5961],[85.2799,27.5954],[85.2817,27.5918],[85.2794,27.5886],[85.2837,27.5878],[85.2849,27.5856],[85.2811,27.5853],[85.2794,27.5832],[85.2772,27.5829],[85.2666,27.5707],[85.2631,27.5709],[85.2611,27.57],[85.2581,27.5715],[85.2535,27.5688],[85.2502,27.5642],[85.2509,27.5608],[85.2461,27.5532],[85.247,27.5504],[85.2444,27.5481],[85.2397,27.548],[85.2316,27.5372],[85.238,27.533],[85.2448,27.5327],[85.2457,27.5286],[85.2512,27.5282],[85.2505,27.5215],[85.2432,27.5195],[85.2408,27.5177],[85.2414,27.5126],[85.2371,27.5109],[85.234,27.505],[85.2372,27.5003],[85.2422,27.5005],[85.2441,27.4978],[85.2478,27.4966],[85.2471,27.4909],[85.2444,27.4869],[85.2476,27.4832],[85.2475,27.4766],[85.2535,27.4727],[85.2572,27.4687],[85.2561,27.4657],[85.2585,27.462],[85.2583,27.4588],[85.2682,27.453],[85.2726,27.4544],[85.2816,27.4514],[85.2949,27.4522],[85.3019,27.4463],[85.3055,27.4454],[85.3105,27.4463],[85.3133,27.4449],[85.3162,27.4409],[85.3146,27.4381],[85.3159,27.4361],[85.3254,27.4384],[85.3292,27.4383],[85.333,27.4361],[85.3353,27.432],[85.3405,27.433],[85.3475,27.4286],[85.3498,27.4313],[85.3688,27.4243],[85.3689,27.4222],[85.3715,27.4194],[85.3776,27.418],[85.3839,27.4134],[85.3838,27.4089],[85.3849,27.408],[85.3889,27.4082],[85.3948,27.4112],[85.3965,27.4095],[85.3975,27.4048],[85.405,27.4056],[85.4059,27.403],[85.4095,27.4066],[85.4142,27.4049],[85.4154,27.4079],[85.4187,27.4083],[85.4171,27.4126],[85.4148,27.4144],[85.4117,27.4143],[85.4094,27.4174],[85.4107,27.4223],[85.4139,27.4253],[85.4105,27.4334],[85.4154,27.4351],[85.4144,27.4373],[85.4119,27.4375],[85.4113,27.4385],[85.4177,27.4425],[85.4181,27.4446],[85.4094,27.4439],[85.4067,27.4475],[85.4079,27.4497],[85.4116,27.4515],[85.4128,27.4547],[85.4162,27.456],[85.4179,27.4591],[85.4211,27.4581],[85.4226,27.4615],[85.4296,27.4647],[85.4357,27.4704],[85.4379,27.4742],[85.4415,27.4761],[85.4434,27.4802],[85.4409,27.4825],[85.4389,27.4895],[85.4393,27.5049],[85.4428,27.516],[85.4388,27.5277],[85.4405,27.5322],[85.4369,27.5416],[85.4328,27.5387],[85.429,27.541],[85.4249,27.5406],[85.4206,27.5449],[85.4166,27.5463],[85.4158,27.5483],[85.4119,27.5481],[85.4105,27.545],[85.4063,27.546],[85.4036,27.5452],[85.399,27.5544],[85.3869,27.5631],[85.3895,27.5654],[85.3942,27.5667],[85.3966,27.5702],[85.4017,27.5735],[85.4026,27.5815],[85.4058,27.5873],[85.4042,27.5886],[85.4057,27.5921],[85.4033,27.5942],[85.4045,27.5997],[85.4025,27.6021],[85.4116,27.6032],[85.4136,27.6053],[85.4131,27.6072],[85.4148,27.6061],[85.4171,27.6065],[85.415,27.5994],[85.4216,27.5927],[85.4254,27.5935],[85.4288,27.5969],[85.4259,27.6005],[85.4269,27.6031],[85.4333,27.6006],[85.4327,27.6038],[85.4356,27.6063],[85.4357,27.6083],[85.4297,27.6155],[85.4271,27.6151],[85.4212,27.6169],[85.4205,27.6202],[85.4182,27.6201],[85.4146,27.6226],[85.4119,27.6259],[85.4058,27.6299],[85.4042,27.6326],[85.3964,27.633],[85.3931,27.6359],[85.3896,27.645],[85.3873,27.6438],[85.3845,27.6491],[85.3744,27.6516],[85.3727,27.6538],[85.3698,27.6545],[85.3693,27.6609],[85.3671,27.6597],[85.3651,27.6603],[85.3631,27.6628],[85.3609,27.6613],[85.3636,27.665],[85.361,27.6691],[85.352,27.668]]]},"properties":{"DIST_EN":"Lalitpur","DIST_PCODE":"NP0325"}},
{"type":"Feature","geometry":{"type":"Polygon","coordinates":[[[84.5681,28.4828],[84.5616,28.4765],[84.5507,28.4715],[84.5336,28.4709],[84.5312,28.473],[84.509,28.4644],[84.503,28.4642],[84.4907,28.4616],[84.4867,28.4674],[84.4864,28.4706],[84.4794,28.4732],[84.4764,28.4781],[84.4705,28.4836],[84.4684,28.4896],[84.4654,28.4917],[84.4614,28.5002],[84.4448,28.5093],[84.4325,28.5102],[84.423,28.5033],[84.4172,28.4909],[84.4174,28.4814],[84.4158,28.4715],[84.3981,28.4566],[84.3732,28.4611],[84.3714,28.459],[84.3743,28.454],[84.366,28.454],[84.3606,28.4527],[84.3553,28.4539],[84.3456,28.4536],[84.3416,28.452],[84.328,28.4529],[84.3213,28.4499],[84.3119,28.4493],[84.3029,28.4469],[84.2971,28.4487],[84.2911,28.4453],[84.2882,28.445],[84.2788,28.4471],[84.2768,28.4511],[84.269,28.4566],[84.2663,28.4516],[84.2546,28.4475],[84.2464,28.4419],[84.2454,28.4396],[84.2474,28.4365],[84.2475,28.4337],[84.2449,28.4242],[84.2296,28.416],[84.2265,28.4112],[84.2246,28.4024],[84.2169,28.3966],[84.214,28.3921],[84.2124,28.3862],[84.2173,28.3781],[84.2164,28.3682],[84.2177,28.3603],[84.2154,28.3565],[84.2106,28.353],[84.2045,28.3376],[84.2055,28.3281],[84.1981,28.3206],[84.1946,28.3069],[84.1957,28.3051],[84.1917,28.2985],[84.1876,28.2967],[84.1868,28.2919],[84.1936,28.2841],[84.1964,28.278],[84.2029,28.2738],[84.2056,28.2734],[84.2082,28.2674],[84.211,28.2656],[84.2112,28.2569],[84.213,28.2541],[84.2123,28.2514],[84.2142,28.2443],[84.2122,28.2408],[84.2138,28.2392],[84.2111,28.2381],[84.2135,28.2368],[84.2113,28.2303],[84.2129,28.2288],[84.2109,28.2234],[84.2111,28.2201],[84.2095,28.2192],[84.2086,28.216],[84.2102,28.2148],[84.2104,28.212],[84.2053,28.2033],[84.202,28.2015],[84.2015,28.1996],[84.1947,28.1975],[84.1927,28.1983],[84.1907,28.1961],[84.1939,28.1925],[84.1943,28.1884],[84.2058,28.1894],[84.2092,28.1837],[84.2188,28.1809],[84.2134,28.1724],[84.2198,28.1651],[84.2186,28.1584],[84.2224,28.1542],[84.2205,28.1512],[84.221,28.1495],[84.2286,28.1406],[84.2274,28.1367],[84.2189,28.1326],[84.2174,28.1238],[84.2233,28.1182],[84.2235,28.112],[84.2293,28.1018],[84.2292,28.0998],[84.226,28.0959],[84.2304,28.0893],[84.2302,28.082],[84.2329,28.0788],[84.2394,28.081],[84.2413,28.0836],[84.2458,28.0828],[84.2461,28.0859],[84.248,28.0879],[84.2532,28.085],[84.2593,28.088],[84.2638,28.0934],[84.2673,28.093],[84.2693,28.0907],[84.2733,28.0926],[84.2779,28.093],[84.2813,28.0983],[84.2912,28.1005],[84.2935,28.1029],[84.2996,28.1045],[84.3006,28.1067],[84.305,28.1084],[84.3096,28.1073],[84.3178,28.1156],[84.3204,28.1152],[84.3236,28.1204],[84.3258,28.1208],[84.3269,28.123],[84.3295,28.1241],[84.3407,28.122],[84.3425,28.1244],[84.3486,28.1271],[84.3591,28.1292],[84.367,28.1276],[84.3773,28.1285],[84.3805,28.1271],[84.3889,28.1265],[84.3957,28.1298],[84.3988,28.1273],[84.4166,28.12],[84.4193,28.1174],[84.422,28.1193],[84.4231,28.1165],[84.4261,28.1157],[84.4272,28.1113],[84.4308,28.1116],[84.4338,28.1083],[84.437,28.1077],[84.4384,28.1053],[84.4436,28.1044],[84.4432,28.0993],[84.4523,28.0958],[84.4515,28.0925],[84.4574,28.0911],[84.4605,28.0843],[84.4658,28.0816],[84.4657,28.0767],[84.4687,28.0757],[84.4697,28.0722],[84.467,28.0701],[84.4741,28.0678],[84.4763,28.065],[84.4747,28.0614],[84.4776,28.0582],[84.4795,28.0581],[84.4821,28.0556],[84.4873,28.0626],[84.4855,28.0647],[84.4881,28.0667],[84.4881,28.0716],[84.4853,28.0733],[84.484,28.0766],[84.4848,28.0777],[84.4878,28.0767],[84.4869,28.0791],[84.4799,28.0809],[84.4779,28.0873],[84.4784,28.0893],[84.4824,28.0885],[84.4853,28.0863],[84.4915,28.0855],[84.4942,28.0868],[84.4979,28.0852],[84.502,28.0868],[84.5137,28.088],[84.5173,28.0903],[84.5191,28.0943],[84.5251,28.0957],[84.5303,28.0995],[84.5358,28.1005],[84.5408,28.0997],[84.546,28.1044],[84.5468,28.1068],[84.5511,28.1095],[84.5496,28.1138],[84.554,28.1163],[84.5545,28.1192],[84.5521,28.1202],[84.556,28.1213],[84.5563,28.1247],[84.5587,28.1249],[84.5607,28.1275],[84.5698,28.1282],[84.5709,28.1289],[84.5704,28.1304],[84.5742,28.1306],[84.5759,28.133],[84.5748,28.1347],[84.5768,28.1363],[84.5761,28.1382],[84.5869,28.143],[84.5855,28.1462],[84.5882,28.1462],[84.5892,28.1483],[84.5946,28.1485],[84.5967,28.1514],[84.6012,28.1521],[84.6022,28.1552],[84.6057,28.1561],[84.6095,28.1598],[84.6086,28.1622],[84.6105,28.1653],[84.6098,28.1665],[84.6122,28.1676],[84.6131,28.1699],[84.612,28.1726],[84.6158,28.175],[84.6185,28.1791],[84.6229,28.1805],[84.6235,28.184],[84.6332,28.1894],[84.6403,28.2051],[84.6377,28.209],[84.6372,28.2157],[84.6337,28.2219],[84.6329,28.23],[84.6406,28.2453],[84.6464,28.2502],[84.6515,28.2645],[84.6506,28.2758],[84.6487,28.2805],[84.6466,28.2815],[84.6473,28.2902],[84.6464,28.2931],[84.6502,28.2975],[84.6523,28.3073],[84.655,28.3126],[84.6589,28.3134],[84.6598,28.3146],[84.6586,28.3233],[84.6597,28.324],[84.6634,28.3219],[84.6677,28.3278],[84.6668,28.3315],[84.6695,28.3356],[84.6694,28.3423],[84.6805,28.3429],[84.6847,28.35],[84.6877,28.3523],[84.6879,28.3542],[84.6948,28.361],[84.6829,28.3722],[84.6763,28.3765],[84.6743,28.3826],[84.6758,28.3872],[84.6604,28.4091],[84.6547,28.4142],[84.647,28.4186],[84.6407,28.4345],[84.6374,28.4392],[84.6304,28.445],[84.6246,28.4463],[84.6215,28.4493],[84.6129,28.4476],[84.5986,28.4521],[84.5922,28.4662],[84.5882,28.4692],[84.5831,28.4771],[84.5681,28.4828]]]},"properties":{"DIST_EN":"Lamjung","DIST_PCODE":"NP0437"}},
{"type":"Feature","geometry":{"type":"Polygon","coordinates":[[[85.9056,27.1339],[85.8931,27.1411],[85.8909,27.1413],[85.8866,27.1458],[85.8829,27.1464],[85.8809,27.1436],[85.8755,27.1404],[85.8683,27.1336],[85.8637,27.1271],[85.8625,27.1272],[85.8584,27.1326],[85.8549,27.134],[85.8535,27.138],[85.8455,27.1409],[85.8357,27.1471],[85.8346,27.1497],[85.8398,27.1526],[85.8435,27.16],[85.8307,27.1672],[85.8253,27.1684],[85.8159,27.1613],[85.8104,27.1556],[85.8102,27.1506],[85.8013,27.143],[85.7993,27.1395],[85.7932,27.1373],[85.7924,27.1296],[85.7949,27.1252],[85.7976,27.1234],[85.7934,27.1205],[85.7913,27.1207],[85.7909,27.1183],[85.7977,27.1144],[85.7921,27.1086],[85.7922,27.1062],[85.7937,27.106],[85.7964,27.108],[85.7997,27.1073],[85.801,27.1051],[85.7989,27.0996],[85.7945,27.1001],[85.7978,27.0976],[85.7965,27.0968],[85.7975,27.0947],[85.7952,27.0935],[85.7935,27.0953],[85.7902,27.0952],[85.7881,27.0923],[85.7865,27.0925],[85.7857,27.0909],[85.7878,27.0892],[85.7847,27.0866],[85.7839,27.0832],[85.7819,27.0822],[85.7809,27.0724],[85.7651,27.0539],[85.757,27.0494],[85.7477,27.0346],[85.7474,27.0269],[85.7396,27.0093],[85.738,27.0003],[85.7391,26.9926],[85.7339,26.9867],[85.7353,26.9796],[85.7328,26.9753],[85.7326,26.9701],[85.7296,26.967],[85.7306,26.9637],[85.7276,26.9599],[85.7265,26.9542],[85.7239,26.9531],[85.7231,26.9504],[85.7194,26.947],[85.7193,26.9435],[85.718,26.942],[85.7194,26.9397],[85.7164,26.937],[85.7176,26.9349],[85.7113,26.932],[85.7122,26.93],[85.7111,26.9291],[85.7135,26.9255],[85.7089,26.9264],[85.707,26.9241],[85.7073,26.9231],[85.7108,26.9233],[85.7116,26.9211],[85.7077,26.9217],[85.7056,26.9201],[85.7078,26.9193],[85.7074,26.9149],[85.7114,26.9118],[85.7099,26.9104],[85.7086,26.9117],[85.7072,26.911],[85.7052,26.9057],[85.7097,26.9042],[85.7043,26.9024],[85.7055,26.9005],[85.7036,26.8981],[85.6977,26.8967],[85.6948,26.8847],[85.6917,26.8822],[85.6879,26.8817],[85.6886,26.8789],[85.6901,26.879],[85.689,26.8725],[85.6835,26.8729],[85.6834,26.8709],[85.6808,26.8677],[85.6762,26.8645],[85.6785,26.8582],[85.6763,26.8556],[85.6805,26.8478],[85.6803,26.8433],[85.7043,26.8323],[85.7207,26.8206],[85.7287,26.8082],[85.7286,26.8029],[85.7344,26.7959],[85.735,26.7775],[85.7287,26.7501],[85.7341,26.7375],[85.7299,26.7346],[85.7314,26.7307],[85.7282,26.7298],[85.7295,26.7252],[85.7281,26.7251],[85.726,26.7214],[85.7279,26.7179],[85.7249,26.7097],[85.7264,26.7065],[85.7245,26.7033],[85.7249,26.7004],[85.7235,26.6998],[85.7253,26.6955],[85.7234,26.6869],[85.7254,26.6852],[85.7236,26.6831],[85.7249,26.6821],[85.7235,26.6743],[85.7265,26.6739],[85.7254,26.6705],[85.7288,26.6671],[85.7308,26.6675],[85.73,26.6657],[85.7365,26.664],[85.7349,26.6576],[85.7322,26.6556],[85.7323,26.6538],[85.7354,26.6525],[85.7342,26.6506],[85.736,26.6513],[85.7483,26.639],[85.7597,26.6363],[85.7693,26.63],[85.8014,26.6243],[85.8033,26.615],[85.8175,26.6028],[85.8306,26.6017],[85.8312,26.6114],[85.8507,26.6087],[85.8526,26.6043],[85.8547,26.6103],[85.8509,26.6105],[85.8521,26.615],[85.8549,26.6189],[85.8621,26.6183],[85.8631,26.6276],[85.865,26.6287],[85.8693,26.6285],[85.872,26.6346],[85.8743,26.6344],[85.8753,26.6372],[85.8782,26.637],[85.8786,26.6353],[85.8805,26.636],[85.8829,26.6411],[85.8876,26.6425],[85.8877,26.6445],[85.891,26.6464],[85.8945,26.6465],[85.8984,26.6519],[85.9041,26.6529],[85.9058,26.6561],[85.9044,26.6569],[85.9059,26.6645],[85.8982,26.6662],[85.897,26.6687],[85.9037,26.6716],[85.9058,26.6754],[85.9063,26.6815],[85.9047,26.6815],[85.8997,26.6868],[85.895,26.6874],[85.8948,26.6901],[85.8915,26.6919],[85.891,26.6953],[85.8869,26.6979],[85.8896,26.7014],[85.8875,26.7029],[85.8871,26.7049],[85.8892,26.7076],[85.889,26.712],[85.8909,26.7123],[85.8908,26.7138],[85.8919,26.7142],[85.8914,26.7176],[85.8932,26.718],[85.8936,26.7211],[85.8927,26.7257],[85.8884,26.7308],[85.8889,26.7378],[85.8856,26.7405],[85.8853,26.7423],[85.8817,26.7434],[85.8794,26.7462],[85.8809,26.7499],[85.8798,26.7523],[85.8825,26.76],[85.8884,26.7595],[85.8924,26.7626],[85.8977,26.7686],[85.8978,26.7757],[85.9007,26.7808],[85.9025,26.7827],[85.9051,26.7824],[85.9056,26.7848],[85.9087,26.7854],[85.9101,26.7927],[85.9081,26.7948],[85.9108,26.802],[85.9088,26.8053],[85.9098,26.8068],[85.9123,26.8064],[85.9112,26.8117],[85.9156,26.8195],[85.9157,26.8308],[85.9161,26.8329],[85.9177,26.8338],[85.916,26.8373],[85.919,26.8418],[85.9187,26.8452],[85.9198,26.8464],[85.9182,26.8507],[85.9197,26.8541],[85.918,26.8553],[85.918,26.861],[85.9167,26.8628],[85.9168,26.8654],[85.9151,26.867],[85.9167,26.8713],[85.9121,26.8702],[85.9065,26.8704],[85.897,26.8736],[85.8951,26.8776],[85.9003,26.8853],[85.8992,26.8871],[85.8989,26.8928],[85.9019,26.9008],[85.9018,26.905],[85.9038,26.9073],[85.9057,26.9137],[85.9052,26.9165],[85.9072,26.9177],[85.9083,26.921],[85.9129,26.9229],[85.9137,26.9264],[85.9128,26.9319],[85.9151,26.9385],[85.9138,26.9426],[85.9173,26.9503],[85.9179,26.959],[85.9079,26.9587],[85.9062,26.9609],[85.909,26.9712],[85.9086,26.978],[85.9137,26.9913],[85.9142,27.0003],[85.9123,27.0024],[85.9115,27.0081],[85.9152,27.0164],[85.9242,27.0246],[85.927,27.029],[85.9267,27.0312],[85.923,27.0359],[85.9208,27.037],[85.9159,27.0354],[85.914,27.0377],[85.9151,27.0415],[85.9172,27.043],[85.9272,27.0416],[85.932,27.043],[85.9406,27.0534],[85.9453,27.0616],[85.9436,27.067],[85.9358,27.0747],[85.9349,27.0769],[85.9385,27.0875],[85.9372,27.0964],[85.933,27.1001],[85.9199,27.1059],[85.9152,27.1133],[85.9058,27.1195],[85.9008,27.1272],[85.9056,27.1339]]]},"properties":{"DIST_EN":"Mahottari","DIST_PCODE":"NP0218"}},
{"type":"Feature","geometry":{"type":"Polygon","coordinates":[[[85.1887,27.6814],[85.1733,27.6794],[85.1618,27.6707],[85.1565,27.6729],[85.1498,27.6696],[85.1425,27.671],[85.1387,27.6739],[85.1342,27.675],[85.1312,27.681],[85.1203,27.6836],[85.1158,27.696],[85.1101,27.7009],[85.1024,27.7049],[85.1,27.709],[85.0949,27.7113],[85.0888,27.7123],[85.0834,27.7072],[85.0805,27.7066],[85.0761,27.7091],[85.0698,27.7037],[85.0657,27.7033],[85.0648,27.6969],[85.0611,27.6946],[85.0583,27.6946],[85.058,27.6972],[85.0541,27.6999],[85.0525,27.6994],[85.0427,27.6902],[85.0403,27.6941],[85.0419,27.7024],[85.0386,27.7058],[85.0386,27.7028],[85.0344,27.7033],[85.035,27.7013],[85.0329,27.7002],[85.0325,27.6982],[85.0308,27.6978],[85.0286,27.7002],[85.0238,27.7016],[85.022,27.7039],[85.0171,27.7044],[85.014,27.7072],[85.0113,27.7078],[85.0026,27.7057],[84.9901,27.7079],[84.989,27.7044],[84.9791,27.7028],[84.9769,27.7002],[84.9758,27.6948],[84.9718,27.6926],[84.9587,27.6891],[84.9586,27.6862],[84.9515,27.6835],[84.9446,27.687],[84.9294,27.6868],[84.9224,27.6887],[84.9196,27.6942],[84.9073,27.6986],[84.9004,27.6943],[84.8877,27.6748],[84.8799,27.6688],[84.8759,27.6708],[84.8715,27.6761],[84.8657,27.6798],[84.8506,27.6866],[84.8294,27.6925],[84.8196,27.6854],[84.8179,27.6828],[84.8086,27.679],[84.8066,27.6756],[84.801,27.6732],[84.8001,27.6714],[84.7976,27.6748],[84.7972,27.6835],[84.7954,27.686],[84.7922,27.687],[84.7834,27.6802],[84.7799,27.6717],[84.7753,27.6684],[84.77,27.6681],[84.7705,27.662],[84.7675,27.6568],[84.7596,27.6539],[84.7539,27.6545],[84.7524,27.6498],[84.7475,27.6494],[84.744,27.6473],[84.7428,27.6502],[84.7462,27.6531],[84.7459,27.6557],[84.7357,27.657],[84.7316,27.6559],[84.7312,27.6533],[84.7274,27.6499],[84.73,27.6464],[84.7225,27.6468],[84.7179,27.6397],[84.7174,27.6375],[84.7187,27.6343],[84.7231,27.631],[84.7229,27.6265],[84.7279,27.6262],[84.7317,27.6242],[84.7316,27.6171],[84.7349,27.6162],[84.7339,27.6124],[84.7355,27.6112],[84.7362,27.6048],[84.7383,27.6036],[84.7354,27.5978],[84.7331,27.5964],[84.7341,27.5912],[84.731,27.5821],[84.7223,27.5755],[84.7098,27.562],[84.7032,27.5585],[84.6967,27.5611],[84.6949,27.5631],[84.6905,27.5641],[84.6879,27.5625],[84.6844,27.5555],[84.6816,27.5543],[84.68,27.5516],[84.6833,27.5445],[84.6814,27.537],[84.682,27.5333],[84.6789,27.5255],[84.6811,27.5183],[84.6807,27.5133],[84.6818,27.5091],[84.6912,27.4965],[84.6933,27.4912],[84.6924,27.4859],[84.6957,27.4804],[84.6945,27.4778],[84.6968,27.4754],[84.6909,27.4729],[84.6931,27.4689],[84.6861,27.4628],[84.6869,27.4618],[84.6909,27.4623],[84.692,27.4595],[84.689,27.4576],[84.6854,27.457],[84.686,27.4538],[84.6828,27.4506],[84.6813,27.4508],[84.681,27.4486],[84.6783,27.4486],[84.6748,27.4464],[84.6678,27.4447],[84.6648,27.4295],[84.6779,27.4294],[84.6899,27.4325],[84.7008,27.432],[84.7049,27.433],[84.7096,27.4317],[84.7133,27.4325],[84.7189,27.4313],[84.7208,27.4377],[84.7247,27.4415],[84.7261,27.4447],[84.7347,27.4443],[84.7345,27.4421],[84.7381,27.4424],[84.7395,27.4405],[84.7433,27.4421],[84.7488,27.4378],[84.7553,27.4357],[84.7583,27.4376],[84.7613,27.4369],[84.7653,27.438],[84.7684,27.4371],[84.7703,27.4389],[84.7744,27.4388],[84.78,27.4351],[84.7845,27.4353],[84.7862,27.4369],[84.7909,27.4378],[84.7972,27.4353],[84.7974,27.4328],[84.7999,27.4302],[84.8092,27.4245],[84.8101,27.416],[84.8133,27.4168],[84.8155,27.419],[84.8194,27.4195],[84.8256,27.4196],[84.8298,27.4163],[84.8337,27.4177],[84.8377,27.4144],[84.8404,27.4148],[84.8409,27.4121],[84.8441,27.412],[84.8456,27.4092],[84.8476,27.4086],[84.8513,27.404],[84.8504,27.4029],[84.8519,27.3986],[84.8583,27.3986],[84.8641,27.397],[84.8715,27.3993],[84.8786,27.3963],[84.8785,27.3933],[84.8819,27.3881],[84.8899,27.3893],[84.8913,27.3873],[84.8937,27.3873],[84.8967,27.3855],[84.8978,27.3793],[84.9013,27.3747],[84.9064,27.3774],[84.9085,27.3773],[84.9142,27.3728],[84.9217,27.3707],[84.9262,27.3643],[84.931,27.3658],[84.9334,27.3646],[84.9359,27.3665],[84.9409,27.3658],[84.941,27.3632],[84.9454,27.3624],[84.945,27.3602],[84.9494,27.3623],[84.9513,27.367],[84.9537,27.3666],[84.9564,27.364],[84.9538,27.3615],[84.9556,27.3611],[84.9567,27.3592],[84.9642,27.3637],[84.9656,27.3586],[84.9695,27.3563],[84.9719,27.3551],[84.9774,27.3561],[84.9802,27.3616],[84.9834,27.3625],[84.9883,27.3617],[84.9956,27.3657],[84.9975,27.3648],[84.9992,27.3654],[85.0013,27.3587],[85.0009,27.3558],[85.004,27.3529],[85.0132,27.3554],[85.0215,27.3521],[85.021,27.3567],[85.0246,27.3587],[85.032,27.3606],[85.0365,27.3574],[85.04,27.3593],[85.043,27.3591],[85.0448,27.3616],[85.0524,27.3632],[85.0562,27.3657],[85.0601,27.3634],[85.0598,27.3614],[85.0615,27.3605],[85.0655,27.3626],[85.0673,27.3604],[85.0697,27.3625],[85.0694,27.3643],[85.0708,27.3644],[85.0866,27.3611],[85.0881,27.3582],[85.0913,27.3566],[85.0906,27.3534],[85.0923,27.3524],[85.0931,27.3486],[85.0921,27.3402],[85.0949,27.3325],[85.1032,27.3233],[85.1041,27.3201],[85.1168,27.3179],[85.119,27.3144],[85.1209,27.3022],[85.1255,27.3011],[85.1271,27.2956],[85.1264,27.2929],[85.1367,27.2902],[85.1394,27.2857],[85.1448,27.283],[85.1453,27.273],[85.1511,27.2686],[85.1518,27.2658],[85.1556,27.2624],[85.1614,27.2621],[85.1677,27.2602],[85.171,27.2548],[85.175,27.2537],[85.181,27.2546],[85.1773,27.2496],[85.1821,27.2473],[85.1925,27.2451],[85.1979,27.2461],[85.1996,27.2492],[85.2016,27.2503],[85.2067,27.2483],[85.2084,27.2454],[85.2152,27.2468],[85.2172,27.2447],[85.2199,27.244],[85.2247,27.2455],[85.2318,27.2434],[85.2367,27.2477],[85.243,27.2487],[85.2456,27.2466],[85.2515,27.245],[85.2534,27.2383],[85.2581,27.2342],[85.257,27.2312],[85.2578,27.2292],[85.2619,27.2267],[85.2674,27.2263],[85.2693,27.2281],[85.2738,27.2296],[85.2795,27.2288],[85.2806,27.2312],[85.2887,27.2312],[85.293,27.2329],[85.304,27.2299],[85.3074,27.2318],[85.3123,27.2306],[85.3174,27.2272],[85.3328,27.223],[85.3376,27.2198],[85.3487,27.2222],[85.3537,27.2158],[85.3568,27.2132],[85.3585,27.2133],[85.3597,27.2108],[85.3626,27.2128],[85.3694,27.212],[85.3728,27.2101],[85.3766,27.2121],[85.3852,27.2074],[85.3893,27.2097],[85.3916,27.2089],[85.3935,27.2104],[85.3973,27.2062],[85.3961,27.2008],[85.3973,27.1977],[85.4035,27.1964],[85.4093,27.197],[85.4183,27.1901],[85.4266,27.1931],[85.4286,27.1914],[85.4337,27.1904],[85.4366,27.1873],[85.4481,27.1868],[85.4502,27.1837],[85.4495,27.1805],[85.4534,27.1777],[85.4522,27.1732],[85.4529,27.1684],[85.4555,27.168],[85.4572,27.1661],[85.4669,27.1662],[85.4694,27.1626],[85.4723,27.1619],[85.487,27.1648],[85.4941,27.1699],[85.4952,27.1737],[85.4899,27.1715],[85.4877,27.1762],[85.4827,27.1758],[85.4823,27.1786],[85.4805,27.1806],[85.4825,27.1841],[85.4856,27.183],[85.4881,27.1836],[85.4925,27.1871],[85.4871,27.1929],[85.4884,27.1982],[85.4941,27.1978],[85.4977,27.1954],[85.5038,27.1941],[85.5104,27.1986],[85.5015,27.2082],[85.5014,27.2117],[85.5045,27.2194],[85.5038,27.2223],[85.5016,27.2232],[85.4965,27.2208],[85.4878,27.2208],[85.4873,27.2293],[85.4886,27.2357],[85.4872,27.2396],[85.4887,27.2502],[85.4828,27.259],[85.4827,27.2635],[85.4809,27.2677],[85.4786,27.2697],[85.4721,27.2698],[85.4667,27.2754],[85.46,27.2799],[85.4563,27.2813],[85.4524,27.2809],[85.4481,27.2846],[85.4434,27.285],[85.44,27.2832],[85.4373,27.2842],[85.4332,27.2877],[85.4305,27.2921],[85.4316,27.3008],[85.4267,27.3021],[85.4242,27.3043],[85.4222,27.3153],[85.4182,27.3212],[85.4253,27.3327],[85.4317,27.3333],[85.4388,27.3366],[85.4463,27.3367],[85.4478,27.3409],[85.4468,27.3484],[85.4479,27.3504],[85.4543,27.3548],[85.4615,27.355],[85.466,27.3573],[85.4726,27.3666],[85.4726,27.3701],[85.4725,27.3728],[85.4771,27.3738],[85.479,27.3762],[85.4779,27.3781],[85.4748,27.3766],[85.4736,27.3772],[85.4725,27.383],[85.4698,27.3885],[85.4669,27.3883],[85.4627,27.3859],[85.4586,27.3951],[85.4554,27.3943],[85.4504,27.388],[85.4485,27.3877],[85.4464,27.3927],[85.4467,27.3971],[85.4424,27.4025],[85.4327,27.4034],[85.4338,27.4076],[85.4324,27.4103],[85.4295,27.4101],[85.4275,27.4057],[85.4226,27.4048],[85.4201,27.4027],[85.4187,27.4083],[85.4154,27.4079],[85.4142,27.4049],[85.4095,27.4066],[85.4059,27.403],[85.405,27.4056],[85.3975,27.4048],[85.3965,27.4095],[85.3948,27.4112],[85.3889,27.4082],[85.3849,27.408],[85.3838,27.4089],[85.3839,27.4134],[85.3776,27.418],[85.3715,27.4194],[85.3689,27.4222],[85.3688,27.4243],[85.3498,27.4313],[85.3475,27.4286],[85.3405,27.433],[85.3353,27.432],[85.333,27.4361],[85.3292,27.4383],[85.3254,27.4384],[85.3159,27.4361],[85.3146,27.4381],[85.3162,27.4409],[85.3133,27.4449],[85.3105,27.4463],[85.3055,27.4454],[85.3019,27.4463],[85.2949,27.4522],[85.2816,27.4514],[85.2726,27.4544],[85.2682,27.453],[85.2583,27.4588],[85.2585,27.462],[85.2561,27.4657],[85.2572,27.4687],[85.2535,27.4727],[85.2475,27.4766],[85.2476,27.4832],[85.2444,27.4869],[85.2471,27.4909],[85.2478,27.4966],[85.2441,27.4978],[85.2422,27.5005],[85.2372,27.5003],[85.234,27.505],[85.2371,27.5109],[85.2414,27.5126],[85.2408,27.5177],[85.2432,27.5195],[85.2505,27.5215],[85.2512,27.5282],[85.2457,27.5286],[85.2448,27.5327],[85.238,27.533],[85.2316,27.5372],[85.2397,27.548],[85.2444,27.5481],[85.247,27.5504],[85.2461,27.5532],[85.2509,27.5608],[85.2502,27.5642],[85.2535,27.5688],[85.2581,27.5715],[85.2611,27.57],[85.2631,27.5709],[85.2598,27.5773],[85.253,27.5789],[85.2426,27.5782],[85.2398,27.5811],[85.2392,27.5899],[85.243,27.5947],[85.2415,27.5983],[85.2375,27.6018],[85.2382,27.608],[85.2368,27.6172],[85.2355,27.62],[85.2323,27.6216],[85.2314,27.6234],[85.2277,27.6252],[85.2248,27.6247],[85.2227,27.6262],[85.2225,27.6315],[85.2263,27.6403],[85.2332,27.6499],[85.2278,27.6546],[85.2215,27.6545],[85.2201,27.6568],[85.2131,27.6607],[85.2101,27.6649],[85.2053,27.6662],[85.2032,27.6701],[85.1902,27.6776],[85.1887,27.6814]]]},"properties":{"DIST_EN":"Makawanpur","DIST_PCODE":"NP0331"}},
{"type":"Feature","geometry":{"type":"Polygon","coordinates":[[[84.2259,28.894],[84.2203,28.8917],[84.2129,28.8948],[84.2042,28.8956],[84.1936,28.8993],[84.1844,28.9003],[84.1773,28.8949],[84.1701,28.8817],[84.1623,28.8779],[84.1576,28.8723],[84.1495,28.8768],[84.1464,28.8802],[84.1385,28.8794],[84.135,28.8857],[84.1306,28.8886],[84.1267,28.8888],[84.1244,28.8844],[84.115,28.8808],[84.1086,28.885],[84.0958,28.8874],[84.0939,28.8812],[84.09,28.8794],[84.0917,28.8735],[84.0843,28.8661],[84.0856,28.861],[84.0891,28.8554],[84.0859,28.8527],[84.0849,28.8496],[84.0772,28.8474],[84.0721,28.8418],[84.0644,28.8409],[84.0608,28.8391],[84.0583,28.8399],[84.0567,28.8421],[84.0518,28.8426],[84.0503,28.8369],[84.0459,28.8303],[84.0474,28.8226],[84.0454,28.822],[84.0435,28.8181],[84.0409,28.8174],[84.0369,28.8132],[84.0253,28.8102],[84.0241,28.8091],[84.0246,28.8042],[84.0233,28.802],[84.0182,28.8014],[84.0147,28.7975],[84.0047,28.8018],[84.0032,28.8059],[83.9979,28.8121],[83.995,28.8134],[83.9847,28.8149],[83.9786,28.8172],[83.9709,28.8164],[83.9676,28.8172],[83.9598,28.8339],[83.9567,28.8351],[83.9504,28.8348],[83.9432,28.8306],[83.9383,28.8247],[83.9404,28.8202],[83.9375,28.8149],[83.9376,28.8124],[83.942,28.8088],[83.9422,28.8064],[83.939,28.7935],[83.9389,28.7885],[83.9332,28.7833],[83.9233,28.7799],[83.9168,28.7784],[83.912,28.7795],[83.9075,28.7785],[83.8973,28.7706],[83.8957,28.768],[83.8938,28.7563],[83.8907,28.7513],[83.8912,28.7438],[83.8843,28.7413],[83.8788,28.7378],[83.8721,28.7272],[83.8668,28.7263],[83.8641,28.7228],[83.8582,28.7242],[83.8547,28.7266],[83.8451,28.727],[83.836,28.724],[83.8303,28.719],[83.8224,28.7181],[83.8218,28.7155],[83.8192,28.7142],[83.8131,28.7145],[83.8011,28.7025],[83.7907,28.6969],[83.7893,28.6933],[83.7973,28.6878],[83.8132,28.6818],[83.8216,28.6746],[83.8356,28.6659],[83.8423,28.658],[83.8498,28.6538],[83.8552,28.646],[83.8645,28.6264],[83.8698,28.6194],[83.8716,28.6133],[83.8753,28.613],[83.8875,28.6068],[83.9003,28.6069],[83.9146,28.6051],[83.925,28.6056],[83.9294,28.605],[83.939,28.6011],[83.9445,28.6015],[83.9517,28.6045],[83.9638,28.6053],[83.9686,28.6007],[83.974,28.5994],[83.9791,28.5963],[83.9854,28.5875],[83.9896,28.5845],[83.993,28.5856],[83.9972,28.5847],[84.0135,28.5872],[84.0201,28.5793],[84.0309,28.5726],[84.0457,28.5668],[84.0494,28.567],[84.0541,28.5643],[84.0598,28.5635],[84.0625,28.5585],[84.0672,28.5549],[84.0717,28.5482],[84.0853,28.5385],[84.0872,28.5393],[84.1174,28.5372],[84.1245,28.5347],[84.1374,28.5394],[84.1401,28.5333],[84.1511,28.5236],[84.1531,28.5195],[84.1566,28.5166],[84.1596,28.5161],[84.1625,28.5122],[84.1711,28.5111],[84.1779,28.5061],[84.1853,28.5062],[84.1886,28.5002],[84.1877,28.4971],[84.1891,28.4892],[84.1941,28.4893],[84.1983,28.4875],[84.2016,28.4885],[84.2116,28.485],[84.2184,28.4857],[84.2203,28.4827],[84.2263,28.4808],[84.2334,28.484],[84.2403,28.4824],[84.2479,28.4823],[84.2546,28.4797],[84.2569,28.48],[84.2589,28.4819],[84.2665,28.4804],[84.2741,28.4714],[84.2787,28.4709],[84.2697,28.4608],[84.269,28.4566],[84.2768,28.4511],[84.2788,28.4471],[84.2882,28.445],[84.2911,28.4453],[84.2971,28.4487],[84.3029,28.4469],[84.3119,28.4493],[84.3213,28.4499],[84.328,28.4529],[84.3416,28.452],[84.3456,28.4536],[84.3553,28.4539],[84.3606,28.4527],[84.366,28.454],[84.3743,28.454],[84.3714,28.459],[84.3732,28.4611],[84.3981,28.4566],[84.4158,28.4715],[84.4174,28.4814],[84.4172,28.4909],[84.423,28.5033],[84.4325,28.5102],[84.4448,28.5093],[84.4614,28.5002],[84.4654,28.4917],[84.4684,28.4896],[84.4705,28.4836],[84.4764,28.4781],[84.4794,28.4732],[84.4864,28.4706],[84.4867,28.4674],[84.4907,28.4616],[84.503,28.4642],[84.509,28.4644],[84.5312,28.473],[84.5336,28.4709],[84.5507,28.4715],[84.5616,28.4765],[84.5681,28.4828],[84.5647,28.487],[84.567,28.4952],[84.565,28.5012],[84.5665,28.5062],[84.5706,28.5101],[84.5674,28.5157],[84.5673,28.5231],[84.5642,28.5287],[84.56,28.5329],[84.5604,28.5376],[84.5589,28.5396],[84.5594,28.5502],[84.5568,28.5527],[84.5516,28.5524],[84.5475,28.5546],[84.5518,28.5593],[84.5475,28.5623],[84.5508,28.57],[84.5483,28.5776],[84.5491,28.5837],[84.5414,28.5984],[84.5407,28.6231],[84.5427,28.6273],[84.5389,28.6293],[84.5363,28.6331],[84.5339,28.6382],[84.5339,28.642],[84.5314,28.6464],[84.5206,28.6492],[84.5186,28.6524],[84.5215,28.6567],[84.5222,28.6633],[84.5126,28.6742],[84.5144,28.6852],[84.5206,28.6902],[84.5198,28.6949],[84.501,28.6988],[84.4923,28.7081],[84.4893,28.7139],[84.4819,28.7185],[84.484,28.7199],[84.4847,28.7241],[84.4919,28.7348],[84.4896,28.7355],[84.4865,28.74],[84.4833,28.7415],[84.4803,28.7472],[84.4756,28.747],[84.4663,28.7518],[84.4604,28.7514],[84.4576,28.7576],[84.4538,28.7611],[84.4519,28.7648],[84.4366,28.7694],[84.4398,28.7765],[84.4459,28.7826],[84.444,28.7867],[84.4454,28.7932],[84.4389,28.7961],[84.4321,28.8015],[84.4296,28.8134],[84.4353,28.8209],[84.4275,28.8236],[84.4189,28.8316],[84.4084,28.8288],[84.4006,28.8303],[84.3993,28.8374],[84.4077,28.843],[84.4091,28.8468],[84.409,28.8536],[84.404,28.8544],[84.3923,28.8605],[84.3824,28.8617],[84.3753,28.8645],[84.3692,28.8609],[84.3654,28.8617],[84.3608,28.8596],[84.357,28.8594],[84.3546,28.863],[84.3431,28.873],[84.3351,28.8686],[84.3333,28.8647],[84.3272,28.8625],[84.3236,28.8627],[84.3208,28.8675],[84.3156,28.8698],[84.3087,28.8694],[84.2925,28.8745],[84.2878,28.877],[84.2862,28.8811],[84.284,28.8827],[84.274,28.8868],[84.2721,28.8928],[84.2656,28.8978],[84.2583,28.8956],[84.2538,28.8903],[84.2383,28.8912],[84.2351,28.8925],[84.2285,28.8925],[84.2259,28.894]]]},"properties":{"DIST_EN":"Manang","DIST_PCODE":"NP0438"}},
{"type":"Feature","geometry":{"type":"Polygon","coordinates":[[[87.5801,26.8614],[87.5757,26.8574],[87.5732,26.857],[87.5658,26.8576],[87.5629,26.8614],[87.5585,26.8635],[87.555,26.8622],[87.5512,26.8632],[87.5435,26.8623],[87.5397,26.8634],[87.5361,26.8617],[87.5343,26.8627],[87.5312,26.8574],[87.528,26.8576],[87.5238,26.861],[87.5204,26.8622],[87.5152,26.8613],[87.5093,26.8576],[87.508,26.8593],[87.5089,26.8613],[87.5074,26.8627],[87.5084,26.864],[87.5069,26.8654],[87.5075,26.8697],[87.5063,26.8719],[87.5024,26.8735],[87.4996,26.8704],[87.4963,26.8701],[87.489,26.8726],[87.4843,26.8699],[87.4837,26.8677],[87.4778,26.8683],[87.4772,26.8667],[87.4754,26.8664],[87.474,26.8675],[87.472,26.8618],[87.4648,26.8635],[87.4623,26.8622],[87.4605,26.8642],[87.4589,26.8616],[87.4524,26.8582],[87.4518,26.862],[87.4492,26.8643],[87.4438,26.8657],[87.4429,26.8644],[87.4316,26.8657],[87.4291,26.8636],[87.4214,26.8705],[87.4123,26.8682],[87.4103,26.8663],[87.4008,26.8634],[87.392,26.8659],[87.3863,26.8597],[87.3844,26.8536],[87.3769,26.8485],[87.369,26.8458],[87.364,26.846],[87.3577,26.8488],[87.3475,26.8497],[87.3539,26.8391],[87.3525,26.8384],[87.3517,26.834],[87.3495,26.8325],[87.3498,26.8304],[87.3468,26.8255],[87.3498,26.8239],[87.3491,26.8205],[87.3471,26.8188],[87.3464,26.8147],[87.3443,26.8142],[87.3428,26.8122],[87.3411,26.8071],[87.3365,26.8057],[87.3368,26.8046],[87.332,26.8001],[87.3308,26.7973],[87.3279,26.7954],[87.3235,26.787],[87.3247,26.783],[87.3233,26.7804],[87.3239,26.7746],[87.3274,26.7678],[87.33,26.7657],[87.3296,26.7645],[87.3325,26.7629],[87.3329,26.7601],[87.3361,26.7576],[87.3384,26.753],[87.3388,26.7484],[87.3371,26.7406],[87.3393,26.7366],[87.3382,26.7357],[87.335,26.736],[87.3351,26.733],[87.3301,26.729],[87.3307,26.7252],[87.3276,26.7238],[87.3263,26.7205],[87.3252,26.7203],[87.3251,26.7151],[87.3207,26.7167],[87.3195,26.7161],[87.3195,26.7147],[87.3217,26.7134],[87.3216,26.7116],[87.3184,26.7076],[87.314,26.7057],[87.3099,26.6962],[87.3091,26.6859],[87.3033,26.6784],[87.304,26.6767],[87.2998,26.6753],[87.2988,26.6728],[87.2946,26.671],[87.2939,26.668],[87.291,26.6703],[87.2891,26.67],[87.2888,26.6642],[87.2863,26.6628],[87.288,26.6607],[87.285,26.6575],[87.2865,26.6548],[87.2849,26.6519],[87.2889,26.6506],[87.2913,26.6436],[87.2953,26.6389],[87.2942,26.6351],[87.3004,26.6314],[87.3013,26.6296],[87.3008,26.6155],[87.2937,26.6091],[87.2918,26.6029],[87.2886,26.6014],[87.2894,26.5959],[87.2855,26.5931],[87.2855,26.59],[87.2895,26.5848],[87.2913,26.5766],[87.2869,26.5726],[87.2839,26.559],[87.2778,26.5591],[87.273,26.5533],[87.2724,26.5506],[87.2662,26.5488],[87.2599,26.5397],[87.2609,26.5345],[87.2566,26.5343],[87.254,26.5366],[87.2554,26.5294],[87.2512,26.5278],[87.2507,26.525],[87.2474,26.5236],[87.246,26.5212],[87.2475,26.5157],[87.2506,26.522],[87.252,26.5223],[87.2542,26.5192],[87.2499,26.5115],[87.2525,26.5034],[87.2453,26.4912],[87.2465,26.4872],[87.2439,26.4832],[87.2436,26.4758],[87.2386,26.47],[87.245,26.4652],[87.2459,26.462],[87.2444,26.4591],[87.2456,26.4571],[87.2451,26.4543],[87.247,26.4538],[87.2448,26.4483],[87.2442,26.4424],[87.2459,26.4422],[87.2454,26.4391],[87.2481,26.4323],[87.2455,26.4263],[87.2458,26.4233],[87.2425,26.4185],[87.2451,26.4143],[87.2479,26.414],[87.2478,26.4117],[87.25,26.4095],[87.2563,26.4112],[87.2661,26.4057],[87.2657,26.3913],[87.2643,26.3872],[87.2659,26.374],[87.2724,26.3727],[87.2895,26.3738],[87.3013,26.3664],[87.3123,26.3716],[87.3134,26.3677],[87.3219,26.3603],[87.337,26.3516],[87.341,26.3478],[87.3477,26.3517],[87.3583,26.3611],[87.3534,26.3721],[87.3564,26.3883],[87.3687,26.4082],[87.3761,26.4071],[87.3885,26.4191],[87.4191,26.4228],[87.4278,26.4225],[87.443,26.4332],[87.4662,26.4404],[87.5164,26.431],[87.5342,26.4217],[87.5475,26.4186],[87.5528,26.4058],[87.5736,26.3961],[87.5878,26.3927],[87.5884,26.3884],[87.5871,26.3822],[87.6046,26.3809],[87.6072,26.3813],[87.6121,26.3903],[87.6275,26.3939],[87.6518,26.3936],[87.6503,26.406],[87.6783,26.4159],[87.6777,26.4355],[87.6792,26.4355],[87.6788,26.437],[87.6752,26.4364],[87.672,26.4417],[87.6728,26.4499],[87.6684,26.4531],[87.6619,26.4555],[87.6584,26.4591],[87.6571,26.4635],[87.6599,26.4693],[87.6597,26.4715],[87.6517,26.4784],[87.6491,26.4838],[87.6485,26.4972],[87.6446,26.5011],[87.6426,26.5075],[87.6426,26.5235],[87.6406,26.5286],[87.6423,26.5404],[87.6451,26.5444],[87.6459,26.5493],[87.6414,26.5583],[87.6409,26.5757],[87.6357,26.5807],[87.6421,26.5839],[87.6386,26.5906],[87.6384,26.5976],[87.6467,26.6],[87.6485,26.6042],[87.6473,26.6083],[87.6542,26.6137],[87.6554,26.6159],[87.655,26.6224],[87.6531,26.6263],[87.654,26.6335],[87.6475,26.6434],[87.6443,26.6449],[87.6415,26.6541],[87.6425,26.667],[87.6453,26.669],[87.6457,26.6737],[87.6529,26.6858],[87.6511,26.6902],[87.6527,26.693],[87.6519,26.6951],[87.6533,26.6984],[87.6548,26.7154],[87.6572,26.7179],[87.6681,26.7228],[87.6784,26.7303],[87.6817,26.735],[87.6818,26.7405],[87.684,26.7468],[87.6872,26.75],[87.6909,26.753],[87.6903,26.7567],[87.6881,26.756],[87.6854,26.7576],[87.6825,26.7531],[87.6796,26.7545],[87.6755,26.7524],[87.673,26.7538],[87.6722,26.7571],[87.6631,26.7608],[87.6671,26.7638],[87.668,26.7671],[87.6709,26.7701],[87.6737,26.7716],[87.677,26.7795],[87.6792,26.7815],[87.6787,26.7845],[87.671,26.7908],[87.6653,26.7911],[87.6643,26.7929],[87.6615,26.7924],[87.66,26.7954],[87.656,26.7983],[87.6561,26.8015],[87.6581,26.8043],[87.6611,26.8059],[87.6614,26.8083],[87.6593,26.8088],[87.6614,26.8151],[87.6573,26.8168],[87.6561,26.8187],[87.6525,26.8189],[87.6516,26.8253],[87.6478,26.831],[87.6457,26.8299],[87.6421,26.8303],[87.6396,26.8324],[87.6384,26.8355],[87.6352,26.8377],[87.6344,26.8406],[87.6312,26.839],[87.6221,26.8429],[87.6206,26.8453],[87.6141,26.8492],[87.6144,26.8511],[87.6045,26.8562],[87.5996,26.8622],[87.5881,26.862],[87.5837,26.8599],[87.5801,26.8614]]]},"properties":{"DIST_EN":"Morang","DIST_PCODE":"NP0105"}},
{"type":"Feature","geometry":{"type":"Polygon","coordinates":[[[82.8271,29.6898],[82.8186,29.6962],[82.8157,29.7024],[82.815,29.7056],[82.8197,29.7101],[82.8214,29.7138],[82.8212,29.7162],[82.8179,29.7212],[82.8071,29.7216],[82.7976,29.7191],[82.7929,29.7201],[82.7821,29.7256],[82.7789,29.7252],[82.7629,29.7312],[82.7663,29.7338],[82.7667,29.7425],[82.7615,29.7475],[82.762,29.75],[82.759,29.7554],[82.7586,29.7601],[82.7522,29.7656],[82.748,29.7663],[82.7448,29.7695],[82.7386,29.7688],[82.7331,29.7707],[82.7278,29.7692],[82.7238,29.7705],[82.719,29.7662],[82.7156,29.7686],[82.7111,29.769],[82.7073,29.7652],[82.6977,29.7617],[82.6933,29.7612],[82.69,29.7633],[82.6892,29.7701],[82.6865,29.7735],[82.6961,29.7817],[82.6941,29.7912],[82.7008,29.7949],[82.7052,29.7926],[82.7103,29.7928],[82.72,29.8002],[82.7281,29.803],[82.7298,29.807],[82.7291,29.8087],[82.7371,29.8136],[82.7305,29.8214],[82.7271,29.8305],[82.727,29.8347],[82.7241,29.8379],[82.7206,29.839],[82.7148,29.8379],[82.7106,29.8388],[82.7039,29.8453],[82.7006,29.8531],[82.6968,29.8554],[82.6941,29.8537],[82.6906,29.854],[82.6865,29.8521],[82.6844,29.8472],[82.6761,29.8433],[82.67,29.844],[82.666,29.8411],[82.6607,29.8423],[82.6579,29.8413],[82.6558,29.8384],[82.6486,29.8383],[82.6464,29.8362],[82.6397,29.8339],[82.621,29.8373],[82.6189,29.842],[82.6218,29.8473],[82.6317,29.8496],[82.6315,29.8568],[82.6405,29.8629],[82.6428,29.8673],[82.6425,29.8702],[82.6377,29.8749],[82.6307,29.8777],[82.6197,29.8793],[82.6086,29.8845],[82.6022,29.8893],[82.6015,29.8935],[82.5963,29.8998],[82.5944,29.9055],[82.5901,29.909],[82.5848,29.9213],[82.5797,29.9216],[82.5769,29.9247],[82.5719,29.9268],[82.5701,29.9304],[82.5667,29.9325],[82.5655,29.9392],[82.5634,29.9427],[82.5648,29.9466],[82.5626,29.9498],[82.5631,29.9552],[82.5522,29.9595],[82.5491,29.9634],[82.5431,29.9648],[82.5304,29.9713],[82.5279,29.9699],[82.5193,29.9569],[82.5142,29.9522],[82.5,29.9461],[82.4976,29.9474],[82.496,29.9395],[82.4883,29.9292],[82.4798,29.9235],[82.4707,29.9196],[82.4743,29.9067],[82.4697,29.9045],[82.4679,29.8989],[82.4554,29.8972],[82.4476,29.8887],[82.449,29.8862],[82.4545,29.8846],[82.4593,29.8815],[82.4589,29.8766],[82.4621,29.8726],[82.4626,29.8654],[82.4616,29.8637],[82.4551,29.861],[82.4487,29.8602],[82.4438,29.8605],[82.4403,29.8627],[82.435,29.8608],[82.4358,29.8453],[82.4302,29.8395],[82.4299,29.8352],[82.4355,29.8321],[82.4399,29.8242],[82.4384,29.8156],[82.4344,29.8122],[82.4265,29.8117],[82.4227,29.8071],[82.4108,29.809],[82.406,29.811],[82.4009,29.8054],[82.4036,29.8025],[82.4023,29.7946],[82.4041,29.7871],[82.4088,29.7857],[82.4128,29.7778],[82.4115,29.7711],[82.4051,29.7666],[82.4001,29.7651],[82.3977,29.7629],[82.3975,29.7612],[82.4007,29.755],[82.4012,29.7499],[82.4076,29.7432],[82.409,29.736],[82.4143,29.732],[82.4109,29.7271],[82.4104,29.7208],[82.413,29.7178],[82.4111,29.7142],[82.4029,29.7088],[82.3979,29.7025],[82.3951,29.7015],[82.3925,29.6965],[82.3871,29.696],[82.3789,29.697],[82.3738,29.7021],[82.3667,29.704],[82.3615,29.7027],[82.3529,29.707],[82.3495,29.713],[82.3396,29.7159],[82.3335,29.7125],[82.3239,29.7106],[82.3169,29.7106],[82.3132,29.7123],[82.3097,29.7068],[82.3061,29.7053],[82.2976,29.6972],[82.2942,29.6973],[82.2869,29.6951],[82.282,29.6923],[82.2682,29.6967],[82.2637,29.6995],[82.2631,29.7021],[82.2615,29.7029],[82.246,29.6977],[82.2362,29.698],[82.2318,29.7005],[82.2314,29.6838],[82.2355,29.6816],[82.2358,29.6804],[82.2352,29.6774],[82.2325,29.6746],[82.2371,29.6682],[82.2344,29.6628],[82.2287,29.6649],[82.2192,29.6636],[82.219,29.6593],[82.2148,29.6553],[82.2067,29.6574],[82.2017,29.6602],[82.1998,29.6595],[82.1979,29.6562],[82.1926,29.6532],[82.1843,29.6583],[82.1798,29.6579],[82.1696,29.6539],[82.1648,29.655],[82.1633,29.657],[82.1562,29.6583],[82.1496,29.655],[82.1468,29.6496],[82.1426,29.6458],[82.125,29.6427],[82.1198,29.6402],[82.107,29.6374],[82.1028,29.6348],[82.1029,29.6379],[82.1061,29.644],[82.1104,29.6468],[82.1137,29.6529],[82.1129,29.6542],[82.1099,29.6541],[82.1089,29.6578],[82.1033,29.6614],[82.103,29.6641],[82.1008,29.6657],[82.1023,29.6732],[82.0981,29.6807],[82.1012,29.6842],[82.1013,29.6863],[82.0984,29.6885],[82.093,29.6899],[82.0937,29.6925],[82.0925,29.695],[82.0936,29.6979],[82.0927,29.6994],[82.0888,29.7018],[82.0853,29.7023],[82.0819,29.7052],[82.0805,29.7131],[82.0779,29.714],[82.0753,29.7126],[82.0732,29.7134],[82.0669,29.7219],[82.068,29.7247],[82.0613,29.7284],[82.0595,29.7321],[82.0615,29.7389],[82.0595,29.7439],[82.0603,29.7462],[82.0557,29.7481],[82.0514,29.7482],[82.0453,29.751],[82.0355,29.7492],[82.0304,29.7455],[82.0284,29.7403],[82.0241,29.7401],[82.0201,29.7366],[82.0154,29.7358],[82.0119,29.731],[82.0061,29.7272],[82.0046,29.7199],[81.9983,29.7153],[81.999,29.7127],[81.9928,29.7042],[81.9877,29.7003],[81.969,29.691],[81.9468,29.6752],[81.938,29.6727],[81.9332,29.6771],[81.9306,29.6777],[81.9277,29.6752],[81.9218,29.6736],[81.9197,29.6696],[81.9205,29.6649],[81.9177,29.6638],[81.9098,29.6632],[81.9048,29.6668],[81.8986,29.6686],[81.8898,29.6675],[81.8838,29.6595],[81.8833,29.6535],[81.8768,29.6491],[81.8766,29.6458],[81.8729,29.6413],[81.8725,29.6351],[81.8668,29.6332],[81.853,29.6194],[81.8434,29.622],[81.8245,29.62],[81.8163,29.6234],[81.8103,29.622],[81.8002,29.6232],[81.7901,29.6274],[81.7848,29.6248],[81.7827,29.6199],[81.7771,29.6174],[81.7738,29.6058],[81.7779,29.5998],[81.7839,29.5973],[81.7886,29.5972],[81.7905,29.5958],[81.7897,29.5901],[81.7985,29.5766],[81.799,29.5592],[81.7976,29.5522],[81.7936,29.5478],[81.7904,29.5406],[81.7901,29.5377],[81.7929,29.5306],[81.7919,29.5294],[81.7857,29.5284],[81.7824,29.5248],[81.7811,29.5205],[81.7773,29.5174],[81.7806,29.5092],[81.7749,29.5081],[81.7692,29.5094],[81.7625,29.5054],[81.7668,29.5035],[81.7716,29.5037],[81.7792,29.5013],[81.7839,29.5023],[81.788,29.5],[81.7878,29.4975],[81.7894,29.4949],[81.7966,29.4866],[81.8039,29.4752],[81.8071,29.4662],[81.8078,29.454],[81.8102,29.4552],[81.8229,29.4549],[81.8281,29.4579],[81.8327,29.4565],[81.8361,29.4597],[81.8416,29.4616],[81.8524,29.4603],[81.855,29.461],[81.859,29.4587],[81.8647,29.4594],[81.8668,29.4607],[81.8683,29.4567],[81.8732,29.4513],[81.8784,29.449],[81.8848,29.4435],[81.8976,29.4465],[81.9113,29.4436],[81.9216,29.4444],[81.925,29.4429],[81.9259,29.4397],[81.9309,29.4374],[81.9354,29.4424],[81.9382,29.4438],[81.9455,29.4426],[81.9525,29.443],[81.9586,29.4435],[81.9644,29.4458],[81.9727,29.4571],[81.9725,29.46],[81.9741,29.4624],[81.9794,29.4652],[81.9796,29.4684],[81.9775,29.4703],[81.9791,29.473],[81.9874,29.4735],[81.9977,29.4708],[82.0018,29.4732],[82.0062,29.473],[82.0103,29.469],[82.0143,29.4615],[82.0201,29.4686],[82.0254,29.4684],[82.0288,29.4695],[82.0344,29.4779],[82.0412,29.4828],[82.0481,29.4842],[82.054,29.4823],[82.057,29.4793],[82.0607,29.4798],[82.0682,29.4839],[82.0769,29.4838],[82.0834,29.4824],[82.0904,29.4763],[82.0933,29.4644],[82.102,29.4587],[82.1068,29.4598],[82.1108,29.4652],[82.1157,29.4656],[82.1211,29.4683],[82.1247,29.467],[82.1281,29.4704],[82.131,29.4699],[82.1339,29.4632],[82.14,29.4613],[82.1426,29.4571],[82.1427,29.453],[82.1456,29.4471],[82.1394,29.4382],[82.1436,29.4292],[82.1528,29.427],[82.1573,29.4197],[82.1611,29.417],[82.1754,29.4154],[82.1786,29.4127],[82.1806,29.4072],[82.1841,29.4062],[82.1944,29.4112],[82.2005,29.4089],[82.2037,29.4093],[82.205,29.4107],[82.2101,29.4108],[82.2138,29.4069],[82.2223,29.4191],[82.2236,29.4234],[82.2221,29.4285],[82.2246,29.4307],[82.2302,29.4313],[82.2397,29.4389],[82.2474,29.4334],[82.2561,29.438],[82.2585,29.4378],[82.2625,29.4432],[82.2668,29.445],[82.2703,29.442],[82.2761,29.4419],[82.2834,29.4436],[82.2872,29.441],[82.2944,29.4428],[82.2953,29.4474],[82.2989,29.4501],[82.2964,29.4563],[82.3014,29.4612],[82.3018,29.4645],[82.2991,29.4705],[82.3062,29.4787],[82.3016,29.482],[82.3008,29.4859],[82.3022,29.4912],[82.3005,29.4941],[82.3047,29.4944],[82.3101,29.5039],[82.3147,29.5048],[82.3169,29.5066],[82.3286,29.5081],[82.3309,29.5049],[82.3398,29.5042],[82.3458,29.494],[82.3636,29.4904],[82.3706,29.4913],[82.3756,29.4969],[82.3806,29.4985],[82.3847,29.502],[82.3863,29.5016],[82.3915,29.497],[82.3965,29.4833],[82.4013,29.4787],[82.4043,29.4714],[82.4106,29.4639],[82.4094,29.4593],[82.4112,29.4513],[82.4179,29.4477],[82.4267,29.4493],[82.429,29.4456],[82.4324,29.4434],[82.4423,29.4462],[82.4448,29.449],[82.448,29.4501],[82.4517,29.4575],[82.4528,29.4645],[82.4716,29.475],[82.4748,29.4794],[82.4772,29.4795],[82.4798,29.4815],[82.481,29.4856],[82.4859,29.4858],[82.4893,29.4913],[82.496,29.4936],[82.5017,29.4837],[82.5004,29.4751],[82.5056,29.4708],[82.5056,29.4689],[82.5022,29.465],[82.5019,29.4591],[82.5003,29.4578],[82.5023,29.4512],[82.5024,29.4457],[82.5051,29.4401],[82.5108,29.4353],[82.5131,29.4205],[82.5164,29.4195],[82.5193,29.4217],[82.5255,29.4224],[82.5418,29.4208],[82.5585,29.4115],[82.574,29.4139],[82.5808,29.4162],[82.5862,29.4226],[82.5927,29.4211],[82.5986,29.4235],[82.6148,29.4234],[82.6233,29.4246],[82.6263,29.4216],[82.6269,29.4136],[82.6239,29.3983],[82.6278,29.3952],[82.6355,29.3932],[82.6399,29.3896],[82.6421,29.3854],[82.6592,29.3954],[82.6591,29.3998],[82.6609,29.4019],[82.6639,29.4028],[82.6707,29.4016],[82.6731,29.4025],[82.6757,29.404],[82.6782,29.4084],[82.6872,29.4126],[82.6858,29.4184],[82.6867,29.4218],[82.6903,29.4252],[82.6983,29.4286],[82.7025,29.4271],[82.7148,29.4317],[82.7194,29.4411],[82.7172,29.4449],[82.7253,29.4489],[82.7264,29.4556],[82.7353,29.4679],[82.7345,29.4703],[82.7235,29.4793],[82.7286,29.4905],[82.7264,29.5002],[82.728,29.5005],[82.7318,29.5077],[82.7481,29.5075],[82.755,29.5106],[82.7659,29.5116],[82.7666,29.5125],[82.7649,29.5143],[82.774,29.5162],[82.7783,29.516],[82.7816,29.5144],[82.7865,29.5187],[82.7868,29.5217],[82.785,29.5234],[82.785,29.5257],[82.7921,29.5339],[82.7926,29.5362],[82.7961,29.5376],[82.799,29.5458],[82.8029,29.5496],[82.8032,29.5515],[82.8084,29.5565],[82.8136,29.5558],[82.8192,29.5595],[82.8178,29.563],[82.8143,29.566],[82.8134,29.5766],[82.8076,29.5866],[82.8092,29.5884],[82.8095,29.5929],[82.806,29.5949],[82.806,29.5997],[82.8015,29.6036],[82.7993,29.6119],[82.7962,29.6139],[82.7967,29.6192],[82.7943,29.6316],[82.7984,29.6395],[82.8053,29.6384],[82.8128,29.6424],[82.8155,29.6466],[82.8203,29.6482],[82.823,29.6459],[82.827,29.6491],[82.829,29.6692],[82.8262,29.6766],[82.8271,29.6898]]]},"properties":{"DIST_EN":"Mugu","DIST_PCODE":"NP0665"}},
{"type":"Feature","geometry":{"type":"Polygon","coordinates":[[[84.2259,28.894],[84.2247,28.8974],[84.2255,28.9036],[84.2209,28.9122],[84.2205,28.9157],[84.223,28.9203],[84.2226,28.9235],[84.2246,28.926],[84.2256,28.9418],[84.2272,28.9423],[84.2293,28.9467],[84.2315,28.9597],[84.2353,28.9643],[84.2354,28.9685],[84.2393,28.9691],[84.239,28.9715],[84.2418,28.9762],[84.2386,28.982],[84.2383,28.9877],[84.2411,28.9923],[84.2395,28.9974],[84.2427,29.007],[84.2479,29.0127],[84.2479,29.0278],[84.2466,29.0292],[84.2479,29.0373],[84.2423,29.0443],[84.236,29.0446],[84.2271,29.0514],[84.2216,29.0535],[84.209,29.0537],[84.1964,29.0466],[84.1897,29.047],[84.1887,29.0648],[84.1865,29.0683],[84.1863,29.0739],[84.1879,29.0778],[84.1861,29.0808],[84.1908,29.0848],[84.1958,29.093],[84.196,29.0992],[84.1981,29.0996],[84.2017,29.1038],[84.1999,29.1128],[84.201,29.124],[84.1865,29.1264],[84.1748,29.1309],[84.1728,29.1407],[84.174,29.1443],[84.1734,29.1499],[84.1676,29.1575],[84.1659,29.1642],[84.1693,29.1722],[84.1669,29.1741],[84.167,29.1775],[84.1623,29.1853],[84.1668,29.1904],[84.1643,29.1949],[84.1685,29.1999],[84.1731,29.2011],[84.1775,29.2068],[84.1812,29.2079],[84.1883,29.2058],[84.1948,29.2118],[84.1997,29.214],[84.1976,29.2208],[84.1981,29.2282],[84.2029,29.2367],[84.201,29.2401],[84.1959,29.2421],[84.1948,29.2439],[84.1902,29.2439],[84.1835,29.2419],[84.1794,29.2378],[84.1677,29.2411],[84.1574,29.2418],[84.1513,29.2408],[84.1412,29.2362],[84.128,29.2432],[84.1195,29.2454],[84.1163,29.2442],[84.1123,29.2482],[84.1136,29.2519],[84.1118,29.2538],[84.1149,29.2587],[84.1124,29.2631],[84.1187,29.2652],[84.1217,29.2704],[84.1219,29.2736],[84.1175,29.2768],[84.1202,29.2797],[84.1146,29.2803],[84.1086,29.2851],[84.1023,29.287],[84.0996,29.2906],[84.0878,29.2946],[84.0857,29.2946],[84.0806,29.2885],[84.0688,29.2853],[84.0633,29.2898],[84.0564,29.2904],[84.0531,29.2941],[84.0531,29.2975],[84.0439,29.3009],[84.0302,29.2933],[84.0264,29.2857],[84.0233,29.2892],[84.0158,29.289],[84.0106,29.2944],[84.0043,29.296],[83.9985,29.2949],[83.9965,29.2967],[83.9898,29.2985],[83.9878,29.3005],[83.989,29.3027],[83.9993,29.3064],[84.0011,29.3095],[84.001,29.312],[83.9991,29.3149],[83.9951,29.3168],[83.9922,29.3202],[83.9884,29.3209],[83.9869,29.3229],[83.9759,29.3287],[83.9627,29.3314],[83.9551,29.3256],[83.9485,29.3171],[83.943,29.3163],[83.9336,29.3198],[83.9275,29.3185],[83.9198,29.3233],[83.9117,29.3232],[83.9048,29.3258],[83.9008,29.3236],[83.898,29.3189],[83.8874,29.3202],[83.8705,29.3124],[83.8567,29.3099],[83.8542,29.3017],[83.8481,29.2976],[83.8441,29.299],[83.839,29.2982],[83.835,29.3009],[83.8292,29.2984],[83.8231,29.3028],[83.8126,29.302],[83.8126,29.2987],[83.808,29.2947],[83.8109,29.2909],[83.8079,29.2859],[83.8019,29.2819],[83.7974,29.2819],[83.7945,29.2775],[83.7939,29.2735],[83.8023,29.2564],[83.7972,29.2536],[83.7973,29.2501],[83.7814,29.2444],[83.7781,29.2477],[83.7711,29.2469],[83.7706,29.2438],[83.7676,29.2409],[83.7621,29.24],[83.7568,29.2426],[83.7541,29.2424],[83.7495,29.2441],[83.7464,29.2435],[83.7406,29.2455],[83.7381,29.2441],[83.7306,29.245],[83.7219,29.2416],[83.7113,29.2446],[83.7073,29.2379],[83.7009,29.2347],[83.6967,29.2264],[83.6842,29.2132],[83.675,29.2078],[83.668,29.2073],[83.6606,29.2041],[83.6559,29.204],[83.656,29.2001],[83.6585,29.1961],[83.6581,29.1875],[83.6636,29.1841],[83.6574,29.1762],[83.6625,29.1735],[83.6661,29.1698],[83.6621,29.165],[83.6633,29.1558],[83.6722,29.1529],[83.676,29.1486],[83.675,29.1371],[83.6793,29.1317],[83.6789,29.1251],[83.6804,29.1235],[83.6684,29.1233],[83.6603,29.1245],[83.6515,29.1191],[83.6506,29.1135],[83.6526,29.1093],[83.6499,29.1045],[83.6462,29.1042],[83.6363,29.1074],[83.6289,29.1069],[83.6206,29.0979],[83.6156,29.0984],[83.615,29.0944],[83.6161,29.0927],[83.6234,29.0883],[83.6265,29.0858],[83.6279,29.0826],[83.6307,29.0811],[83.6295,29.0716],[83.6315,29.065],[83.631,29.0625],[83.6266,29.0625],[83.6196,29.0598],[83.6182,29.0552],[83.619,29.0458],[83.6126,29.036],[83.6154,29.0276],[83.6141,29.0224],[83.6166,29.019],[83.6154,29.0168],[83.612,29.0148],[83.617,29.0062],[83.6145,28.9987],[83.615,28.9878],[83.6102,28.983],[83.6093,28.9803],[83.6046,28.9802],[83.5992,28.9857],[83.5921,28.9837],[83.5869,28.977],[83.5874,28.9726],[83.5855,28.9678],[83.5817,28.965],[83.5826,28.9613],[83.5801,28.9562],[83.5749,28.954],[83.5713,28.9473],[83.567,28.9434],[83.5622,28.9452],[83.5587,28.9449],[83.557,28.9417],[83.5579,28.9385],[83.5565,28.9338],[83.5495,28.9269],[83.5462,28.9219],[83.5354,28.9114],[83.5286,28.9087],[83.5275,28.9039],[83.5229,28.898],[83.5147,28.8896],[83.5061,28.8848],[83.4995,28.8773],[83.506,28.8652],[83.5063,28.857],[83.5021,28.8518],[83.5018,28.8462],[83.498,28.8427],[83.492,28.8465],[83.4817,28.8447],[83.4803,28.8378],[83.4836,28.8323],[83.4797,28.8242],[83.4801,28.8172],[83.4851,28.8123],[83.4857,28.8073],[83.4877,28.8038],[83.4869,28.7907],[83.498,28.7904],[83.5005,28.7931],[83.5036,28.7937],[83.5082,28.7882],[83.5151,28.7872],[83.5226,28.7831],[83.5282,28.783],[83.5344,28.7813],[83.5414,28.777],[83.5489,28.7755],[83.5536,28.7708],[83.5561,28.7646],[83.5538,28.757],[83.5577,28.7543],[83.5587,28.7463],[83.5494,28.7363],[83.5463,28.7273],[83.5372,28.7111],[83.5367,28.7043],[83.5397,28.6972],[83.5311,28.6924],[83.5276,28.6885],[83.5301,28.6875],[83.5347,28.6827],[83.5358,28.6786],[83.5407,28.6717],[83.5404,28.668],[83.5437,28.6549],[83.5474,28.6508],[83.5516,28.6505],[83.56,28.6462],[83.5615,28.6443],[83.5615,28.6396],[83.5647,28.6321],[83.5616,28.6198],[83.5634,28.6119],[83.5656,28.6099],[83.5641,28.6071],[83.5702,28.5994],[83.5693,28.5938],[83.5797,28.5835],[83.5891,28.5899],[83.5967,28.5893],[83.6026,28.5862],[83.613,28.584],[83.6209,28.576],[83.6426,28.5731],[83.6378,28.5666],[83.6554,28.5647],[83.6634,28.567],[83.6653,28.5729],[83.6725,28.5768],[83.673,28.5811],[83.6768,28.5852],[83.6793,28.5947],[83.6833,28.5996],[83.6859,28.6137],[83.688,28.6151],[83.6945,28.6154],[83.6973,28.6174],[83.7055,28.6317],[83.7069,28.6402],[83.7149,28.6451],[83.7206,28.6523],[83.73,28.6548],[83.7274,28.6588],[83.7279,28.667],[83.7367,28.6725],[83.7361,28.6781],[83.7445,28.6902],[83.7493,28.6881],[83.7631,28.6883],[83.7674,28.6865],[83.7893,28.6933],[83.7907,28.6969],[83.8011,28.7025],[83.8131,28.7145],[83.8192,28.7142],[83.8218,28.7155],[83.8224,28.7181],[83.8303,28.719],[83.836,28.724],[83.8451,28.727],[83.8547,28.7266],[83.8582,28.7242],[83.8641,28.7228],[83.8668,28.7263],[83.8721,28.7272],[83.8788,28.7378],[83.8843,28.7413],[83.8912,28.7438],[83.8907,28.7513],[83.8938,28.7563],[83.8957,28.768],[83.8973,28.7706],[83.9075,28.7785],[83.912,28.7795],[83.9168,28.7784],[83.9233,28.7799],[83.9332,28.7833],[83.9389,28.7885],[83.939,28.7935],[83.9422,28.8064],[83.942,28.8088],[83.9376,28.8124],[83.9375,28.8149],[83.9404,28.8202],[83.9383,28.8247],[83.9432,28.8306],[83.9504,28.8348],[83.9567,28.8351],[83.9598,28.8339],[83.9676,28.8172],[83.9709,28.8164],[83.9786,28.8172],[83.9847,28.8149],[83.995,28.8134],[83.9979,28.8121],[84.0032,28.8059],[84.0047,28.8018],[84.0147,28.7975],[84.0182,28.8014],[84.0233,28.802],[84.0246,28.8042],[84.0241,28.8091],[84.0253,28.8102],[84.0369,28.8132],[84.0409,28.8174],[84.0435,28.8181],[84.0454,28.822],[84.0474,28.8226],[84.0459,28.8303],[84.0503,28.8369],[84.0518,28.8426],[84.0567,28.8421],[84.0583,28.8399],[84.0608,28.8391],[84.0644,28.8409],[84.0721,28.8418],[84.0772,28.8474],[84.0849,28.8496],[84.0859,28.8527],[84.0891,28.8554],[84.0856,28.861],[84.0843,28.8661],[84.0917,28.8735],[84.09,28.8794],[84.0939,28.8812],[84.0958,28.8874],[84.1086,28.885],[84.115,28.8808],[84.1244,28.8844],[84.1267,28.8888],[84.1306,28.8886],[84.135,28.8857],[84.1385,28.8794],[84.1464,28.8802],[84.1495,28.8768],[84.1576,28.8723],[84.1623,28.8779],[84.1701,28.8817],[84.1773,28.8949],[84.1844,28.9003],[84.1936,28.8993],[84.2042,28.8956],[84.2129,28.8948],[84.2203,28.8917],[84.2259,28.894]]]},"properties":{"DIST_EN":"Mustang","DIST_PCODE":"NP0445"}},
{"type":"Feature","geometry":{"type":"Polygon","coordinates":[[[83.7893,28.6933],[83.7674,28.6865],[83.7631,28.6883],[83.7493,28.6881],[83.7445,28.6902],[83.7361,28.6781],[83.7367,28.6725],[83.7279,28.667],[83.7274,28.6588],[83.73,28.6548],[83.7206,28.6523],[83.7149,28.6451],[83.7069,28.6402],[83.7055,28.6317],[83.6973,28.6174],[83.6945,28.6154],[83.688,28.6151],[83.6859,28.6137],[83.6833,28.5996],[83.6793,28.5947],[83.6768,28.5852],[83.673,28.5811],[83.6725,28.5768],[83.6653,28.5729],[83.6634,28.567],[83.6554,28.5647],[83.6378,28.5666],[83.6426,28.5731],[83.6209,28.576],[83.613,28.584],[83.6026,28.5862],[83.5967,28.5893],[83.5891,28.5899],[83.5797,28.5835],[83.5693,28.5938],[83.5702,28.5994],[83.5641,28.6071],[83.5656,28.6099],[83.5634,28.6119],[83.5616,28.6198],[83.5647,28.6321],[83.5615,28.6396],[83.5615,28.6443],[83.56,28.6462],[83.5516,28.6505],[83.5474,28.6508],[83.5437,28.6549],[83.5404,28.668],[83.5407,28.6717],[83.5358,28.6786],[83.5347,28.6827],[83.5301,28.6875],[83.5276,28.6885],[83.5311,28.6924],[83.5397,28.6972],[83.5367,28.7043],[83.5372,28.7111],[83.5463,28.7273],[83.5494,28.7363],[83.5587,28.7463],[83.5577,28.7543],[83.5538,28.757],[83.5561,28.7646],[83.5536,28.7708],[83.5489,28.7755],[83.5414,28.777],[83.5344,28.7813],[83.5282,28.783],[83.5226,28.7831],[83.5151,28.7872],[83.5082,28.7882],[83.5036,28.7937],[83.5005,28.7931],[83.498,28.7904],[83.4869,28.7907],[83.4844,28.787],[83.4835,28.7829],[83.4612,28.7801],[83.4563,28.7738],[83.4461,28.769],[83.4423,28.7697],[83.4364,28.7688],[83.4104,28.7607],[83.4003,28.7608],[83.3885,28.7631],[83.3834,28.7565],[83.3777,28.754],[83.3743,28.7445],[83.362,28.7342],[83.3563,28.7337],[83.3499,28.7361],[83.3454,28.7356],[83.3313,28.7382],[83.3256,28.738],[83.3201,28.7362],[83.3131,28.7357],[83.3086,28.7327],[83.2979,28.7318],[83.282,28.7257],[83.2769,28.722],[83.2706,28.7252],[83.2591,28.7263],[83.248,28.7304],[83.2394,28.7349],[83.237,28.7397],[83.2293,28.7429],[83.223,28.7406],[83.2161,28.7339],[83.21,28.732],[83.2001,28.7353],[83.1972,28.738],[83.1865,28.7436],[83.1666,28.7452],[83.1541,28.7478],[83.1454,28.7472],[83.1428,28.7421],[83.1427,28.7339],[83.1461,28.7308],[83.1442,28.7255],[83.146,28.7228],[83.1465,28.7182],[83.151,28.712],[83.15,28.7044],[83.1526,28.7013],[83.1499,28.6959],[83.1437,28.6938],[83.1424,28.6903],[83.1465,28.6818],[83.1391,28.6754],[83.1348,28.6737],[83.1273,28.6741],[83.1229,28.6767],[83.1202,28.6754],[83.1186,28.6703],[83.125,28.664],[83.1238,28.6559],[83.1153,28.6436],[83.1159,28.6315],[83.1142,28.6308],[83.1074,28.6322],[83.1055,28.6277],[83.1064,28.6204],[83.1036,28.6099],[83.1047,28.6075],[83.1041,28.6022],[83.1056,28.6001],[83.1048,28.5972],[83.1078,28.5948],[83.1064,28.5922],[83.1087,28.5812],[83.1061,28.5724],[83.1005,28.567],[83.1014,28.5603],[83.0999,28.5558],[83.1031,28.5489],[83.1015,28.5414],[83.1157,28.5352],[83.1257,28.5278],[83.1262,28.5187],[83.1309,28.5121],[83.1295,28.5028],[83.1312,28.4962],[83.138,28.4975],[83.1431,28.4965],[83.1464,28.4971],[83.1573,28.4953],[83.1613,28.4957],[83.1655,28.4936],[83.1689,28.4934],[83.1761,28.4969],[83.1888,28.4976],[83.1997,28.5016],[83.2084,28.5059],[83.2195,28.5139],[83.2268,28.5107],[83.2272,28.5116],[83.2307,28.5112],[83.233,28.5081],[83.241,28.5066],[83.2457,28.5041],[83.2483,28.5007],[83.2578,28.5009],[83.2547,28.4957],[83.2614,28.4947],[83.2657,28.4922],[83.2739,28.4936],[83.2747,28.49],[83.279,28.4866],[83.2816,28.482],[83.2813,28.4784],[83.2836,28.4753],[83.2965,28.4702],[83.2969,28.4658],[83.3005,28.4614],[83.2983,28.4557],[83.2882,28.4455],[83.2822,28.4455],[83.2726,28.4421],[83.2749,28.4346],[83.2747,28.43],[83.2766,28.4298],[83.2779,28.4331],[83.2796,28.4332],[83.2836,28.4274],[83.288,28.4254],[83.2899,28.4223],[83.2893,28.4185],[83.2968,28.4158],[83.2967,28.4143],[83.293,28.4121],[83.2908,28.407],[83.2898,28.397],[83.2862,28.3966],[83.2825,28.3929],[83.284,28.3828],[83.2867,28.3798],[83.2788,28.3675],[83.2859,28.3686],[83.2888,28.3667],[83.2894,28.3645],[83.2941,28.3632],[83.3016,28.3563],[83.3053,28.3567],[83.3119,28.3546],[83.314,28.3575],[83.3204,28.3589],[83.3227,28.3633],[83.3255,28.365],[83.3278,28.366],[83.3333,28.3658],[83.3356,28.3709],[83.339,28.369],[83.3419,28.3715],[83.3489,28.3696],[83.3636,28.3707],[83.3653,28.3659],[83.3696,28.3644],[83.3778,28.3554],[83.3841,28.3584],[83.3908,28.3556],[83.4032,28.3584],[83.4113,28.3575],[83.4191,28.3525],[83.4187,28.3495],[83.4244,28.344],[83.4244,28.3412],[83.4389,28.3404],[83.4435,28.3288],[83.4509,28.3274],[83.4549,28.3281],[83.4564,28.3259],[83.4642,28.3245],[83.4671,28.3251],[83.4766,28.3223],[83.4791,28.3229],[83.4846,28.3201],[83.4948,28.3242],[83.498,28.3244],[83.5097,28.3168],[83.5202,28.3155],[83.5237,28.3162],[83.5271,28.3151],[83.5312,28.3123],[83.5321,28.3068],[83.5352,28.3032],[83.5465,28.3136],[83.5526,28.3141],[83.5627,28.3171],[83.5708,28.3134],[83.5852,28.3097],[83.5918,28.3015],[83.6016,28.2985],[83.6008,28.3088],[83.5974,28.3127],[83.5972,28.3153],[83.5922,28.3183],[83.5909,28.3217],[83.5821,28.3299],[83.575,28.3342],[83.5731,28.3403],[83.5683,28.3411],[83.5687,28.349],[83.5654,28.3572],[83.5667,28.3663],[83.5696,28.3712],[83.5697,28.3745],[83.5755,28.3755],[83.5758,28.3772],[83.5785,28.379],[83.584,28.3808],[83.5928,28.3915],[83.5974,28.3916],[83.6142,28.3839],[83.6267,28.3809],[83.6289,28.3744],[83.633,28.3695],[83.6341,28.3662],[83.6375,28.3649],[83.6389,28.3624],[83.643,28.3608],[83.646,28.3577],[83.6496,28.3565],[83.6499,28.3523],[83.659,28.3482],[83.6639,28.3495],[83.6656,28.3512],[83.6695,28.356],[83.6709,28.3602],[83.6737,28.3624],[83.6745,28.3672],[83.6795,28.3714],[83.6782,28.3788],[83.6823,28.3846],[83.6829,28.3897],[83.6885,28.3976],[83.688,28.3988],[83.6914,28.3977],[83.6992,28.3998],[83.7006,28.3986],[83.7022,28.3996],[83.7064,28.3987],[83.7128,28.3955],[83.7198,28.3966],[83.7298,28.3963],[83.7378,28.3943],[83.7558,28.3936],[83.7567,28.3925],[83.7593,28.3937],[83.7587,28.4038],[83.7573,28.4056],[83.7545,28.4063],[83.7518,28.4031],[83.7453,28.4027],[83.7418,28.4071],[83.7389,28.4087],[83.7369,28.4144],[83.7319,28.4203],[83.7375,28.4332],[83.7365,28.4385],[83.7535,28.4584],[83.7544,28.4624],[83.7523,28.472],[83.7571,28.476],[83.7654,28.4793],[83.7699,28.479],[83.7726,28.4805],[83.7751,28.4851],[83.7806,28.4905],[83.7819,28.4961],[83.7874,28.4996],[83.7886,28.5028],[83.7941,28.507],[83.8016,28.5155],[83.806,28.5185],[83.8111,28.5175],[83.8136,28.5183],[83.8218,28.5295],[83.8287,28.5343],[83.8277,28.5419],[83.8175,28.5512],[83.8071,28.5638],[83.805,28.572],[83.8013,28.5769],[83.8019,28.58],[83.8093,28.5898],[83.8193,28.5954],[83.8299,28.5954],[83.8442,28.6031],[83.8512,28.6041],[83.8575,28.6092],[83.8716,28.6133],[83.8698,28.6194],[83.8645,28.6264],[83.8552,28.646],[83.8498,28.6538],[83.8423,28.658],[83.8356,28.6659],[83.8216,28.6746],[83.8132,28.6818],[83.7973,28.6878],[83.7893,28.6933]]]},"properties":{"DIST_EN":"Myagdi","DIST_PCODE":"NP0444"}},
{"type":"Feature","geometry":{"type":"Polygon","coordinates":[[[84.422,27.7413],[84.4213,27.7437],[84.4242,27.7462],[84.423,27.7481],[84.4178,27.7492],[84.4174,27.7517],[84.42,27.7544],[84.4177,27.7589],[84.4063,27.7618],[84.3993,27.7705],[84.3926,27.7753],[84.3802,27.7791],[84.3728,27.7782],[84.3678,27.7745],[84.3645,27.7671],[84.3644,27.7636],[84.3616,27.7596],[84.3621,27.7564],[84.3607,27.7536],[84.355,27.7517],[84.3518,27.7489],[84.3439,27.7512],[84.34,27.744],[84.3333,27.7492],[84.3257,27.7483],[84.322,27.7593],[84.3157,27.7634],[84.3156,27.7674],[84.3183,27.7744],[84.3139,27.7854],[84.3001,27.7924],[84.2981,27.8065],[84.3018,27.8092],[84.3009,27.8153],[84.3046,27.8168],[84.3057,27.8189],[84.3001,27.8228],[84.2942,27.8346],[84.2914,27.8379],[84.2869,27.8372],[84.2811,27.8379],[84.2726,27.8365],[84.2703,27.8352],[84.2695,27.8328],[84.2676,27.8325],[84.2657,27.834],[84.2668,27.8375],[84.2659,27.8388],[84.2527,27.8385],[84.2487,27.8411],[84.2459,27.8454],[84.2402,27.8467],[84.2352,27.8445],[84.231,27.8466],[84.2277,27.8457],[84.2271,27.8439],[84.2287,27.8404],[84.2255,27.8366],[84.2185,27.846],[84.2136,27.8466],[84.2101,27.8444],[84.2119,27.8407],[84.2095,27.8388],[84.206,27.8422],[84.2074,27.8494],[84.2022,27.8525],[84.1955,27.8479],[84.1908,27.8466],[84.1812,27.8507],[84.1733,27.8524],[84.172,27.8477],[84.1695,27.8457],[84.1626,27.8469],[84.1627,27.8417],[84.1562,27.8397],[84.1545,27.8421],[84.1566,27.8463],[84.1558,27.8483],[84.1502,27.8474],[84.1432,27.8504],[84.1284,27.8456],[84.1247,27.8457],[84.1207,27.8485],[84.129,27.853],[84.1292,27.8564],[84.1267,27.8593],[84.1202,27.8599],[84.1212,27.854],[84.1196,27.8514],[84.1168,27.8509],[84.1139,27.852],[84.1115,27.8589],[84.1092,27.8618],[84.1069,27.8613],[84.1027,27.855],[84.0997,27.8556],[84.0957,27.8585],[84.096,27.8603],[84.1015,27.8649],[84.1009,27.8664],[84.0927,27.867],[84.0805,27.8699],[84.0775,27.8692],[84.0787,27.8637],[84.0753,27.8634],[84.0744,27.8657],[84.0715,27.8651],[84.0696,27.8631],[84.0683,27.8571],[84.0533,27.849],[84.0514,27.8495],[84.0513,27.8536],[84.0488,27.8561],[84.0461,27.8564],[84.043,27.8551],[84.0429,27.8508],[84.0414,27.85],[84.0388,27.8511],[84.0411,27.8554],[84.0393,27.8572],[84.0354,27.858],[84.0311,27.8563],[84.0285,27.8565],[84.0225,27.8485],[84.0223,27.8436],[84.0203,27.8409],[84.025,27.8353],[84.0266,27.8297],[84.0253,27.8286],[84.0268,27.8206],[84.025,27.8184],[84.0218,27.8192],[84.0201,27.818],[84.0201,27.8153],[84.0151,27.8117],[84.0124,27.8013],[84.0068,27.7975],[84.0004,27.7887],[83.9995,27.7758],[83.9942,27.7665],[83.9929,27.7615],[83.9924,27.7536],[83.9938,27.753],[83.9938,27.751],[83.9859,27.7481],[83.9806,27.7495],[83.9768,27.7476],[83.9733,27.7477],[83.9707,27.7499],[83.9657,27.747],[83.9605,27.7483],[83.9583,27.7465],[83.9505,27.7475],[83.9465,27.7438],[83.9448,27.7442],[83.9284,27.7343],[83.925,27.7307],[83.9242,27.7269],[83.9215,27.7268],[83.919,27.7296],[83.916,27.7285],[83.9131,27.7311],[83.9066,27.7316],[83.9061,27.7325],[83.9082,27.7343],[83.9045,27.7357],[83.9031,27.7307],[83.9006,27.7305],[83.8989,27.7321],[83.8965,27.7301],[83.8931,27.7313],[83.8888,27.7303],[83.8836,27.7351],[83.8801,27.7335],[83.8768,27.7359],[83.8756,27.7332],[83.8691,27.7347],[83.8517,27.7333],[83.845,27.7351],[83.8418,27.7305],[83.8441,27.7273],[83.8445,27.7163],[83.8489,27.7121],[83.8463,27.7095],[83.8386,27.711],[83.8336,27.714],[83.825,27.7141],[83.8204,27.7107],[83.8157,27.7135],[83.8109,27.7144],[83.8014,27.7214],[83.7923,27.7219],[83.7866,27.7247],[83.7823,27.7251],[83.7638,27.7217],[83.7598,27.7226],[83.7564,27.7202],[83.7511,27.721],[83.7452,27.7192],[83.7442,27.7174],[83.7394,27.7151],[83.7323,27.7142],[83.7286,27.7092],[83.7216,27.7107],[83.7213,27.712],[83.7188,27.7121],[83.7146,27.7156],[83.706,27.7154],[83.7005,27.7168],[83.6957,27.716],[83.6916,27.7189],[83.6839,27.7207],[83.6786,27.7201],[83.6771,27.7186],[83.6828,27.7182],[83.6891,27.7092],[83.6899,27.698],[83.7007,27.6888],[83.7046,27.6829],[83.7017,27.6815],[83.7023,27.6793],[83.6994,27.6765],[83.6989,27.67],[83.6953,27.6622],[83.7033,27.6622],[83.7059,27.659],[83.7081,27.6592],[83.7104,27.6616],[83.7152,27.6628],[83.7205,27.6699],[83.7252,27.6725],[83.7265,27.6711],[83.7297,27.6714],[83.7332,27.6693],[83.7408,27.6697],[83.7448,27.6669],[83.7583,27.6675],[83.7592,27.6636],[83.7628,27.6612],[83.7683,27.6667],[83.7832,27.6671],[83.7997,27.6656],[83.8063,27.6629],[83.8119,27.6624],[83.8099,27.6555],[83.8126,27.6533],[83.8097,27.6497],[83.8102,27.6486],[83.8065,27.6476],[83.8068,27.6462],[83.8086,27.6459],[83.8078,27.6432],[83.8103,27.64],[83.8099,27.6355],[83.8025,27.6323],[83.801,27.6296],[83.805,27.6234],[83.8052,27.6209],[83.7973,27.6203],[83.7997,27.612],[83.7979,27.61],[83.794,27.6097],[83.7899,27.6064],[83.7961,27.5996],[83.8011,27.5962],[83.8062,27.597],[83.8094,27.5955],[83.81,27.5937],[83.8081,27.5888],[83.8151,27.5896],[83.8215,27.5927],[83.8278,27.5901],[83.8308,27.5875],[83.8334,27.588],[83.8362,27.5858],[83.8415,27.5727],[83.8316,27.5657],[83.8328,27.5592],[83.8374,27.5514],[83.8361,27.5451],[83.8382,27.5456],[83.8392,27.5478],[83.8419,27.5493],[83.8416,27.5563],[83.8472,27.5604],[83.8507,27.5591],[83.8553,27.5486],[83.8588,27.5456],[83.8705,27.5413],[83.8824,27.5279],[83.8827,27.5234],[83.8815,27.5215],[83.8783,27.5204],[83.8758,27.5105],[83.8808,27.5078],[83.8871,27.5084],[83.8939,27.5042],[83.8977,27.4988],[83.8917,27.4994],[83.8868,27.4958],[83.8837,27.4962],[83.8819,27.4937],[83.8747,27.4894],[83.8777,27.4852],[83.8822,27.4819],[83.8851,27.4812],[83.8856,27.4736],[83.8867,27.4724],[83.8837,27.4642],[83.8898,27.4617],[83.8872,27.4558],[83.8877,27.4466],[83.8891,27.4436],[83.8956,27.4378],[83.9135,27.4415],[83.9312,27.4496],[83.9354,27.451],[83.9394,27.4552],[83.9446,27.4658],[83.9437,27.4736],[83.9385,27.4884],[83.9388,27.4916],[83.9411,27.4939],[83.9578,27.5004],[83.9635,27.5039],[83.9681,27.5083],[83.9695,27.5154],[83.9649,27.5233],[83.9565,27.5271],[83.953,27.5276],[83.9509,27.5265],[83.9463,27.5185],[83.9419,27.5158],[83.9312,27.5131],[83.9256,27.5148],[83.9217,27.5186],[83.9223,27.5244],[83.9199,27.5267],[83.9188,27.5316],[83.9198,27.5407],[83.9236,27.5441],[83.9318,27.5455],[83.941,27.5416],[83.9485,27.5402],[83.9544,27.5431],[83.9578,27.5485],[83.9704,27.5506],[83.9746,27.5496],[83.9854,27.544],[83.9932,27.5436],[83.9989,27.5456],[84.0056,27.5448],[84.0183,27.5385],[84.0312,27.5373],[84.0359,27.5385],[84.0389,27.5406],[84.044,27.5523],[84.0506,27.5565],[84.0566,27.5555],[84.0644,27.5514],[84.0676,27.5522],[84.0709,27.5574],[84.0747,27.5596],[84.0835,27.5577],[84.0903,27.5547],[84.1007,27.5539],[84.1073,27.5518],[84.1147,27.5533],[84.1194,27.5564],[84.1198,27.5601],[84.1256,27.5661],[84.1278,27.5748],[84.1353,27.5846],[84.1417,27.5889],[84.1511,27.5985],[84.1643,27.607],[84.1764,27.6191],[84.197,27.6313],[84.2067,27.6388],[84.2182,27.6436],[84.2289,27.6454],[84.2411,27.6519],[84.2503,27.6542],[84.255,27.6514],[84.2579,27.6511],[84.2623,27.6566],[84.271,27.663],[84.2924,27.6684],[84.314,27.6803],[84.323,27.6866],[84.3254,27.694],[84.3437,27.7023],[84.3503,27.7029],[84.3601,27.6983],[84.3626,27.6956],[84.3652,27.6886],[84.3729,27.6829],[84.3781,27.6813],[84.3805,27.6816],[84.4082,27.6965],[84.4281,27.7039],[84.4307,27.7059],[84.4313,27.7105],[84.422,27.7413]]]},"properties":{"DIST_EN":"Nawalparasi East","DIST_PCODE":"NP0447"}},
{"type":"Feature","geometry":{"type":"Polygon","coordinates":[[[83.6953,27.6622],[83.6926,27.6656],[83.6906,27.665],[83.6895,27.663],[83.6833,27.6641],[83.6782,27.6699],[83.6751,27.671],[83.6738,27.6728],[83.6695,27.6735],[83.662,27.6795],[83.6575,27.684],[83.6568,27.6884],[83.6542,27.6891],[83.6532,27.6911],[83.6391,27.691],[83.633,27.6933],[83.6325,27.6897],[83.6339,27.6882],[83.6326,27.6853],[83.6339,27.6835],[83.6318,27.6793],[83.6338,27.6781],[83.6313,27.6769],[83.6295,27.6714],[83.6307,27.6678],[83.6299,27.6648],[83.6191,27.6595],[83.6095,27.6496],[83.6027,27.6481],[83.5989,27.6443],[83.5978,27.6391],[83.6009,27.6359],[83.5996,27.6348],[83.5969,27.6354],[83.5952,27.6343],[83.5977,27.6306],[83.5922,27.6307],[83.5931,27.6266],[83.5916,27.6261],[83.5903,27.6275],[83.5886,27.6251],[83.5868,27.6259],[83.5865,27.622],[83.5882,27.6213],[83.5819,27.6196],[83.5813,27.6166],[83.5788,27.6182],[83.5766,27.6171],[83.5746,27.6179],[83.5718,27.6105],[83.5744,27.6036],[83.5735,27.6018],[83.5758,27.5973],[83.5801,27.5936],[83.5797,27.5905],[83.582,27.5903],[83.5827,27.5885],[83.5823,27.5853],[83.5805,27.5833],[83.5806,27.5749],[83.5887,27.5734],[83.5902,27.5759],[83.5945,27.575],[83.5959,27.5728],[83.5951,27.5717],[83.5962,27.5666],[83.594,27.5637],[83.595,27.5616],[83.5927,27.5588],[83.5931,27.5561],[83.5902,27.5508],[83.592,27.5504],[83.5932,27.5483],[83.5961,27.5488],[83.5963,27.5468],[83.591,27.5438],[83.59,27.5418],[83.5913,27.5335],[83.59,27.5343],[83.5894,27.5327],[83.5867,27.5322],[83.5875,27.5299],[83.5889,27.5306],[83.5906,27.5282],[83.5924,27.5288],[83.5938,27.5278],[83.5904,27.5265],[83.5916,27.525],[83.5897,27.5246],[83.5912,27.5208],[83.5936,27.5216],[83.5968,27.5185],[83.5983,27.5194],[83.5971,27.5162],[83.5985,27.5156],[83.5968,27.5131],[83.599,27.5118],[83.5981,27.5108],[83.5974,27.5116],[83.5945,27.5112],[83.5941,27.5074],[83.5964,27.5042],[83.5954,27.5018],[83.5931,27.5018],[83.5945,27.4992],[83.5986,27.4999],[83.5977,27.4973],[83.5992,27.4981],[83.6039,27.4964],[83.6034,27.4934],[83.605,27.4944],[83.6065,27.4916],[83.6108,27.4899],[83.6102,27.4864],[83.613,27.4786],[83.6113,27.4758],[83.6141,27.4731],[83.6147,27.4696],[83.83,27.3704],[83.8626,27.3467],[83.866,27.3478],[83.8714,27.3518],[83.8878,27.3584],[83.8914,27.3628],[83.8921,27.3678],[83.8993,27.3721],[83.9035,27.3765],[83.9062,27.382],[83.9053,27.3898],[83.8937,27.3898],[83.8727,27.3928],[83.8756,27.406],[83.8713,27.413],[83.8675,27.4276],[83.8694,27.4297],[83.8784,27.4339],[83.8956,27.4378],[83.8891,27.4436],[83.8877,27.4466],[83.8872,27.4558],[83.8898,27.4617],[83.8837,27.4642],[83.8867,27.4724],[83.8856,27.4736],[83.8851,27.4812],[83.8822,27.4819],[83.8777,27.4852],[83.8747,27.4894],[83.8819,27.4937],[83.8837,27.4962],[83.8868,27.4958],[83.8917,27.4994],[83.8977,27.4988],[83.8939,27.5042],[83.8871,27.5084],[83.8808,27.5078],[83.8758,27.5105],[83.8783,27.5204],[83.8815,27.5215],[83.8827,27.5234],[83.8824,27.5279],[83.8705,27.5413],[83.8588,27.5456],[83.8553,27.5486],[83.8507,27.5591],[83.8472,27.5604],[83.8416,27.5563],[83.8419,27.5493],[83.8392,27.5478],[83.8382,27.5456],[83.8361,27.5451],[83.8374,27.5514],[83.8328,27.5592],[83.8316,27.5657],[83.8415,27.5727],[83.8362,27.5858],[83.8334,27.588],[83.8308,27.5875],[83.8278,27.5901],[83.8215,27.5927],[83.8151,27.5896],[83.8081,27.5888],[83.81,27.5937],[83.8094,27.5955],[83.8062,27.597],[83.8011,27.5962],[83.7961,27.5996],[83.7899,27.6064],[83.794,27.6097],[83.7979,27.61],[83.7997,27.612],[83.7973,27.6203],[83.8052,27.6209],[83.805,27.6234],[83.801,27.6296],[83.8025,27.6323],[83.8099,27.6355],[83.8103,27.64],[83.8078,27.6432],[83.8086,27.6459],[83.8068,27.6462],[83.8065,27.6476],[83.8102,27.6486],[83.8097,27.6497],[83.8126,27.6533],[83.8099,27.6555],[83.8119,27.6624],[83.8063,27.6629],[83.7997,27.6656],[83.7832,27.6671],[83.7683,27.6667],[83.7628,27.6612],[83.7592,27.6636],[83.7583,27.6675],[83.7448,27.6669],[83.7408,27.6697],[83.7332,27.6693],[83.7297,27.6714],[83.7265,27.6711],[83.7252,27.6725],[83.7205,27.6699],[83.7152,27.6628],[83.7104,27.6616],[83.7081,27.6592],[83.7059,27.659],[83.7033,27.6622],[83.6953,27.6622]]]},"properties":{"DIST_EN":"Nawalparasi West","DIST_PCODE":"NP0547"}},
{"type":"Feature","geometry":{"type":"Polygon","coordinates":[[[85.4418,28.0826],[85.4329,28.0807],[85.428,28.0759],[85.4257,28.0725],[85.4278,28.0671],[85.4256,28.0619],[85.4198,28.0599],[85.4147,28.0622],[85.4123,28.062],[85.4051,28.0553],[85.4026,28.0441],[85.4035,28.0392],[85.3991,28.0369],[85.3947,28.0377],[85.3919,28.0358],[85.3898,28.0305],[85.3765,28.0225],[85.3717,28.0222],[85.3677,28.0176],[85.3589,28.0131],[85.355,28.0117],[85.3457,28.0116],[85.342,28.01],[85.3367,28.0023],[85.332,27.9904],[85.3296,27.9886],[85.3247,27.9871],[85.3219,27.989],[85.3178,27.9893],[85.3061,27.9869],[85.2985,27.9829],[85.2899,27.9832],[85.2827,27.9754],[85.2806,27.9727],[85.2799,27.9685],[85.2762,27.9652],[85.2709,27.9675],[85.269,27.9669],[85.266,27.9682],[85.2611,27.9718],[85.2574,27.9713],[85.2555,27.9746],[85.2524,27.9714],[85.2363,27.9745],[85.2337,27.9731],[85.2271,27.9747],[85.2224,27.974],[85.2197,27.9756],[85.2128,27.9728],[85.2046,27.9752],[85.1885,27.9763],[85.1835,27.9733],[85.1803,27.9813],[85.1803,27.9876],[85.1828,27.9899],[85.1824,27.9933],[85.1862,27.9969],[85.1836,28.0002],[85.1847,28.0008],[85.1838,28.0096],[85.1872,28.0192],[85.1787,28.021],[85.1706,28.0213],[85.1661,28.0243],[85.1617,28.0243],[85.1566,28.0267],[85.1437,28.0276],[85.1386,28.0305],[85.133,28.0382],[85.1379,28.049],[85.1421,28.0528],[85.1482,28.0614],[85.1586,28.0725],[85.1671,28.0774],[85.1705,28.0827],[85.1546,28.0884],[85.1352,28.0841],[85.1293,28.0861],[85.1225,28.0913],[85.1149,28.0768],[85.1048,28.0766],[85.0977,28.0729],[85.09,28.0722],[85.0806,28.067],[85.075,28.0677],[85.0672,28.0662],[85.0622,28.067],[85.0546,28.0504],[85.0416,28.037],[85.0355,28.0352],[85.0327,28.032],[85.0257,28.0297],[85.0212,28.0296],[85.0126,28.0262],[85.0072,28.0267],[84.9956,28.025],[84.9916,28.0263],[84.9893,28.0287],[84.9885,28.0258],[84.9909,28.0211],[84.9905,28.0158],[85,28.0081],[85.0002,28.0052],[85.0031,28.0002],[85.0295,27.9956],[85.0317,27.9895],[85.0298,27.9849],[85.0304,27.9803],[85.0286,27.9717],[85.0265,27.9695],[85.0196,27.9683],[85.0189,27.9657],[85.0151,27.9619],[85.0146,27.959],[85.0117,27.9572],[85.0079,27.9507],[85.0085,27.9486],[85.0118,27.9519],[85.015,27.9515],[85.0164,27.9485],[85.0156,27.9475],[85.0164,27.9441],[85.0113,27.9408],[85.0087,27.9362],[85.0106,27.9284],[85.0101,27.9257],[84.9983,27.903],[84.9978,27.8995],[84.9924,27.896],[84.9922,27.8886],[84.9889,27.8857],[84.9948,27.8751],[84.9925,27.8723],[84.9941,27.8703],[84.9917,27.8684],[84.9906,27.8643],[84.9915,27.8598],[84.989,27.8585],[84.9917,27.8573],[84.9926,27.8549],[84.9984,27.8558],[85.0012,27.8541],[85.0009,27.8525],[85.004,27.8525],[85.0047,27.8509],[85.0065,27.8505],[85.0054,27.8477],[85.0078,27.8451],[85.0059,27.842],[85.0083,27.8387],[85.0125,27.8369],[85.0135,27.8328],[85.0154,27.8324],[85.0204,27.8343],[85.0229,27.833],[85.0169,27.827],[85.0177,27.8245],[85.0154,27.8163],[85.0121,27.812],[85.0124,27.8095],[85.0175,27.81],[85.0179,27.8119],[85.0206,27.8137],[85.0233,27.8148],[85.0247,27.8135],[85.0276,27.8163],[85.0297,27.8152],[85.0379,27.8147],[85.0415,27.8173],[85.0417,27.8123],[85.0441,27.8118],[85.0471,27.8131],[85.0471,27.8109],[85.0485,27.8102],[85.0454,27.8054],[85.0466,27.8017],[85.0519,27.799],[85.0526,27.7973],[85.0563,27.7969],[85.0569,27.7953],[85.0637,27.7928],[85.07,27.7916],[85.0751,27.792],[85.0819,27.7898],[85.083,27.7884],[85.0878,27.7878],[85.0964,27.7813],[85.0978,27.7785],[85.1002,27.7783],[85.1058,27.7743],[85.1082,27.7741],[85.1108,27.7756],[85.1128,27.7726],[85.115,27.7745],[85.1154,27.7689],[85.1176,27.7664],[85.12,27.7672],[85.1219,27.7631],[85.1244,27.7625],[85.1246,27.7607],[85.1281,27.7609],[85.1309,27.7642],[85.1319,27.7625],[85.1345,27.7617],[85.1396,27.7659],[85.1487,27.7638],[85.1518,27.7663],[85.1547,27.767],[85.1595,27.7656],[85.1664,27.7676],[85.172,27.7669],[85.1745,27.7685],[85.1761,27.7673],[85.1787,27.7721],[85.186,27.7716],[85.1898,27.7694],[85.1918,27.7705],[85.1922,27.7731],[85.1941,27.7708],[85.1936,27.7691],[85.197,27.7706],[85.1978,27.7689],[85.1995,27.7704],[85.2015,27.7694],[85.2022,27.7735],[85.2041,27.7716],[85.2045,27.7691],[85.2062,27.7738],[85.208,27.7709],[85.2101,27.7728],[85.211,27.7716],[85.2132,27.774],[85.2153,27.7739],[85.2155,27.7756],[85.2172,27.7742],[85.2213,27.7755],[85.2242,27.7728],[85.227,27.7727],[85.2299,27.7765],[85.2292,27.7735],[85.2303,27.7729],[85.231,27.774],[85.232,27.7715],[85.2334,27.7746],[85.2391,27.7748],[85.2401,27.7733],[85.2431,27.7754],[85.246,27.7747],[85.2469,27.7726],[85.2504,27.7755],[85.2526,27.7757],[85.2564,27.7803],[85.2607,27.7787],[85.2683,27.7821],[85.28,27.7947],[85.2843,27.801],[85.2909,27.8045],[85.2917,27.809],[85.3,27.8128],[85.3062,27.8105],[85.3102,27.8134],[85.3327,27.8152],[85.3392,27.813],[85.3453,27.8087],[85.3533,27.8102],[85.3617,27.814],[85.3727,27.8091],[85.3859,27.8124],[85.3918,27.8173],[85.4047,27.8116],[85.4071,27.8118],[85.4114,27.81],[85.4207,27.8096],[85.4311,27.8132],[85.4362,27.8111],[85.4396,27.8135],[85.4466,27.8147],[85.4486,27.8177],[85.4488,27.8296],[85.4527,27.8366],[85.4547,27.8461],[85.4513,27.8505],[85.46,27.8583],[85.4609,27.8633],[85.4651,27.8654],[85.4659,27.8679],[85.4689,27.8679],[85.4702,27.8692],[85.4684,27.8817],[85.4732,27.8823],[85.4752,27.8846],[85.4796,27.9044],[85.484,27.911],[85.484,27.915],[85.4875,27.9198],[85.4869,27.9269],[85.4825,27.9355],[85.4825,27.9526],[85.4811,27.9567],[85.4785,27.9594],[85.4838,27.9704],[85.4919,27.9719],[85.4924,27.9761],[85.4872,27.9925],[85.4914,28.0002],[85.4943,28.0028],[85.4927,28.008],[85.497,28.0196],[85.4971,28.0294],[85.4944,28.0377],[85.484,28.0444],[85.4818,28.0513],[85.4785,28.0563],[85.4623,28.0694],[85.4443,28.0767],[85.4424,28.0786],[85.4418,28.0826]]]},"properties":{"DIST_EN":"Nuwakot","DIST_PCODE":"NP0328"}},
{"type":"Feature","geometry":{"type":"Polygon","coordinates":[[[86.6786,27.3536],[86.6706,27.3526],[86.6573,27.3398],[86.635,27.3381],[86.607,27.3434],[86.5983,27.3414],[86.5897,27.3437],[86.5708,27.3408],[86.5667,27.3461],[86.5639,27.3534],[86.5644,27.3656],[86.5612,27.3674],[86.5564,27.3735],[86.548,27.3784],[86.5422,27.3849],[86.5361,27.3875],[86.532,27.3968],[86.5265,27.3983],[86.5244,27.4028],[86.5098,27.4108],[86.5052,27.4177],[86.5051,27.4213],[86.5026,27.4254],[86.4999,27.4269],[86.4976,27.426],[86.4913,27.4276],[86.4883,27.4268],[86.4849,27.4225],[86.4772,27.4228],[86.4734,27.4213],[86.4698,27.4229],[86.4673,27.4271],[86.4646,27.4285],[86.4603,27.4344],[86.4661,27.4408],[86.4674,27.4456],[86.4545,27.4545],[86.4538,27.4615],[86.4506,27.4653],[86.4399,27.4857],[86.4322,27.4866],[86.4288,27.4847],[86.4231,27.4875],[86.4115,27.5004],[86.4108,27.5068],[86.4015,27.517],[86.3983,27.5182],[86.3861,27.5161],[86.3831,27.5171],[86.3754,27.516],[86.3687,27.52],[86.3643,27.5213],[86.3608,27.5257],[86.3577,27.5243],[86.3556,27.5263],[86.3549,27.5249],[86.3465,27.5235],[86.3383,27.5201],[86.3344,27.5157],[86.3332,27.5109],[86.3308,27.5099],[86.3263,27.505],[86.3246,27.4997],[86.3194,27.4988],[86.3155,27.4925],[86.3129,27.4917],[86.3054,27.4829],[86.295,27.479],[86.2929,27.4765],[86.2918,27.4702],[86.2826,27.4662],[86.2811,27.4643],[86.2791,27.4649],[86.2725,27.462],[86.2637,27.4562],[86.2573,27.4462],[86.2561,27.4421],[86.2542,27.441],[86.2565,27.4372],[86.2555,27.4352],[86.2513,27.4325],[86.252,27.4286],[86.248,27.4245],[86.2483,27.4206],[86.2471,27.4193],[86.2445,27.42],[86.2419,27.419],[86.2376,27.4129],[86.2374,27.4097],[86.2344,27.4082],[86.2363,27.4061],[86.236,27.4041],[86.2324,27.4024],[86.2309,27.3996],[86.2277,27.3979],[86.2266,27.3934],[86.2274,27.3895],[86.2249,27.3874],[86.2258,27.3842],[86.222,27.3821],[86.2238,27.3785],[86.2247,27.3706],[86.2191,27.3622],[86.2218,27.36],[86.2171,27.3531],[86.2184,27.3509],[86.2166,27.3425],[86.218,27.337],[86.2157,27.3336],[86.2172,27.3284],[86.2223,27.3274],[86.2192,27.3241],[86.2193,27.3226],[86.2216,27.3211],[86.2289,27.3199],[86.229,27.3156],[86.2313,27.3146],[86.2338,27.3075],[86.2372,27.3061],[86.2379,27.3025],[86.2355,27.2963],[86.2406,27.2888],[86.234,27.2855],[86.2268,27.2777],[86.2237,27.2775],[86.2232,27.2745],[86.219,27.2727],[86.2188,27.2707],[86.2162,27.2681],[86.2138,27.2689],[86.2141,27.2669],[86.2114,27.2638],[86.2111,27.2609],[86.2077,27.2589],[86.2047,27.255],[86.2051,27.2504],[86.2036,27.2503],[86.2093,27.2466],[86.2139,27.2452],[86.2216,27.2399],[86.2301,27.2374],[86.2397,27.2413],[86.2432,27.2472],[86.2528,27.2503],[86.2566,27.2548],[86.2575,27.2581],[86.2616,27.2575],[86.2663,27.2611],[86.2667,27.2537],[86.2771,27.2502],[86.2813,27.2459],[86.2879,27.2457],[86.2949,27.2384],[86.3061,27.2372],[86.309,27.2334],[86.3159,27.2314],[86.3277,27.2301],[86.3332,27.2311],[86.341,27.229],[86.3431,27.2197],[86.3402,27.2142],[86.3399,27.2104],[86.3436,27.2029],[86.3506,27.2008],[86.3581,27.2015],[86.3687,27.1926],[86.3754,27.194],[86.379,27.1933],[86.3842,27.1825],[86.3865,27.1806],[86.3899,27.1799],[86.3998,27.1767],[86.3996,27.1741],[86.4022,27.1704],[86.4071,27.169],[86.4115,27.1694],[86.4168,27.166],[86.4193,27.1597],[86.4203,27.1501],[86.4281,27.1468],[86.4335,27.1491],[86.4343,27.1526],[86.4472,27.1642],[86.4637,27.1665],[86.4679,27.1682],[86.471,27.1713],[86.4734,27.1766],[86.4842,27.1804],[86.4907,27.1865],[86.4976,27.1869],[86.5004,27.1859],[86.5113,27.1868],[86.5211,27.1922],[86.5258,27.1931],[86.5312,27.2019],[86.5372,27.2045],[86.5393,27.2085],[86.5423,27.2088],[86.544,27.2132],[86.5465,27.2146],[86.5475,27.2184],[86.5497,27.2198],[86.5556,27.2189],[86.556,27.2213],[86.5523,27.2218],[86.557,27.2269],[86.5613,27.2236],[86.5654,27.2234],[86.5721,27.2272],[86.5749,27.2246],[86.5835,27.2254],[86.5866,27.224],[86.5908,27.2262],[86.5939,27.232],[86.5975,27.2346],[86.6018,27.2329],[86.6073,27.2333],[86.6106,27.2368],[86.6163,27.2347],[86.6187,27.235],[86.6206,27.2366],[86.6196,27.2419],[86.6212,27.2461],[86.6284,27.2485],[86.631,27.2483],[86.6345,27.2565],[86.6439,27.2585],[86.65,27.264],[86.6567,27.2623],[86.6605,27.2688],[86.668,27.2685],[86.6707,27.2721],[86.6698,27.2747],[86.6667,27.277],[86.6699,27.2805],[86.6688,27.2843],[86.6729,27.2887],[86.6713,27.2916],[86.6681,27.2929],[86.6672,27.2976],[86.6708,27.2994],[86.6762,27.2985],[86.6771,27.3027],[86.6861,27.3102],[86.6858,27.3127],[86.6826,27.3144],[86.684,27.32],[86.68,27.3246],[86.6829,27.3296],[86.6817,27.3344],[86.6787,27.3369],[86.6796,27.3397],[86.6783,27.3432],[86.6807,27.3453],[86.6786,27.3536]]]},"properties":{"DIST_EN":"Okhaldhunga","DIST_PCODE":"NP0113"}},
{"type":"Feature","geometry":{"type":"Polygon","coordinates":[[[83.4407,27.9355],[83.434,27.9356],[83.4332,27.9394],[83.4285,27.94],[83.425,27.9375],[83.4248,27.9349],[83.4189,27.9307],[83.41,27.931],[83.4055,27.9341],[83.3995,27.9348],[83.3986,27.9406],[83.3934,27.9448],[83.3927,27.948],[83.3881,27.95],[83.3821,27.9556],[83.3793,27.9566],[83.3768,27.956],[83.3784,27.9582],[83.3775,27.9589],[83.3715,27.9579],[83.3609,27.9517],[83.3564,27.9523],[83.3547,27.9543],[83.3454,27.9499],[83.3427,27.9434],[83.3426,27.94],[83.3467,27.9367],[83.3462,27.9313],[83.3443,27.9266],[83.3394,27.9258],[83.3382,27.923],[83.3253,27.9208],[83.309,27.9262],[83.3088,27.9187],[83.3065,27.9146],[83.2975,27.9102],[83.3012,27.9062],[83.3068,27.9061],[83.3111,27.9018],[83.3114,27.8979],[83.3091,27.8889],[83.3155,27.8859],[83.3176,27.8827],[83.3203,27.8827],[83.3207,27.8785],[83.3257,27.8777],[83.328,27.879],[83.3305,27.8774],[83.3303,27.875],[83.3274,27.8734],[83.3284,27.8714],[83.3274,27.8699],[83.3172,27.8601],[83.3127,27.8598],[83.3079,27.857],[83.3006,27.8598],[83.3033,27.8576],[83.3037,27.8547],[83.3101,27.8516],[83.2978,27.8439],[83.2971,27.8405],[83.2933,27.8386],[83.2927,27.8361],[83.2912,27.8352],[83.292,27.8309],[83.2878,27.827],[83.2823,27.826],[83.2776,27.8273],[83.2745,27.8264],[83.2697,27.8277],[83.2638,27.8274],[83.2583,27.83],[83.2482,27.8319],[83.2435,27.8287],[83.231,27.8233],[83.2391,27.8184],[83.2407,27.8149],[83.2428,27.8146],[83.2435,27.8114],[83.2457,27.8113],[83.2459,27.8089],[83.2478,27.8085],[83.2473,27.8054],[83.2494,27.8044],[83.2455,27.7964],[83.2454,27.7902],[83.2529,27.7901],[83.2563,27.7884],[83.2583,27.7854],[83.257,27.776],[83.258,27.7726],[83.2558,27.7705],[83.2559,27.7672],[83.2598,27.7609],[83.2598,27.7572],[83.2648,27.7562],[83.2729,27.7573],[83.2834,27.7563],[83.286,27.757],[83.2965,27.7608],[83.2995,27.766],[83.3031,27.7682],[83.305,27.7661],[83.3139,27.7625],[83.3193,27.7649],[83.3237,27.7629],[83.3275,27.7673],[83.3291,27.7674],[83.3349,27.7653],[83.3364,27.7616],[83.3395,27.7584],[83.3438,27.757],[83.3461,27.75],[83.355,27.7528],[83.3575,27.7523],[83.3625,27.7423],[83.3651,27.7412],[83.3669,27.7372],[83.3711,27.7351],[83.3732,27.735],[83.3759,27.7433],[83.3837,27.7429],[83.3851,27.747],[83.3888,27.7489],[83.3944,27.7463],[83.3995,27.7384],[83.4058,27.7348],[83.4085,27.7351],[83.4164,27.742],[83.4223,27.7399],[83.425,27.742],[83.429,27.7394],[83.4321,27.7394],[83.4333,27.7377],[83.4324,27.7351],[83.4335,27.7325],[83.4386,27.7322],[83.4426,27.7271],[83.4425,27.7244],[83.4441,27.7239],[83.448,27.727],[83.452,27.7266],[83.455,27.7282],[83.4583,27.7264],[83.4632,27.7259],[83.4699,27.7214],[83.4756,27.7215],[83.4823,27.7249],[83.4874,27.7306],[83.4929,27.7258],[83.4994,27.7296],[83.5027,27.7263],[83.5078,27.7252],[83.5138,27.7292],[83.5185,27.7259],[83.5237,27.7265],[83.5288,27.7244],[83.5312,27.7261],[83.5475,27.7168],[83.5561,27.7168],[83.5612,27.7141],[83.5672,27.7131],[83.571,27.7088],[83.578,27.7053],[83.5841,27.7051],[83.5887,27.7063],[83.5922,27.705],[83.598,27.7059],[83.6027,27.7046],[83.6091,27.7019],[83.6123,27.6961],[83.6182,27.6924],[83.6216,27.6884],[83.6235,27.6887],[83.6277,27.693],[83.633,27.6933],[83.6391,27.691],[83.6532,27.6911],[83.6542,27.6891],[83.6568,27.6884],[83.6575,27.684],[83.662,27.6795],[83.6695,27.6735],[83.6738,27.6728],[83.6751,27.671],[83.6782,27.6699],[83.6833,27.6641],[83.6895,27.663],[83.6906,27.665],[83.6926,27.6656],[83.6953,27.6622],[83.6989,27.67],[83.6994,27.6765],[83.7023,27.6793],[83.7017,27.6815],[83.7046,27.6829],[83.7007,27.6888],[83.6899,27.698],[83.6891,27.7092],[83.6828,27.7182],[83.6771,27.7186],[83.6786,27.7201],[83.6839,27.7207],[83.6916,27.7189],[83.6957,27.716],[83.7005,27.7168],[83.706,27.7154],[83.7146,27.7156],[83.7188,27.7121],[83.7213,27.712],[83.7216,27.7107],[83.7286,27.7092],[83.7323,27.7142],[83.7394,27.7151],[83.7442,27.7174],[83.7452,27.7192],[83.7511,27.721],[83.7564,27.7202],[83.7598,27.7226],[83.7638,27.7217],[83.7823,27.7251],[83.7866,27.7247],[83.7923,27.7219],[83.8014,27.7214],[83.8109,27.7144],[83.8157,27.7135],[83.8204,27.7107],[83.825,27.7141],[83.8336,27.714],[83.8386,27.711],[83.8463,27.7095],[83.8489,27.7121],[83.8445,27.7163],[83.8441,27.7273],[83.8418,27.7305],[83.845,27.7351],[83.8517,27.7333],[83.8691,27.7347],[83.8756,27.7332],[83.8768,27.7359],[83.8801,27.7335],[83.8836,27.7351],[83.8888,27.7303],[83.8931,27.7313],[83.8965,27.7301],[83.8989,27.7321],[83.9006,27.7305],[83.9031,27.7307],[83.9045,27.7357],[83.9082,27.7343],[83.9061,27.7325],[83.9066,27.7316],[83.9131,27.7311],[83.916,27.7285],[83.919,27.7296],[83.9215,27.7268],[83.9242,27.7269],[83.925,27.7307],[83.9284,27.7343],[83.9448,27.7442],[83.9465,27.7438],[83.9505,27.7475],[83.9583,27.7465],[83.9605,27.7483],[83.9657,27.747],[83.9707,27.7499],[83.9733,27.7477],[83.9768,27.7476],[83.9806,27.7495],[83.9859,27.7481],[83.9938,27.751],[83.9938,27.753],[83.9924,27.7536],[83.9929,27.7615],[83.9942,27.7665],[83.9995,27.7758],[84.0004,27.7887],[84.0068,27.7975],[84.0124,27.8013],[84.0151,27.8117],[84.0201,27.8153],[84.0201,27.818],[84.0218,27.8192],[84.025,27.8184],[84.0268,27.8206],[84.0253,27.8286],[84.0266,27.8297],[84.025,27.8353],[84.0203,27.8409],[84.0223,27.8436],[84.0225,27.8485],[84.0285,27.8565],[84.0228,27.8612],[84.0201,27.862],[84.0174,27.8614],[84.0154,27.8582],[84.0216,27.8547],[84.0226,27.8526],[84.0213,27.8513],[84.0171,27.8512],[84.0066,27.8548],[84.0004,27.8547],[83.9979,27.8561],[83.9968,27.8642],[83.9943,27.8663],[83.9785,27.8661],[83.9743,27.868],[83.9715,27.8727],[83.9681,27.8703],[83.9583,27.8731],[83.9528,27.8699],[83.9485,27.8695],[83.9448,27.8719],[83.9423,27.876],[83.94,27.8779],[83.937,27.8778],[83.9322,27.8725],[83.9248,27.8683],[83.9204,27.8716],[83.9138,27.8711],[83.9107,27.8727],[83.9103,27.8738],[83.9138,27.8778],[83.9101,27.8803],[83.8993,27.8829],[83.8924,27.8862],[83.8887,27.8854],[83.8842,27.8826],[83.881,27.8824],[83.8804,27.8874],[83.8776,27.8884],[83.8733,27.8856],[83.8611,27.8824],[83.8601,27.88],[83.8612,27.8764],[83.8604,27.8744],[83.8584,27.8736],[83.8516,27.8746],[83.851,27.8813],[83.8452,27.8817],[83.8437,27.8795],[83.8475,27.8726],[83.8455,27.8685],[83.841,27.8683],[83.8359,27.8699],[83.8209,27.8778],[83.8161,27.8742],[83.8072,27.8733],[83.8041,27.8749],[83.7974,27.8825],[83.7886,27.8855],[83.7808,27.8973],[83.7751,27.9034],[83.7623,27.91],[83.7562,27.9092],[83.7582,27.9047],[83.7571,27.9031],[83.7507,27.9071],[83.7447,27.908],[83.7425,27.9047],[83.746,27.9035],[83.7475,27.9014],[83.7463,27.8999],[83.743,27.9001],[83.7351,27.9045],[83.7336,27.9087],[83.7231,27.9139],[83.7191,27.9202],[83.711,27.9166],[83.7014,27.9185],[83.6983,27.917],[83.6894,27.9239],[83.6877,27.9229],[83.6861,27.9182],[83.6831,27.9164],[83.681,27.9174],[83.6796,27.9201],[83.682,27.9242],[83.6792,27.9266],[83.6757,27.9275],[83.67,27.9243],[83.6659,27.9198],[83.655,27.9025],[83.649,27.9024],[83.6448,27.8986],[83.641,27.9024],[83.6343,27.8994],[83.6325,27.902],[83.6315,27.9102],[83.6335,27.9142],[83.627,27.9147],[83.621,27.9177],[83.6267,27.9248],[83.6262,27.9261],[83.6204,27.9265],[83.6191,27.9293],[83.6164,27.9306],[83.6108,27.9252],[83.6007,27.9234],[83.593,27.9312],[83.5746,27.9303],[83.5734,27.9317],[83.5763,27.9351],[83.5764,27.9373],[83.571,27.9431],[83.5676,27.9404],[83.5656,27.9347],[83.5599,27.9349],[83.5528,27.9296],[83.5485,27.9281],[83.5452,27.9293],[83.5379,27.9281],[83.5363,27.9313],[83.5368,27.9371],[83.531,27.9392],[83.53,27.938],[83.5306,27.9322],[83.5237,27.9241],[83.522,27.9253],[83.5224,27.9309],[83.5161,27.9377],[83.5087,27.9408],[83.5059,27.9403],[83.5029,27.9372],[83.505,27.9345],[83.5098,27.933],[83.5059,27.9286],[83.498,27.927],[83.4905,27.9292],[83.4862,27.9238],[83.4839,27.9227],[83.4683,27.9283],[83.4605,27.9344],[83.4527,27.9327],[83.4489,27.9285],[83.4403,27.9328],[83.4407,27.9355]]]},"properties":{"DIST_EN":"Palpa","DIST_PCODE":"NP0546"}},
{"type":"Feature","geometry":{"type":"Polygon","coordinates":[[[87.9916,27.1055],[87.9893,27.1167],[87.9874,27.1194],[87.9892,27.1209],[87.9888,27.1236],[87.9908,27.126],[87.9912,27.1308],[87.9987,27.1337],[88.0007,27.1403],[88.0074,27.1433],[88.0103,27.1547],[88.0096,27.1577],[88.0111,27.1592],[88.011,27.1658],[88.0143,27.1669],[88.0194,27.1711],[88.0175,27.1739],[88.0125,27.1776],[88.0136,27.1795],[88.0139,27.1908],[88.016,27.1933],[88.016,27.1962],[88.0154,27.1999],[88.0117,27.2038],[88.0156,27.2109],[88.0122,27.2161],[88.0189,27.2251],[88.0192,27.2359],[88.0217,27.2377],[88.0248,27.2373],[88.0242,27.2421],[88.0277,27.2494],[88.0309,27.2501],[88.0306,27.2633],[88.0319,27.266],[88.0303,27.2721],[88.033,27.2814],[88.0317,27.2863],[88.0381,27.2918],[88.043,27.2917],[88.0448,27.2938],[88.041,27.3016],[88.0415,27.3044],[88.0451,27.3101],[88.0485,27.3127],[88.0494,27.3188],[88.0525,27.3246],[88.0601,27.3285],[88.0635,27.3344],[88.0666,27.336],[88.0647,27.3414],[88.0618,27.3442],[88.0576,27.3557],[88.0494,27.3594],[88.042,27.3699],[88.0417,27.3721],[88.045,27.3801],[88.0448,27.39],[88.0459,27.3958],[88.0484,27.4009],[88.0469,27.4055],[88.0495,27.4072],[88.0506,27.413],[88.0554,27.4182],[88.0581,27.4185],[88.0671,27.4253],[88.0801,27.4268],[88.0802,27.4299],[88.0786,27.4321],[88.0728,27.434],[88.068,27.4384],[88.0501,27.427],[88.0343,27.4092],[88.025,27.3893],[88.0234,27.3781],[88.0182,27.3661],[88.0192,27.3617],[88.0175,27.3543],[88.0131,27.3504],[88.0127,27.3472],[88.01,27.3461],[88.0102,27.3429],[88.005,27.337],[88.0034,27.3328],[88.0038,27.3291],[87.995,27.3241],[87.991,27.3242],[87.9873,27.3191],[87.9863,27.3193],[87.9818,27.3147],[87.9823,27.3124],[87.9806,27.3093],[87.976,27.3059],[87.974,27.3016],[87.9685,27.3007],[87.9681,27.2984],[87.9592,27.2916],[87.9594,27.2886],[87.9504,27.2827],[87.9473,27.2833],[87.9388,27.2806],[87.9378,27.2808],[87.9379,27.2823],[87.935,27.282],[87.9329,27.2835],[87.9251,27.2807],[87.9233,27.2824],[87.9188,27.2827],[87.9172,27.2861],[87.9144,27.2845],[87.9105,27.2856],[87.9061,27.2845],[87.9031,27.2866],[87.901,27.2857],[87.8944,27.2865],[87.8913,27.2845],[87.8921,27.283],[87.8913,27.2821],[87.8896,27.2822],[87.888,27.2841],[87.8842,27.2809],[87.8833,27.2825],[87.8818,27.2815],[87.8804,27.2842],[87.8759,27.2819],[87.8751,27.2801],[87.8738,27.282],[87.8724,27.28],[87.8696,27.2791],[87.8615,27.2797],[87.8612,27.2817],[87.8526,27.2859],[87.8484,27.2851],[87.8397,27.2862],[87.824,27.2805],[87.8202,27.2807],[87.8179,27.279],[87.8082,27.276],[87.8031,27.2766],[87.7999,27.2757],[87.7971,27.2769],[87.781,27.2727],[87.7767,27.2734],[87.7737,27.2757],[87.7679,27.2763],[87.7655,27.2796],[87.7553,27.281],[87.7452,27.2778],[87.738,27.2803],[87.7318,27.2787],[87.7242,27.2862],[87.7166,27.2856],[87.7133,27.2872],[87.7093,27.2865],[87.7067,27.2886],[87.6962,27.2914],[87.6939,27.2892],[87.6898,27.289],[87.6883,27.2879],[87.6873,27.2834],[87.682,27.2798],[87.6799,27.2711],[87.681,27.2675],[87.686,27.262],[87.7041,27.2535],[87.7084,27.2483],[87.7157,27.2437],[87.7232,27.242],[87.7275,27.2357],[87.7334,27.2347],[87.7392,27.2278],[87.7461,27.2244],[87.7514,27.2176],[87.7514,27.2082],[87.7446,27.1991],[87.7395,27.1981],[87.7368,27.1955],[87.7274,27.1933],[87.718,27.1876],[87.7136,27.1809],[87.711,27.1716],[87.7112,27.157],[87.706,27.1505],[87.7024,27.1497],[87.6996,27.1468],[87.6951,27.1471],[87.6921,27.1433],[87.6876,27.1442],[87.6837,27.1419],[87.6758,27.1425],[87.6715,27.1383],[87.6653,27.1367],[87.6632,27.1329],[87.6509,27.1309],[87.6449,27.1327],[87.6457,27.1288],[87.6448,27.1267],[87.6433,27.1254],[87.6376,27.1241],[87.6342,27.1187],[87.6314,27.1193],[87.629,27.1184],[87.622,27.1131],[87.6124,27.1125],[87.6081,27.1076],[87.6034,27.1079],[87.5891,27.0996],[87.5832,27.0897],[87.5773,27.0851],[87.5748,27.0783],[87.5712,27.0758],[87.5703,27.0698],[87.566,27.067],[87.5624,27.0616],[87.5559,27.0591],[87.5504,27.0538],[87.5431,27.0515],[87.5369,27.0454],[87.5362,27.0419],[87.5331,27.0384],[87.5329,27.0351],[87.5347,27.0337],[87.5394,27.0338],[87.5412,27.0308],[87.5422,27.0239],[87.5416,27.0216],[87.5391,27.0208],[87.5361,27.017],[87.536,27.0136],[87.5201,27.0026],[87.5115,26.9907],[87.5044,26.988],[87.5007,26.9841],[87.4955,26.984],[87.4926,26.9854],[87.4958,26.9782],[87.5027,26.9717],[87.5064,26.9716],[87.5123,26.9651],[87.5165,26.9649],[87.5182,26.963],[87.5238,26.961],[87.5264,26.9576],[87.5255,26.9392],[87.5243,26.9384],[87.5244,26.9362],[87.5209,26.9346],[87.524,26.9299],[87.5224,26.9257],[87.5276,26.9206],[87.5269,26.9185],[87.531,26.9139],[87.5309,26.9111],[87.5287,26.909],[87.5318,26.902],[87.5222,26.8849],[87.5301,26.8849],[87.5408,26.8873],[87.5443,26.8892],[87.5515,26.8848],[87.5597,26.8849],[87.5629,26.8827],[87.5673,26.8721],[87.5746,26.8713],[87.576,26.8659],[87.5801,26.8614],[87.5837,26.8599],[87.5881,26.862],[87.5996,26.8622],[87.6099,26.862],[87.6118,26.8637],[87.6143,26.8625],[87.6164,26.8633],[87.626,26.8619],[87.6311,26.8627],[87.6367,26.8607],[87.6414,26.8624],[87.6471,26.868],[87.6545,26.8684],[87.6667,26.8733],[87.6703,26.8736],[87.6743,26.8769],[87.6883,26.8811],[87.6894,26.8921],[87.6886,26.8945],[87.6903,26.8998],[87.6941,26.9077],[87.6983,26.9119],[87.694,26.9226],[87.6956,26.9254],[87.7063,26.9293],[87.6982,26.9362],[87.6887,26.9414],[87.6856,26.9451],[87.6803,26.9468],[87.6803,26.9485],[87.6772,26.9521],[87.6805,26.9538],[87.6836,26.9626],[87.6902,26.9747],[87.6922,26.976],[87.6974,26.9761],[87.7027,26.9795],[87.7047,26.9813],[87.7056,26.9859],[87.7186,27.0004],[87.7263,27.0023],[87.7327,27.0064],[87.7395,27.0197],[87.7447,27.0214],[87.7547,27.0204],[87.7641,27.0132],[87.7713,27.0144],[87.778,27.0129],[87.7968,27.0272],[87.8176,27.0339],[87.8247,27.0414],[87.841,27.0477],[87.8454,27.0559],[87.8522,27.0626],[87.8585,27.0619],[87.8616,27.063],[87.8653,27.0678],[87.8732,27.0716],[87.8747,27.0755],[87.8806,27.0779],[87.8813,27.0823],[87.8839,27.0839],[87.8899,27.0846],[87.8955,27.0926],[87.8999,27.093],[87.9011,27.0916],[87.9049,27.0939],[87.9145,27.0944],[87.9177,27.0998],[87.9187,27.0991],[87.9276,27.1026],[87.9363,27.1001],[87.9388,27.1015],[87.9396,27.0996],[87.9437,27.0996],[87.9453,27.1006],[87.9458,27.1034],[87.9518,27.1062],[87.9605,27.1035],[87.9622,27.1011],[87.9741,27.1039],[87.9809,27.102],[87.9854,27.1033],[87.9881,27.1056],[87.9916,27.1055]]]},"properties":{"DIST_EN":"Panchthar","DIST_PCODE":"NP0102"}},
{"type":"Feature","geometry":{"type":"Polygon","coordinates":[[[83.7006,28.3986],[83.6992,28.3998],[83.6914,28.3977],[83.688,28.3988],[83.6885,28.3976],[83.6829,28.3897],[83.6823,28.3846],[83.6782,28.3788],[83.6795,28.3714],[83.6745,28.3672],[83.6737,28.3624],[83.6709,28.3602],[83.6695,28.356],[83.6656,28.3512],[83.6639,28.3495],[83.659,28.3482],[83.6499,28.3523],[83.6496,28.3565],[83.646,28.3577],[83.643,28.3608],[83.6389,28.3624],[83.6375,28.3649],[83.6341,28.3662],[83.633,28.3695],[83.6289,28.3744],[83.6267,28.3809],[83.6142,28.3839],[83.5974,28.3916],[83.5928,28.3915],[83.584,28.3808],[83.5785,28.379],[83.5758,28.3772],[83.5755,28.3755],[83.5697,28.3745],[83.5696,28.3712],[83.5667,28.3663],[83.5654,28.3572],[83.5687,28.349],[83.5683,28.3411],[83.5731,28.3403],[83.575,28.3342],[83.5821,28.3299],[83.5909,28.3217],[83.5922,28.3183],[83.5972,28.3153],[83.5974,28.3127],[83.6008,28.3088],[83.6016,28.2985],[83.6023,28.2971],[83.6002,28.2912],[83.601,28.2882],[83.6077,28.285],[83.605,28.2788],[83.6052,28.2708],[83.606,28.2689],[83.6107,28.2669],[83.609,28.2619],[83.61,28.2591],[83.6161,28.2578],[83.6175,28.2538],[83.6234,28.2505],[83.6296,28.2505],[83.6306,28.2465],[83.6353,28.2466],[83.6486,28.2376],[83.6574,28.2374],[83.6606,28.2304],[83.6652,28.2314],[83.6677,28.2308],[83.6691,28.2265],[83.6727,28.2234],[83.6746,28.2147],[83.6692,28.2096],[83.6717,28.2057],[83.6712,28.204],[83.6639,28.1988],[83.6593,28.1987],[83.6583,28.1941],[83.6554,28.1938],[83.6517,28.1867],[83.6481,28.1863],[83.6451,28.1777],[83.6397,28.1753],[83.6439,28.167],[83.6372,28.161],[83.6365,28.1588],[83.6382,28.1543],[83.6339,28.151],[83.6375,28.1473],[83.6366,28.1403],[83.6393,28.1368],[83.6331,28.1322],[83.6333,28.1279],[83.63,28.1229],[83.623,28.1216],[83.6096,28.1126],[83.6048,28.1106],[83.6044,28.1076],[83.6015,28.1032],[83.6005,28.0952],[83.5921,28.087],[83.5895,28.0809],[83.586,28.0801],[83.5813,28.0814],[83.5807,28.0775],[83.5725,28.0737],[83.5674,28.065],[83.561,28.0644],[83.564,28.0581],[83.5592,28.0436],[83.56,28.0422],[83.564,28.0407],[83.5616,28.0358],[83.5704,28.0327],[83.5746,28.0326],[83.5784,28.034],[83.5838,28.0265],[83.5901,28.026],[83.5912,28.0216],[83.5959,28.0212],[83.5988,28.0152],[83.6033,28.014],[83.6049,28.0121],[83.6074,28.0102],[83.6105,28.0126],[83.615,28.0119],[83.6184,28.0091],[83.6233,28.0085],[83.6271,28.0055],[83.6274,28.012],[83.6311,28.016],[83.6351,28.0177],[83.6382,28.0183],[83.6461,28.0134],[83.6559,28.0118],[83.6654,28.015],[83.6711,28.0149],[83.6727,28.0186],[83.6751,28.0175],[83.6785,28.0183],[83.6862,28.0228],[83.6891,28.029],[83.6936,28.027],[83.6979,28.033],[83.6942,28.034],[83.6912,28.0327],[83.6903,28.0368],[83.6885,28.0383],[83.6912,28.0399],[83.6924,28.0394],[83.6939,28.0417],[83.6933,28.0438],[83.6943,28.0455],[83.6917,28.0474],[83.694,28.0524],[83.7024,28.0527],[83.7127,28.0637],[83.711,28.0736],[83.7084,28.0761],[83.7089,28.0818],[83.7106,28.0832],[83.7036,28.0903],[83.7118,28.0894],[83.7174,28.0901],[83.7204,28.093],[83.7229,28.098],[83.727,28.1013],[83.73,28.1015],[83.7281,28.104],[83.7193,28.1088],[83.7152,28.1135],[83.7053,28.1185],[83.7068,28.1196],[83.7085,28.125],[83.7079,28.1283],[83.709,28.1307],[83.712,28.1335],[83.7186,28.1357],[83.7308,28.1481],[83.7478,28.1487],[83.7559,28.1461],[83.7595,28.1462],[83.7644,28.1545],[83.7645,28.158],[83.7604,28.1639],[83.7623,28.1648],[83.766,28.1707],[83.7619,28.1734],[83.7575,28.182],[83.7563,28.1903],[83.7642,28.1921],[83.7722,28.1985],[83.7772,28.1996],[83.7833,28.1969],[83.7841,28.1991],[83.7867,28.1993],[83.7878,28.2029],[83.7918,28.204],[83.7994,28.2091],[83.8036,28.2213],[83.8048,28.2216],[83.8068,28.2195],[83.8093,28.22],[83.7984,28.2286],[83.8104,28.2414],[83.8164,28.2449],[83.8225,28.2507],[83.8207,28.2602],[83.8071,28.2619],[83.8009,28.2607],[83.7956,28.2635],[83.7919,28.2634],[83.7901,28.2655],[83.7827,28.2674],[83.7782,28.2704],[83.7764,28.2681],[83.7656,28.2739],[83.7672,28.2776],[83.7741,28.2829],[83.7745,28.2854],[83.7729,28.2872],[83.7616,28.2929],[83.765,28.2988],[83.7678,28.3005],[83.769,28.3036],[83.7705,28.3038],[83.7745,28.3091],[83.7718,28.3117],[83.768,28.3121],[83.7613,28.316],[83.7584,28.3214],[83.7558,28.3234],[83.7466,28.3276],[83.7392,28.3368],[83.7391,28.3413],[83.7377,28.3432],[83.7261,28.349],[83.7276,28.3565],[83.7209,28.3622],[83.7186,28.3683],[83.7198,28.3722],[83.7231,28.3753],[83.718,28.3764],[83.7178,28.3778],[83.7149,28.379],[83.7051,28.3879],[83.7044,28.3929],[83.7006,28.3986]]]},"properties":{"DIST_EN":"Parbat","DIST_PCODE":"NP0442"}},
{"type":"Feature","geometry":{"type":"Polygon","coordinates":[[[84.6648,27.4295],[84.6628,27.4297],[84.6617,27.433],[84.6586,27.4321],[84.6564,27.4327],[84.6507,27.4298],[84.6468,27.4293],[84.6454,27.4344],[84.6435,27.4366],[84.643,27.4429],[84.6397,27.4445],[84.6349,27.4445],[84.6283,27.4509],[84.6229,27.4498],[84.6218,27.452],[84.6204,27.4512],[84.61,27.4521],[84.6068,27.4543],[84.6013,27.4511],[84.5974,27.4545],[84.5911,27.4533],[84.5848,27.4565],[84.5824,27.4565],[84.5819,27.4544],[84.5759,27.454],[84.5735,27.4563],[84.5731,27.4589],[84.5678,27.4605],[84.5653,27.4632],[84.5617,27.463],[84.5578,27.4589],[84.5583,27.4552],[84.5566,27.4512],[84.5575,27.449],[84.556,27.4418],[84.5513,27.4372],[84.5508,27.4327],[84.5478,27.4268],[84.5484,27.418],[84.5434,27.418],[84.5417,27.4195],[84.5388,27.4184],[84.5367,27.4154],[84.5325,27.4144],[84.5344,27.4124],[84.545,27.41],[84.5462,27.4082],[84.5469,27.4047],[84.5459,27.4038],[84.5375,27.4038],[84.5347,27.4018],[84.5355,27.3925],[84.5397,27.3859],[84.5325,27.384],[84.5305,27.3811],[84.5199,27.3841],[84.5117,27.3826],[84.51,27.3808],[84.5041,27.3812],[84.5026,27.38],[84.5017,27.3766],[84.4953,27.3767],[84.4926,27.3729],[84.4878,27.3714],[84.4875,27.3694],[84.4839,27.3661],[84.4859,27.3586],[84.5024,27.3558],[84.5037,27.3547],[84.5108,27.3545],[84.5146,27.3529],[84.5208,27.3537],[84.5336,27.3502],[84.565,27.3476],[84.5865,27.3414],[84.6016,27.3388],[84.6078,27.3355],[84.6097,27.3367],[84.6184,27.3379],[84.6224,27.3364],[84.648,27.2979],[84.6819,27.2367],[84.6857,27.2291],[84.6852,27.2265],[84.687,27.2241],[84.6896,27.2235],[84.6895,27.2183],[84.691,27.215],[84.6877,27.2151],[84.6868,27.2133],[84.6847,27.2131],[84.6873,27.2092],[84.6805,27.2007],[84.6836,27.1966],[84.6819,27.1885],[84.6792,27.1857],[84.6816,27.1859],[84.6814,27.1835],[84.6838,27.1843],[84.6836,27.1821],[84.6854,27.1809],[84.6815,27.1801],[84.6837,27.178],[84.6753,27.171],[84.6761,27.1697],[84.6799,27.1703],[84.6809,27.1689],[84.6802,27.1674],[84.6774,27.1665],[84.6769,27.1626],[84.6815,27.1593],[84.6844,27.1609],[84.6868,27.1586],[84.6823,27.1543],[84.6825,27.1527],[84.6804,27.1521],[84.6832,27.15],[84.6836,27.1437],[84.6801,27.136],[84.6774,27.1334],[84.6792,27.1328],[84.6778,27.1294],[84.6789,27.1275],[84.6775,27.1245],[84.6756,27.1235],[84.6753,27.1209],[84.677,27.1192],[84.677,27.1152],[84.6727,27.1141],[84.6699,27.1105],[84.671,27.1073],[84.6748,27.1088],[84.6737,27.1071],[84.6756,27.1033],[84.6747,27.0965],[84.6738,27.0958],[84.6699,27.0982],[84.6676,27.0936],[84.6648,27.0947],[84.6645,27.0926],[84.6669,27.093],[84.6704,27.091],[84.6686,27.0899],[84.6665,27.0906],[84.6661,27.0877],[84.6632,27.0893],[84.6648,27.0864],[84.6629,27.0869],[84.6615,27.0852],[84.6587,27.0845],[84.6578,27.0826],[84.6552,27.0844],[84.6541,27.082],[84.6584,27.0812],[84.6583,27.0796],[84.6579,27.0805],[84.6561,27.0792],[84.653,27.0808],[84.6531,27.0777],[84.6521,27.0785],[84.6497,27.0773],[84.6487,27.0748],[84.6476,27.0766],[84.6463,27.0756],[84.6474,27.0712],[84.6435,27.066],[84.6453,27.064],[84.643,27.0597],[84.6458,27.0587],[84.6446,27.0563],[84.6463,27.0514],[84.6432,27.0511],[84.6444,27.0491],[84.6428,27.0486],[84.6428,27.0465],[84.6799,27.0323],[84.7014,27.0271],[84.7096,27.0215],[84.7141,27.0215],[84.7214,27.0144],[84.7276,27.0136],[84.7297,27.015],[84.7568,27.0029],[84.7606,27.0052],[84.7647,27.013],[84.7731,27.0179],[84.7826,27.0142],[84.7842,27.0081],[84.7853,27.0081],[84.7858,27.011],[84.7868,27.009],[84.7888,27.009],[84.787,27.0055],[84.7878,27.0032],[84.7863,26.9986],[84.7884,26.9989],[84.7884,26.9973],[84.7895,26.9972],[84.7909,26.9997],[84.792,26.9981],[84.7909,26.9984],[84.7906,26.9974],[84.7936,26.9959],[84.7971,27.0042],[84.7991,27.0036],[84.8003,27.0008],[84.8014,27.0044],[84.8083,27.0078],[84.8069,27.0083],[84.8068,27.0106],[84.8081,27.0122],[84.8099,27.011],[84.8109,27.0139],[84.8101,27.0151],[84.8076,27.0138],[84.8069,27.0147],[84.8091,27.0183],[84.8106,27.0184],[84.8109,27.0162],[84.8124,27.0159],[84.8121,27.0208],[84.8135,27.0183],[84.8168,27.0209],[84.8256,27.021],[84.8385,27.0141],[84.8547,27.0083],[84.8553,27.0073],[84.8529,27.0061],[84.8512,27.0031],[84.8526,27.0018],[84.8518,26.9995],[84.8501,26.9983],[84.8544,26.9989],[84.8579,26.9977],[84.8568,26.9965],[84.858,26.9953],[84.8577,26.9927],[84.8549,26.9926],[84.8574,26.9907],[84.8554,26.9883],[84.8558,26.9868],[84.859,26.9892],[84.8589,26.988],[84.8662,26.9838],[84.8684,26.9881],[84.8672,26.9889],[84.8707,26.989],[84.8741,26.9868],[84.8791,26.9897],[84.8806,26.9894],[84.8803,26.992],[84.8866,26.994],[84.8888,26.9982],[84.8911,26.9994],[84.8906,27.0012],[84.8936,27.0022],[84.8949,27.0045],[84.8977,27.0046],[84.9013,27.0109],[84.9029,27.0105],[84.9035,27.0122],[84.9057,27.0125],[84.9063,27.0144],[84.9113,27.0182],[84.9101,27.0221],[84.9134,27.0251],[84.9148,27.0312],[84.9167,27.0321],[84.9173,27.0344],[84.9017,27.0323],[84.8992,27.0334],[84.9021,27.0401],[84.9001,27.0461],[84.9176,27.0726],[84.9313,27.0687],[84.9358,27.071],[84.936,27.0747],[84.9287,27.0769],[84.9282,27.0807],[84.9259,27.0822],[84.9275,27.0836],[84.9242,27.0839],[84.9283,27.0897],[84.9334,27.0904],[84.9345,27.0923],[84.9362,27.0915],[84.9394,27.0939],[84.9403,27.0932],[84.9387,27.0967],[84.9397,27.1002],[84.9386,27.104],[84.9417,27.1061],[84.9408,27.1082],[84.9416,27.1114],[84.9462,27.114],[84.9473,27.1163],[84.9514,27.119],[84.9522,27.1227],[84.9538,27.1236],[84.955,27.1269],[84.9536,27.1309],[84.9552,27.135],[84.9468,27.1412],[84.951,27.1481],[84.951,27.1512],[84.9525,27.1518],[84.9492,27.1569],[84.9506,27.1615],[84.9486,27.1618],[84.9465,27.16],[84.9447,27.164],[84.9489,27.1729],[84.9487,27.18],[84.9523,27.1864],[84.9532,27.191],[84.9584,27.1938],[84.9599,27.1965],[84.9603,27.2013],[84.959,27.2048],[84.9639,27.2189],[84.9646,27.2246],[84.9635,27.232],[84.9652,27.2444],[84.9688,27.2503],[84.9729,27.2642],[84.9722,27.2716],[84.9679,27.2787],[84.9627,27.2844],[84.9576,27.3003],[84.9586,27.3074],[84.9627,27.3099],[84.9623,27.3124],[84.9677,27.3132],[84.9676,27.3188],[84.969,27.32],[84.9648,27.3277],[84.964,27.3361],[84.967,27.3407],[84.9662,27.3437],[84.9677,27.3491],[84.9669,27.351],[84.9695,27.3563],[84.9656,27.3586],[84.9642,27.3637],[84.9567,27.3592],[84.9556,27.3611],[84.9538,27.3615],[84.9564,27.364],[84.9537,27.3666],[84.9513,27.367],[84.9494,27.3623],[84.945,27.3602],[84.9454,27.3624],[84.941,27.3632],[84.9409,27.3658],[84.9359,27.3665],[84.9334,27.3646],[84.931,27.3658],[84.9262,27.3643],[84.9217,27.3707],[84.9142,27.3728],[84.9085,27.3773],[84.9064,27.3774],[84.9013,27.3747],[84.8978,27.3793],[84.8967,27.3855],[84.8937,27.3873],[84.8913,27.3873],[84.8899,27.3893],[84.8819,27.3881],[84.8785,27.3933],[84.8786,27.3963],[84.8715,27.3993],[84.8641,27.397],[84.8583,27.3986],[84.8519,27.3986],[84.8504,27.4029],[84.8513,27.404],[84.8476,27.4086],[84.8456,27.4092],[84.8441,27.412],[84.8409,27.4121],[84.8404,27.4148],[84.8377,27.4144],[84.8337,27.4177],[84.8298,27.4163],[84.8256,27.4196],[84.8194,27.4195],[84.8155,27.419],[84.8133,27.4168],[84.8101,27.416],[84.8092,27.4245],[84.7999,27.4302],[84.7974,27.4328],[84.7972,27.4353],[84.7909,27.4378],[84.7862,27.4369],[84.7845,27.4353],[84.78,27.4351],[84.7744,27.4388],[84.7703,27.4389],[84.7684,27.4371],[84.7653,27.438],[84.7613,27.4369],[84.7583,27.4376],[84.7553,27.4357],[84.7488,27.4378],[84.7433,27.4421],[84.7395,27.4405],[84.7381,27.4424],[84.7345,27.4421],[84.7347,27.4443],[84.7261,27.4447],[84.7247,27.4415],[84.7208,27.4377],[84.7189,27.4313],[84.7133,27.4325],[84.7096,27.4317],[84.7049,27.433],[84.7008,27.432],[84.6899,27.4325],[84.6779,27.4294],[84.6648,27.4295]]]},"properties":{"DIST_EN":"Parsa","DIST_PCODE":"NP0234"}},
{"type":"Feature","geometry":{"type":"Polygon","coordinates":[[[82.9547,28.3602],[82.947,28.3626],[82.9409,28.362],[82.9333,28.352],[82.9273,28.3487],[82.9252,28.3436],[82.9263,28.3411],[82.9251,28.3332],[82.9226,28.3293],[82.9204,28.3217],[82.9181,28.3191],[82.9139,28.3178],[82.9106,28.3143],[82.9042,28.3112],[82.9017,28.3071],[82.8996,28.2991],[82.8962,28.2974],[82.8943,28.2949],[82.891,28.2954],[82.8878,28.2933],[82.8868,28.2911],[82.889,28.2861],[82.8889,28.2776],[82.8834,28.2711],[82.879,28.2678],[82.8761,28.2674],[82.8724,28.2638],[82.8683,28.2631],[82.8611,28.2577],[82.8559,28.2579],[82.8486,28.2558],[82.8527,28.2401],[82.8524,28.2356],[82.8495,28.2318],[82.846,28.2327],[82.8388,28.2311],[82.8363,28.2259],[82.8294,28.2201],[82.817,28.2145],[82.8165,28.2135],[82.8248,28.2056],[82.8255,28.1997],[82.8153,28.1881],[82.8122,28.1867],[82.8048,28.1864],[82.7931,28.1886],[82.7866,28.1779],[82.7801,28.1777],[82.7684,28.1809],[82.7584,28.1799],[82.7526,28.1905],[82.7495,28.1927],[82.7456,28.1928],[82.746,28.1964],[82.7423,28.1982],[82.7409,28.2003],[82.7352,28.2011],[82.733,28.2075],[82.7284,28.2063],[82.7259,28.2082],[82.7123,28.2098],[82.7052,28.2076],[82.6962,28.2116],[82.6952,28.2066],[82.6968,28.2056],[82.6964,28.2037],[82.6903,28.1993],[82.6891,28.1941],[82.684,28.1859],[82.6817,28.1876],[82.6823,28.1928],[82.6725,28.1907],[82.6697,28.1916],[82.6652,28.1889],[82.6623,28.191],[82.6579,28.1908],[82.6526,28.1873],[82.6498,28.1869],[82.6486,28.1853],[82.6416,28.1836],[82.6389,28.1808],[82.6252,28.1786],[82.6247,28.1766],[82.6223,28.1748],[82.6189,28.1749],[82.6135,28.17],[82.6104,28.1585],[82.607,28.152],[82.6025,28.1505],[82.6,28.1482],[82.5902,28.1475],[82.5885,28.1401],[82.6008,28.1313],[82.6043,28.1309],[82.6041,28.1278],[82.6054,28.1268],[82.6074,28.1195],[82.6061,28.1093],[82.6068,28.103],[82.6004,28.0937],[82.6106,28.0916],[82.6125,28.088],[82.6169,28.085],[82.6223,28.0767],[82.6249,28.0749],[82.6253,28.0699],[82.6306,28.0707],[82.6398,28.069],[82.6482,28.0652],[82.6494,28.0636],[82.6536,28.0635],[82.6564,28.0601],[82.6601,28.0601],[82.6678,28.057],[82.6698,28.0585],[82.6737,28.0548],[82.6767,28.0551],[82.6852,28.0512],[82.6899,28.0508],[82.6912,28.0524],[82.6954,28.0518],[82.7046,28.0532],[82.711,28.0511],[82.7157,28.0476],[82.7187,28.0473],[82.7102,28.0404],[82.7088,28.0365],[82.7029,28.0356],[82.6995,28.0302],[82.6973,28.0296],[82.6967,28.0226],[82.6948,28.0206],[82.6964,28.0141],[82.7054,28.0059],[82.7113,28.0031],[82.7215,28.0021],[82.7319,27.9928],[82.7414,27.9902],[82.7419,27.9867],[82.745,27.9823],[82.745,27.9769],[82.7465,27.9747],[82.7489,27.9762],[82.757,27.9777],[82.7627,27.9769],[82.7601,27.9728],[82.7596,27.9695],[82.7661,27.9681],[82.7662,27.9628],[82.7579,27.9545],[82.7515,27.9438],[82.7537,27.9426],[82.7565,27.9454],[82.7576,27.9437],[82.7644,27.9413],[82.7652,27.9383],[82.7697,27.9344],[82.7757,27.9259],[82.7693,27.9215],[82.7715,27.9179],[82.7706,27.9077],[82.7716,27.9038],[82.7745,27.8998],[82.7743,27.8937],[82.7768,27.8932],[82.778,27.8972],[82.7801,27.8973],[82.7825,27.8916],[82.7871,27.8924],[82.7888,27.8885],[82.7909,27.8911],[82.79,27.8882],[82.7912,27.8809],[82.7944,27.8806],[82.7974,27.8821],[82.7999,27.8784],[82.8033,27.8788],[82.8052,27.8778],[82.8062,27.88],[82.813,27.8851],[82.8146,27.89],[82.8206,27.8969],[82.8206,27.9002],[82.8247,27.9058],[82.8351,27.9067],[82.8484,27.9012],[82.8547,27.9048],[82.8614,27.9038],[82.8627,27.9079],[82.8675,27.9096],[82.8737,27.9025],[82.877,27.9012],[82.8797,27.9035],[82.8807,27.9065],[82.8881,27.9067],[82.8907,27.9122],[82.8952,27.9142],[82.8988,27.9119],[82.9005,27.9086],[82.9034,27.9088],[82.9119,27.9046],[82.9158,27.9042],[82.9182,27.9051],[82.92,27.9089],[82.9253,27.913],[82.9256,27.9171],[82.9286,27.9227],[82.9393,27.9264],[82.943,27.9311],[82.9528,27.9299],[82.9549,27.9277],[82.9605,27.9267],[82.9618,27.9286],[82.9631,27.9286],[82.9688,27.9263],[82.9727,27.9283],[82.9771,27.9265],[82.9839,27.9302],[82.9885,27.9255],[82.9908,27.9261],[82.9922,27.9302],[82.9981,27.9326],[83.0026,27.9292],[83.0042,27.9322],[83.0089,27.925],[83.01,27.9201],[83.0143,27.9227],[83.0159,27.9283],[83.0131,27.9326],[83.0159,27.9368],[83.0129,27.9419],[83.0178,27.9475],[83.0145,27.9491],[83.0174,27.9523],[83.0161,27.9544],[83.0168,27.9565],[83.0108,27.9627],[83.0082,27.9677],[83.0018,27.9701],[82.9993,27.9752],[82.9997,27.9778],[82.9981,27.9787],[82.9942,27.9761],[82.9894,27.9767],[82.986,27.9816],[82.9828,27.9812],[82.98,27.9835],[82.9758,27.9843],[82.9751,27.9865],[82.9766,27.9892],[82.9737,27.992],[82.9682,27.9935],[82.9664,27.9889],[82.9643,27.9881],[82.964,27.9897],[82.9612,27.9917],[82.9525,27.9937],[82.9547,27.9979],[82.9582,27.9995],[82.9609,27.9992],[82.9639,28.001],[82.9656,28.0038],[82.9687,28.003],[82.9683,28.0062],[82.9735,28.0064],[82.972,28.0145],[82.9746,28.0148],[82.9743,28.0179],[82.9763,28.0198],[82.9748,28.0313],[82.9723,28.0332],[82.9704,28.0384],[82.9652,28.0407],[82.9609,28.0411],[82.9616,28.0463],[82.9645,28.053],[82.9688,28.0545],[82.9751,28.0615],[82.9757,28.0668],[82.9851,28.0739],[82.9933,28.0909],[82.9955,28.0917],[82.997,28.0947],[83.002,28.0959],[83.002,28.1041],[83.0001,28.1085],[83.0021,28.1138],[83.0039,28.112],[83.0098,28.1114],[83.0126,28.108],[83.0214,28.1053],[83.0271,28.0997],[83.0294,28.0991],[83.0342,28.1008],[83.0398,28.1055],[83.0425,28.1011],[83.0452,28.101],[83.0505,28.1062],[83.0508,28.1087],[83.0483,28.1108],[83.051,28.1116],[83.0539,28.1151],[83.0533,28.1211],[83.0591,28.1269],[83.0582,28.1302],[83.053,28.1347],[83.0516,28.1395],[83.0495,28.1407],[83.0518,28.1427],[83.0552,28.1408],[83.0569,28.1453],[83.0555,28.1447],[83.0546,28.1457],[83.0533,28.1478],[83.0537,28.1498],[83.051,28.1504],[83.0487,28.1526],[83.0409,28.1542],[83.0429,28.1564],[83.0385,28.1561],[83.0369,28.1577],[83.037,28.1606],[83.0416,28.1661],[83.0422,28.1687],[83.035,28.1682],[83.0295,28.1749],[83.0332,28.1756],[83.0337,28.1809],[83.0362,28.1858],[83.0372,28.1922],[83.0352,28.1963],[83.0357,28.2015],[83.0344,28.2038],[83.0371,28.2033],[83.0338,28.2065],[83.0277,28.2196],[83.0266,28.2252],[83.0284,28.2318],[83.0271,28.2362],[83.0219,28.2349],[83.0252,28.2385],[83.0298,28.241],[83.0384,28.2405],[83.043,28.2432],[83.0516,28.2437],[83.0632,28.2418],[83.0707,28.2392],[83.0778,28.2337],[83.0826,28.2433],[83.0851,28.2463],[83.0887,28.248],[83.0936,28.257],[83.0955,28.269],[83.0975,28.2738],[83.0971,28.2772],[83.0923,28.278],[83.0852,28.2892],[83.0788,28.2915],[83.0759,28.2977],[83.0694,28.3019],[83.0688,28.3114],[83.0616,28.3177],[83.0513,28.319],[83.0442,28.3247],[83.0401,28.3223],[83.0338,28.3217],[83.0241,28.3252],[83.019,28.3254],[83.0129,28.3329],[83.01,28.3337],[83.0042,28.3327],[83.0006,28.3372],[82.994,28.351],[82.9869,28.3544],[82.9801,28.3594],[82.9671,28.3577],[82.9613,28.3598],[82.9547,28.3602]]]},"properties":{"DIST_EN":"Pyuthan","DIST_PCODE":"NP0555"}},
{"type":"Feature","geometry":{"type":"Polygon","coordinates":[[[86.5424,27.8112],[86.5407,27.8086],[86.5381,27.8074],[86.5247,27.8058],[86.5193,27.8075],[86.5107,27.8064],[86.5033,27.809],[86.5001,27.8134],[86.4985,27.8138],[86.4867,27.8089],[86.4802,27.8116],[86.4789,27.821],[86.4737,27.8214],[86.4704,27.8262],[86.4614,27.8232],[86.456,27.8235],[86.45,27.8325],[86.4387,27.8284],[86.4293,27.815],[86.4229,27.8148],[86.4197,27.8135],[86.4193,27.8036],[86.4165,27.8012],[86.4179,27.7983],[86.4175,27.7942],[86.4149,27.792],[86.4107,27.7907],[86.4221,27.7857],[86.4131,27.7749],[86.4119,27.7702],[86.414,27.7672],[86.4103,27.7608],[86.4126,27.7514],[86.4111,27.75],[86.4105,27.7466],[86.4172,27.7427],[86.423,27.7412],[86.4271,27.737],[86.4276,27.7332],[86.4254,27.7229],[86.4206,27.7156],[86.4091,27.719],[86.4066,27.7168],[86.3966,27.7123],[86.3908,27.7069],[86.3816,27.7013],[86.3782,27.6938],[86.3758,27.6924],[86.3625,27.6917],[86.3519,27.694],[86.345,27.6863],[86.3393,27.6833],[86.336,27.6759],[86.3333,27.6732],[86.333,27.6668],[86.3302,27.6614],[86.3168,27.6487],[86.3117,27.646],[86.3064,27.6352],[86.306,27.6273],[86.3022,27.6187],[86.303,27.6158],[86.3004,27.6148],[86.2986,27.6104],[86.2949,27.609],[86.2888,27.6034],[86.2863,27.6029],[86.2815,27.6042],[86.2755,27.5983],[86.2689,27.5951],[86.2608,27.5983],[86.2585,27.5953],[86.2485,27.593],[86.2469,27.5909],[86.2384,27.5892],[86.2357,27.5864],[86.2245,27.5851],[86.2218,27.5832],[86.2179,27.5835],[86.2155,27.5818],[86.2103,27.5823],[86.2083,27.581],[86.2028,27.5804],[86.1963,27.5743],[86.1919,27.572],[86.1844,27.5591],[86.1765,27.5554],[86.1728,27.5508],[86.1701,27.551],[86.1639,27.5463],[86.1606,27.5417],[86.1582,27.5414],[86.1583,27.5387],[86.1549,27.5365],[86.1545,27.5332],[86.1523,27.5315],[86.1534,27.5283],[86.152,27.5276],[86.1526,27.5247],[86.1498,27.5178],[86.1508,27.5159],[86.1474,27.5157],[86.1475,27.5134],[86.1424,27.5095],[86.1431,27.5024],[86.1419,27.4959],[86.1368,27.4953],[86.1321,27.4902],[86.1294,27.49],[86.1226,27.4782],[86.1178,27.4763],[86.1158,27.4742],[86.1125,27.4748],[86.1152,27.478],[86.1144,27.4807],[86.1103,27.4822],[86.1068,27.4889],[86.0986,27.4984],[86.0961,27.4982],[86.0935,27.5003],[86.0836,27.4966],[86.0804,27.4975],[86.0778,27.4968],[86.074,27.502],[86.0726,27.5007],[86.0687,27.5003],[86.0651,27.5022],[86.0648,27.4993],[86.0627,27.499],[86.0617,27.4969],[86.0596,27.4981],[86.0599,27.5018],[86.0581,27.4991],[86.0569,27.5019],[86.0566,27.5006],[86.0556,27.5011],[86.0537,27.4994],[86.0483,27.4983],[86.0462,27.4998],[86.0445,27.498],[86.0427,27.4999],[86.0408,27.4991],[86.0318,27.503],[86.0246,27.5022],[86.0216,27.5008],[86.0162,27.5022],[86.0091,27.5012],[86.0074,27.5033],[86.0006,27.5024],[85.9993,27.5068],[85.9947,27.5036],[85.9937,27.508],[85.9881,27.5078],[85.9871,27.5102],[85.9878,27.5196],[85.9917,27.5232],[86.0006,27.5412],[85.9977,27.546],[85.9941,27.5456],[85.9921,27.5484],[85.9823,27.5551],[85.9739,27.5659],[85.9662,27.5728],[85.9647,27.5764],[85.9619,27.578],[85.9615,27.5797],[85.9552,27.5828],[85.9526,27.5865],[85.9523,27.5891],[85.9421,27.5909],[85.9409,27.5938],[85.9363,27.593],[85.9339,27.5951],[85.9306,27.5953],[85.9272,27.5994],[85.925,27.5987],[85.9209,27.6003],[85.9191,27.6034],[85.9151,27.6051],[85.9097,27.6042],[85.9014,27.6095],[85.8968,27.6094],[85.8912,27.6122],[85.8855,27.6121],[85.8851,27.6107],[85.8831,27.6107],[85.881,27.6146],[85.8742,27.6126],[85.8632,27.5949],[85.8572,27.593],[85.8555,27.5914],[85.8527,27.5915],[85.851,27.5872],[85.8465,27.5851],[85.8455,27.5814],[85.8465,27.579],[85.8415,27.5771],[85.8397,27.5776],[85.8374,27.5758],[85.8322,27.5771],[85.8293,27.5743],[85.8279,27.5764],[85.8267,27.5759],[85.8269,27.5733],[85.8247,27.5713],[85.8233,27.5659],[85.8286,27.5467],[85.825,27.5396],[85.8249,27.5367],[85.8192,27.5283],[85.8195,27.5256],[85.8158,27.5238],[85.8185,27.5225],[85.8189,27.5179],[85.8093,27.51],[85.8051,27.5113],[85.8047,27.5079],[85.8007,27.5064],[85.7998,27.5024],[85.7975,27.5003],[85.8019,27.4977],[85.8029,27.4914],[85.8083,27.4847],[85.8072,27.4796],[85.81,27.476],[85.814,27.474],[85.8134,27.469],[85.8147,27.464],[85.8094,27.4623],[85.8093,27.4552],[85.8144,27.452],[85.8177,27.4526],[85.8215,27.451],[85.8242,27.449],[85.8289,27.4481],[85.829,27.4453],[85.8268,27.4418],[85.8289,27.4408],[85.83,27.4376],[85.8392,27.4343],[85.8453,27.4285],[85.8487,27.4279],[85.8522,27.4251],[85.8621,27.4231],[85.867,27.4192],[85.8737,27.4194],[85.8785,27.4167],[85.8858,27.4199],[85.8914,27.4135],[85.8962,27.4163],[85.9102,27.4095],[85.9179,27.409],[85.9254,27.4043],[85.9275,27.3976],[85.9336,27.3955],[85.9338,27.3893],[85.941,27.3857],[85.9445,27.3808],[85.952,27.3815],[85.9531,27.3879],[85.9557,27.3893],[85.9593,27.3886],[85.966,27.3845],[85.9702,27.3752],[85.9774,27.3706],[85.9772,27.3659],[85.9795,27.3575],[85.9786,27.3545],[85.983,27.3509],[85.9816,27.3401],[85.9832,27.336],[85.9864,27.3353],[85.9922,27.3382],[85.9977,27.3375],[86.0185,27.3204],[86.0231,27.3141],[86.021,27.3112],[86.0215,27.309],[86.0239,27.3083],[86.0278,27.3099],[86.0308,27.3093],[86.0382,27.2988],[86.0477,27.2969],[86.0549,27.2883],[86.059,27.2874],[86.0604,27.2904],[86.063,27.2913],[86.0742,27.2916],[86.0759,27.2877],[86.0756,27.2781],[86.0777,27.2755],[86.0813,27.2757],[86.0905,27.2691],[86.0955,27.2678],[86.1067,27.2682],[86.1096,27.2714],[86.1127,27.2726],[86.1174,27.2687],[86.1288,27.264],[86.1291,27.2595],[86.1349,27.2514],[86.1421,27.2483],[86.1472,27.2435],[86.1507,27.2422],[86.1558,27.2516],[86.158,27.2527],[86.1738,27.2535],[86.1822,27.2521],[86.1914,27.2552],[86.2036,27.2503],[86.2051,27.2504],[86.2047,27.255],[86.2077,27.2589],[86.2111,27.2609],[86.2114,27.2638],[86.2141,27.2669],[86.2138,27.2689],[86.2162,27.2681],[86.2188,27.2707],[86.219,27.2727],[86.2232,27.2745],[86.2237,27.2775],[86.2268,27.2777],[86.234,27.2855],[86.2406,27.2888],[86.2355,27.2963],[86.2379,27.3025],[86.2372,27.3061],[86.2338,27.3075],[86.2313,27.3146],[86.229,27.3156],[86.2289,27.3199],[86.2216,27.3211],[86.2193,27.3226],[86.2192,27.3241],[86.2223,27.3274],[86.2172,27.3284],[86.2157,27.3336],[86.218,27.337],[86.2166,27.3425],[86.2184,27.3509],[86.2171,27.3531],[86.2218,27.36],[86.2191,27.3622],[86.2247,27.3706],[86.2238,27.3785],[86.222,27.3821],[86.2258,27.3842],[86.2249,27.3874],[86.2274,27.3895],[86.2266,27.3934],[86.2277,27.3979],[86.2309,27.3996],[86.2324,27.4024],[86.236,27.4041],[86.2363,27.4061],[86.2344,27.4082],[86.2374,27.4097],[86.2376,27.4129],[86.2419,27.419],[86.2445,27.42],[86.2471,27.4193],[86.2483,27.4206],[86.248,27.4245],[86.252,27.4286],[86.2513,27.4325],[86.2555,27.4352],[86.2565,27.4372],[86.2542,27.441],[86.2561,27.4421],[86.2573,27.4462],[86.2637,27.4562],[86.2725,27.462],[86.2791,27.4649],[86.2811,27.4643],[86.2826,27.4662],[86.2918,27.4702],[86.2929,27.4765],[86.295,27.479],[86.3054,27.4829],[86.3129,27.4917],[86.3155,27.4925],[86.3194,27.4988],[86.3246,27.4997],[86.3263,27.505],[86.3308,27.5099],[86.3332,27.5109],[86.3344,27.5157],[86.3383,27.5201],[86.3465,27.5235],[86.3549,27.5249],[86.3556,27.5263],[86.3577,27.5296],[86.3585,27.5398],[86.3648,27.5467],[86.3697,27.5497],[86.3707,27.5523],[86.3687,27.5561],[86.3692,27.5582],[86.3763,27.5681],[86.3803,27.5712],[86.3883,27.5728],[86.3894,27.5752],[86.3927,27.5771],[86.3985,27.5835],[86.4078,27.5845],[86.41,27.5865],[86.4135,27.5868],[86.418,27.5914],[86.4202,27.5987],[86.4302,27.6042],[86.4348,27.6103],[86.4697,27.6171],[86.4766,27.6158],[86.4841,27.6172],[86.4925,27.6137],[86.4955,27.6188],[86.4999,27.6204],[86.5007,27.6253],[86.504,27.6294],[86.5042,27.6336],[86.5064,27.6357],[86.507,27.6402],[86.5114,27.6424],[86.5135,27.6481],[86.5176,27.647],[86.5262,27.6504],[86.5288,27.6556],[86.5271,27.6602],[86.533,27.6628],[86.5355,27.6684],[86.5384,27.6711],[86.5388,27.675],[86.5366,27.6786],[86.539,27.6832],[86.539,27.689],[86.5408,27.6928],[86.5391,27.6966],[86.5403,27.7016],[86.551,27.7109],[86.5513,27.7176],[86.5535,27.7196],[86.557,27.7288],[86.5563,27.7325],[86.5583,27.7384],[86.5633,27.7449],[86.5629,27.7493],[86.5728,27.7546],[86.5704,27.7594],[86.5661,27.7626],[86.564,27.7696],[86.5662,27.7785],[86.5657,27.7858],[86.5688,27.7911],[86.5688,27.7954],[86.5656,27.7996],[86.5671,27.804],[86.5482,27.811],[86.5424,27.8112]]]},"properties":{"DIST_EN":"Ramechhap","DIST_PCODE":"NP0321"}},
{"type":"Feature","geometry":{"type":"Polygon","coordinates":[[[85.8,28.1964],[85.7992,28.1982],[85.791,28.2038],[85.7843,28.2055],[85.7821,28.2085],[85.7764,28.2086],[85.7746,28.2113],[85.7758,28.2157],[85.7741,28.2181],[85.7679,28.2227],[85.764,28.2274],[85.757,28.229],[85.7543,28.2349],[85.7489,28.2382],[85.7484,28.2491],[85.743,28.2569],[85.7429,28.2717],[85.7394,28.2761],[85.7382,28.2847],[85.7331,28.2913],[85.7329,28.2945],[85.7364,28.2994],[85.736,28.3066],[85.7377,28.3097],[85.7367,28.3128],[85.7372,28.3193],[85.7359,28.3236],[85.7275,28.3289],[85.7288,28.3332],[85.732,28.3364],[85.7323,28.3394],[85.7285,28.3426],[85.7263,28.3507],[85.722,28.3537],[85.7199,28.3595],[85.7206,28.3624],[85.7189,28.3673],[85.7243,28.3734],[85.7208,28.3736],[85.7178,28.3756],[85.7115,28.3863],[85.7009,28.3846],[85.6953,28.3857],[85.6839,28.3825],[85.6862,28.347],[85.6838,28.3473],[85.6815,28.3497],[85.6762,28.3507],[85.6657,28.348],[85.6644,28.3317],[85.6613,28.3262],[85.6573,28.3245],[85.6538,28.3175],[85.656,28.3125],[85.6613,28.3059],[85.6607,28.303],[85.6451,28.2898],[85.6421,28.2826],[85.6354,28.2739],[85.6305,28.2711],[85.6256,28.2661],[85.6087,28.2569],[85.607,28.257],[85.6063,28.2611],[85.6036,28.2647],[85.599,28.2793],[85.5966,28.299],[85.6006,28.3044],[85.592,28.3087],[85.5808,28.3063],[85.5759,28.3104],[85.5618,28.3098],[85.5478,28.3152],[85.5432,28.3191],[85.5388,28.32],[85.5261,28.3284],[85.5065,28.334],[85.4978,28.3336],[85.4965,28.3324],[85.4874,28.3312],[85.4836,28.3332],[85.4754,28.3334],[85.458,28.337],[85.4519,28.3353],[85.4374,28.3348],[85.4302,28.3303],[85.4246,28.3302],[85.4154,28.3271],[85.4131,28.3238],[85.4141,28.3161],[85.412,28.3084],[85.3977,28.2983],[85.3968,28.2942],[85.392,28.2885],[85.3875,28.2865],[85.3776,28.2786],[85.3756,28.2828],[85.3702,28.2858],[85.3527,28.2867],[85.3483,28.2885],[85.3471,28.2914],[85.3482,28.2931],[85.3482,28.3017],[85.3404,28.304],[85.3316,28.3002],[85.3254,28.2992],[85.3229,28.296],[85.3186,28.2941],[85.3059,28.2914],[85.3036,28.2899],[85.2981,28.2908],[85.2925,28.2875],[85.2729,28.2878],[85.2736,28.2938],[85.2705,28.2974],[85.2668,28.2982],[85.2548,28.2945],[85.2531,28.2985],[85.2471,28.3032],[85.2446,28.3129],[85.2415,28.3178],[85.2364,28.3211],[85.2301,28.3231],[85.2286,28.3251],[85.2154,28.332],[85.2025,28.3407],[85.1983,28.3394],[85.1936,28.3332],[85.1819,28.3243],[85.1708,28.3286],[85.1668,28.3316],[85.1598,28.3319],[85.1794,28.3019],[85.1772,28.2953],[85.1793,28.2915],[85.18,28.2828],[85.1843,28.276],[85.1869,28.2675],[85.1885,28.2656],[85.1928,28.2644],[85.1984,28.2592],[85.2014,28.2542],[85.2026,28.2502],[85.1941,28.2444],[85.1925,28.2393],[85.1932,28.2344],[85.1882,28.2279],[85.189,28.2248],[85.1875,28.2233],[85.1886,28.2195],[85.2016,28.2106],[85.2044,28.204],[85.2038,28.1977],[85.1989,28.1849],[85.2,28.1768],[85.1955,28.1683],[85.1827,28.167],[85.1742,28.1624],[85.1694,28.1549],[85.1549,28.1408],[85.1548,28.1374],[85.1583,28.1297],[85.1504,28.1182],[85.1378,28.1099],[85.1267,28.1075],[85.1243,28.1059],[85.1225,28.0913],[85.1293,28.0861],[85.1352,28.0841],[85.1546,28.0884],[85.1705,28.0827],[85.1671,28.0774],[85.1586,28.0725],[85.1482,28.0614],[85.1421,28.0528],[85.1379,28.049],[85.133,28.0382],[85.1386,28.0305],[85.1437,28.0276],[85.1566,28.0267],[85.1617,28.0243],[85.1661,28.0243],[85.1706,28.0213],[85.1787,28.021],[85.1872,28.0192],[85.1838,28.0096],[85.1847,28.0008],[85.1836,28.0002],[85.1862,27.9969],[85.1824,27.9933],[85.1828,27.9899],[85.1803,27.9876],[85.1803,27.9813],[85.1835,27.9733],[85.1885,27.9763],[85.2046,27.9752],[85.2128,27.9728],[85.2197,27.9756],[85.2224,27.974],[85.2271,27.9747],[85.2337,27.9731],[85.2363,27.9745],[85.2524,27.9714],[85.2555,27.9746],[85.2574,27.9713],[85.2611,27.9718],[85.266,27.9682],[85.269,27.9669],[85.2709,27.9675],[85.2762,27.9652],[85.2799,27.9685],[85.2806,27.9727],[85.2827,27.9754],[85.2899,27.9832],[85.2985,27.9829],[85.3061,27.9869],[85.3178,27.9893],[85.3219,27.989],[85.3247,27.9871],[85.3296,27.9886],[85.332,27.9904],[85.3367,28.0023],[85.342,28.01],[85.3457,28.0116],[85.355,28.0117],[85.3589,28.0131],[85.3677,28.0176],[85.3717,28.0222],[85.3765,28.0225],[85.3898,28.0305],[85.3919,28.0358],[85.3947,28.0377],[85.3991,28.0369],[85.4035,28.0392],[85.4026,28.0441],[85.4051,28.0553],[85.4123,28.062],[85.4147,28.0622],[85.4198,28.0599],[85.4256,28.0619],[85.4278,28.0671],[85.4257,28.0725],[85.428,28.0759],[85.4329,28.0807],[85.4418,28.0826],[85.4453,28.0901],[85.4572,28.0928],[85.4728,28.1049],[85.4892,28.1058],[85.4889,28.1121],[85.4925,28.116],[85.4953,28.1223],[85.4909,28.1337],[85.4903,28.1387],[85.4952,28.1418],[85.5033,28.1521],[85.5194,28.1548],[85.5233,28.157],[85.5268,28.1574],[85.5316,28.1624],[85.533,28.1675],[85.5475,28.1686],[85.5562,28.1679],[85.5639,28.163],[85.5706,28.1617],[85.5759,28.1568],[85.5789,28.1573],[85.584,28.1535],[85.589,28.1538],[85.5988,28.1579],[85.6016,28.1581],[85.6072,28.1527],[85.613,28.1505],[85.6156,28.1434],[85.6143,28.1399],[85.615,28.1341],[85.6272,28.1293],[85.6326,28.1304],[85.6376,28.1413],[85.6425,28.1452],[85.6485,28.1463],[85.6517,28.1516],[85.6587,28.1539],[85.6661,28.1541],[85.6773,28.1582],[85.6814,28.1577],[85.6834,28.156],[85.6886,28.1561],[85.6982,28.159],[85.7034,28.164],[85.7073,28.1621],[85.7123,28.1621],[85.7133,28.1626],[85.7126,28.1696],[85.7192,28.1741],[85.7235,28.1736],[85.7245,28.1703],[85.7277,28.1697],[85.7377,28.172],[85.7432,28.1716],[85.7497,28.1753],[85.7549,28.1748],[85.7666,28.1764],[85.7788,28.1744],[85.7803,28.1781],[85.7923,28.1836],[85.794,28.185],[85.7937,28.1882],[85.7986,28.1895],[85.8,28.1964]]]},"properties":{"DIST_EN":"Rasuwa","DIST_PCODE":"NP0329"}},
{"type":"Feature","geometry":{"type":"Polygon","coordinates":[[[85.4952,27.1737],[85.4941,27.1699],[85.487,27.1648],[85.4723,27.1619],[85.4694,27.1626],[85.4669,27.1662],[85.4572,27.1661],[85.4555,27.168],[85.4529,27.1684],[85.4522,27.1732],[85.4534,27.1777],[85.4495,27.1805],[85.4502,27.1837],[85.4481,27.1868],[85.4366,27.1873],[85.4337,27.1904],[85.4286,27.1914],[85.4266,27.1931],[85.4183,27.1901],[85.4093,27.197],[85.4035,27.1964],[85.3973,27.1977],[85.3961,27.2008],[85.3973,27.2062],[85.3935,27.2104],[85.3916,27.2089],[85.3893,27.2097],[85.3852,27.2074],[85.3766,27.2121],[85.3728,27.2101],[85.3694,27.212],[85.3626,27.2128],[85.3597,27.2108],[85.3585,27.2133],[85.3568,27.2132],[85.3537,27.2158],[85.3487,27.2222],[85.3376,27.2198],[85.3328,27.223],[85.3174,27.2272],[85.3123,27.2306],[85.3074,27.2318],[85.304,27.2299],[85.293,27.2329],[85.2887,27.2312],[85.2806,27.2312],[85.2795,27.2288],[85.2738,27.2296],[85.2693,27.2281],[85.271,27.2259],[85.2626,27.2217],[85.2625,27.2173],[85.2652,27.213],[85.2626,27.2107],[85.2619,27.2064],[85.2596,27.2045],[85.2587,27.2011],[85.2514,27.1901],[85.25,27.1753],[85.2473,27.1678],[85.2461,27.1585],[85.2318,27.1455],[85.2312,27.1342],[85.2203,27.1257],[85.2046,27.1161],[85.1972,27.1075],[85.1963,27.1035],[85.1973,27.0979],[85.201,27.0939],[85.2015,27.0916],[85.2003,27.0897],[85.2019,27.0894],[85.2025,27.0837],[85.2018,27.082],[85.1998,27.0833],[85.1988,27.0796],[85.1967,27.0802],[85.1943,27.0775],[85.1952,27.0747],[85.1993,27.0712],[85.2005,27.0658],[85.1972,27.0632],[85.194,27.0657],[85.1923,27.0649],[85.1922,27.0606],[85.1898,27.0572],[85.188,27.0568],[85.1831,27.0498],[85.1883,27.0471],[85.1928,27.0504],[85.1965,27.0505],[85.198,27.0474],[85.1946,27.0431],[85.1969,27.0418],[85.2005,27.0421],[85.2006,27.0392],[85.1939,27.038],[85.1801,27.0388],[85.1772,27.0376],[85.1777,27.0347],[85.1793,27.0334],[85.1833,27.033],[85.1862,27.0343],[85.1914,27.0335],[85.1974,27.0299],[85.1982,27.0279],[85.195,27.0218],[85.186,27.0204],[85.1828,27.0186],[85.1815,27.016],[85.183,27.0126],[85.1874,27.0122],[85.1863,27.0109],[85.187,27.0076],[85.1776,27.0032],[85.1753,27.0001],[85.1764,26.9979],[85.1721,26.9961],[85.1714,26.9921],[85.1694,26.9918],[85.1636,26.9805],[85.1646,26.9785],[85.1692,26.9788],[85.1723,26.9769],[85.1711,26.9761],[85.1729,26.973],[85.1702,26.9615],[85.171,26.959],[85.1685,26.9545],[85.1699,26.9519],[85.1756,26.9472],[85.174,26.9431],[85.1692,26.9447],[85.1643,26.9422],[85.164,26.9383],[85.1729,26.9315],[85.1753,26.9308],[85.1768,26.9324],[85.1786,26.9324],[85.1794,26.9293],[85.1781,26.9232],[85.17,26.9201],[85.1721,26.92],[85.1713,26.9159],[85.1752,26.9126],[85.1771,26.9071],[85.1759,26.9058],[85.177,26.9034],[85.1755,26.9025],[85.1758,26.9009],[85.1723,26.9017],[85.1707,26.8996],[85.175,26.897],[85.1755,26.8936],[85.1745,26.8919],[85.1716,26.8912],[85.1708,26.8922],[85.1643,26.8925],[85.1632,26.889],[85.1644,26.8882],[85.1648,26.8907],[85.1684,26.8895],[85.1674,26.8871],[85.1695,26.8838],[85.1706,26.884],[85.1699,26.8824],[85.1713,26.8822],[85.173,26.8788],[85.1703,26.8776],[85.1671,26.88],[85.1657,26.8785],[85.1707,26.8728],[85.1754,26.872],[85.1764,26.8693],[85.1899,26.8701],[85.1926,26.8668],[85.1928,26.863],[85.1907,26.8472],[85.1927,26.8389],[85.1912,26.8313],[85.1849,26.8223],[85.177,26.8152],[85.1768,26.8097],[85.1826,26.8003],[85.1794,26.7982],[85.1817,26.7949],[85.1869,26.7951],[85.1866,26.791],[85.1914,26.7916],[85.1934,26.7906],[85.1948,26.7844],[85.1917,26.7819],[85.1971,26.77],[85.2005,26.7689],[85.2059,26.7616],[85.2118,26.758],[85.2192,26.7588],[85.2315,26.7623],[85.2402,26.762],[85.2515,26.7593],[85.2603,26.7553],[85.3067,26.7523],[85.3193,26.7491],[85.3223,26.7452],[85.3262,26.7447],[85.332,26.751],[85.3335,26.7563],[85.3332,26.7603],[85.3462,26.7597],[85.3513,26.7617],[85.3503,26.7647],[85.3457,26.7667],[85.3458,26.7754],[85.3297,26.7772],[85.3374,26.7801],[85.3405,26.7838],[85.3412,26.7869],[85.3404,26.7894],[85.3318,26.7982],[85.3259,26.7985],[85.3218,26.8044],[85.325,26.8082],[85.324,26.813],[85.3271,26.8158],[85.3286,26.8198],[85.3325,26.8226],[85.3323,26.8269],[85.3356,26.8338],[85.3392,26.8362],[85.3415,26.8353],[85.3492,26.8368],[85.3527,26.8412],[85.3524,26.8494],[85.3435,26.8549],[85.3425,26.8592],[85.3437,26.8608],[85.3468,26.8612],[85.3485,26.8641],[85.3603,26.8708],[85.37,26.8728],[85.3793,26.8806],[85.3827,26.8814],[85.3904,26.8807],[85.3928,26.8836],[85.3928,26.887],[85.3955,26.8924],[85.3939,26.8969],[85.3915,26.8991],[85.3895,26.9142],[85.387,26.9165],[85.3861,26.9193],[85.3873,26.9238],[85.3895,26.9251],[85.3962,26.9347],[85.3987,26.9405],[85.3976,26.9505],[85.4009,26.9546],[85.3981,26.9578],[85.3995,26.9609],[85.3959,26.9701],[85.3978,26.9745],[85.4015,26.978],[85.4013,26.9838],[85.3966,26.9944],[85.3887,27.0011],[85.3885,27.0057],[85.3861,27.009],[85.3885,27.0147],[85.3945,27.0187],[85.3965,27.0213],[85.3967,27.024],[85.3999,27.0258],[85.4007,27.0316],[85.4024,27.0343],[85.4084,27.035],[85.4111,27.0365],[85.4121,27.0447],[85.4155,27.0496],[85.4237,27.0529],[85.4244,27.0623],[85.4338,27.0673],[85.4344,27.0697],[85.4315,27.0795],[85.432,27.0857],[85.4339,27.0887],[85.4358,27.0903],[85.4428,27.0905],[85.4478,27.0959],[85.4493,27.101],[85.4549,27.1035],[85.4575,27.1067],[85.4642,27.1101],[85.4717,27.1191],[85.4709,27.1238],[85.4738,27.129],[85.4846,27.135],[85.4882,27.1389],[85.491,27.1476],[85.4895,27.1546],[85.4931,27.1622],[85.4956,27.1632],[85.5027,27.1626],[85.504,27.1635],[85.5033,27.1659],[85.4995,27.168],[85.5026,27.171],[85.5031,27.1737],[85.5007,27.1758],[85.4952,27.1737]]]},"properties":{"DIST_EN":"Rautahat","DIST_PCODE":"NP0232"}},
{"type":"Feature","geometry":{"type":"Polygon","coordinates":[[[82.8793,28.4764],[82.8677,28.4794],[82.8633,28.4795],[82.8577,28.478],[82.8438,28.4795],[82.8407,28.4783],[82.8329,28.4783],[82.83,28.4797],[82.8261,28.4841],[82.8125,28.4888],[82.8096,28.493],[82.8057,28.4934],[82.8003,28.4966],[82.7929,28.4986],[82.7907,28.5006],[82.7804,28.4993],[82.7672,28.5008],[82.7637,28.5018],[82.7574,28.5061],[82.7527,28.5053],[82.7424,28.5127],[82.7415,28.5153],[82.7429,28.5188],[82.7428,28.5247],[82.7374,28.5265],[82.7306,28.5258],[82.7186,28.5221],[82.714,28.5187],[82.7111,28.5143],[82.7033,28.5091],[82.695,28.5124],[82.69,28.5121],[82.6944,28.5176],[82.6945,28.5201],[82.6922,28.5222],[82.6871,28.5238],[82.6821,28.5198],[82.6864,28.5149],[82.6816,28.5174],[82.6814,28.5155],[82.6723,28.5103],[82.6675,28.5021],[82.6655,28.5022],[82.6599,28.499],[82.6576,28.4929],[82.6412,28.4947],[82.6379,28.4982],[82.628,28.5022],[82.6221,28.5067],[82.6136,28.5109],[82.6106,28.5096],[82.6052,28.5098],[82.6007,28.507],[82.5978,28.5069],[82.5943,28.5111],[82.5882,28.5145],[82.5843,28.5127],[82.5766,28.5141],[82.5728,28.5166],[82.569,28.5175],[82.5647,28.5218],[82.545,28.5256],[82.5409,28.5383],[82.5354,28.5424],[82.5355,28.5537],[82.5291,28.5583],[82.526,28.5581],[82.5225,28.5561],[82.5213,28.554],[82.5167,28.5546],[82.509,28.5512],[82.4998,28.554],[82.4923,28.5527],[82.4918,28.5488],[82.4941,28.5436],[82.493,28.5401],[82.4904,28.5378],[82.4846,28.5355],[82.4796,28.5304],[82.4728,28.5293],[82.4669,28.5258],[82.463,28.5213],[82.4443,28.5229],[82.4336,28.5264],[82.4295,28.5246],[82.4182,28.5288],[82.4166,28.5234],[82.4171,28.5177],[82.4143,28.5135],[82.4119,28.513],[82.4075,28.5037],[82.4118,28.4965],[82.4115,28.492],[82.4093,28.4885],[82.4059,28.4868],[82.4056,28.4782],[82.4017,28.4734],[82.4007,28.4701],[82.3961,28.4685],[82.396,28.4609],[82.3918,28.4583],[82.3867,28.4577],[82.3836,28.4561],[82.3738,28.4483],[82.3769,28.4365],[82.3762,28.43],[82.3685,28.4259],[82.3651,28.4262],[82.3512,28.4239],[82.3504,28.4218],[82.3516,28.4174],[82.3539,28.4149],[82.3532,28.4105],[82.3561,28.4088],[82.361,28.4082],[82.3625,28.4053],[82.3656,28.4032],[82.3626,28.3946],[82.3636,28.3883],[82.3666,28.3869],[82.3752,28.3774],[82.3836,28.3728],[82.3828,28.3647],[82.3804,28.3636],[82.3761,28.3585],[82.3785,28.3566],[82.3793,28.3518],[82.366,28.344],[82.3632,28.3409],[82.3642,28.3302],[82.3674,28.33],[82.3668,28.3235],[82.3642,28.3218],[82.3635,28.3196],[82.3725,28.3177],[82.3761,28.3152],[82.3775,28.3101],[82.3763,28.3047],[82.3825,28.2971],[82.3816,28.296],[82.3836,28.2917],[82.3864,28.2909],[82.3914,28.2853],[82.3953,28.283],[82.3955,28.2771],[82.4035,28.265],[82.4036,28.2622],[82.4103,28.2583],[82.4133,28.2539],[82.4198,28.2537],[82.4241,28.2512],[82.4278,28.2522],[82.4301,28.2496],[82.4356,28.2483],[82.4373,28.2467],[82.4351,28.2435],[82.4269,28.239],[82.4282,28.2349],[82.4276,28.2301],[82.4242,28.2281],[82.422,28.2299],[82.4189,28.2298],[82.4149,28.2247],[82.4068,28.2207],[82.4057,28.2157],[82.4037,28.2132],[82.4045,28.2116],[82.4023,28.2054],[82.4031,28.2022],[82.4006,28.1924],[82.4035,28.185],[82.3992,28.1802],[82.4014,28.1764],[82.3988,28.1705],[82.3968,28.1689],[82.3996,28.1686],[82.4034,28.1641],[82.409,28.161],[82.4237,28.1548],[82.4293,28.1549],[82.4372,28.1491],[82.4542,28.1467],[82.4643,28.1417],[82.4664,28.1421],[82.4723,28.1401],[82.4772,28.1443],[82.4793,28.1444],[82.4819,28.1406],[82.4814,28.1361],[82.4846,28.1305],[82.4912,28.1361],[82.4955,28.1351],[82.4974,28.1399],[82.5012,28.1424],[82.5017,28.147],[82.504,28.1499],[82.5158,28.1488],[82.5193,28.1474],[82.5197,28.1456],[82.5161,28.1393],[82.5223,28.1388],[82.5263,28.1359],[82.5307,28.1359],[82.5391,28.1319],[82.5421,28.1316],[82.5453,28.1344],[82.5482,28.1338],[82.554,28.137],[82.5572,28.1363],[82.5619,28.1337],[82.559,28.1309],[82.5609,28.1296],[82.5612,28.1266],[82.5631,28.125],[82.5622,28.1226],[82.5649,28.1213],[82.5648,28.1185],[82.5673,28.1155],[82.5712,28.1135],[82.5745,28.1134],[82.5776,28.11],[82.5826,28.1104],[82.5878,28.1058],[82.5884,28.1032],[82.5915,28.1031],[82.5956,28.101],[82.5974,28.0928],[82.6004,28.0937],[82.6068,28.103],[82.6061,28.1093],[82.6074,28.1195],[82.6054,28.1268],[82.6041,28.1278],[82.6043,28.1309],[82.6008,28.1313],[82.5885,28.1401],[82.5902,28.1475],[82.6,28.1482],[82.6025,28.1505],[82.607,28.152],[82.6104,28.1585],[82.6135,28.17],[82.6189,28.1749],[82.6223,28.1748],[82.6247,28.1766],[82.6252,28.1786],[82.6389,28.1808],[82.6416,28.1836],[82.6486,28.1853],[82.6498,28.1869],[82.6526,28.1873],[82.6579,28.1908],[82.6623,28.191],[82.6652,28.1889],[82.6697,28.1916],[82.6725,28.1907],[82.6823,28.1928],[82.6817,28.1876],[82.684,28.1859],[82.6891,28.1941],[82.6903,28.1993],[82.6964,28.2037],[82.6968,28.2056],[82.6952,28.2066],[82.6962,28.2116],[82.7052,28.2076],[82.7123,28.2098],[82.7259,28.2082],[82.7284,28.2063],[82.733,28.2075],[82.7352,28.2011],[82.7409,28.2003],[82.7423,28.1982],[82.746,28.1964],[82.7456,28.1928],[82.7495,28.1927],[82.7526,28.1905],[82.7584,28.1799],[82.7684,28.1809],[82.7801,28.1777],[82.7866,28.1779],[82.7931,28.1886],[82.8048,28.1864],[82.8122,28.1867],[82.8153,28.1881],[82.8255,28.1997],[82.8248,28.2056],[82.8165,28.2135],[82.817,28.2145],[82.8294,28.2201],[82.8363,28.2259],[82.8388,28.2311],[82.846,28.2327],[82.8495,28.2318],[82.8524,28.2356],[82.8527,28.2401],[82.8486,28.2558],[82.8559,28.2579],[82.8611,28.2577],[82.8683,28.2631],[82.8724,28.2638],[82.8761,28.2674],[82.879,28.2678],[82.8834,28.2711],[82.8889,28.2776],[82.889,28.2861],[82.8868,28.2911],[82.8878,28.2933],[82.891,28.2954],[82.8943,28.2949],[82.8962,28.2974],[82.8996,28.2991],[82.9017,28.3071],[82.9042,28.3112],[82.9106,28.3143],[82.9139,28.3178],[82.9181,28.3191],[82.9204,28.3217],[82.9226,28.3293],[82.9251,28.3332],[82.9263,28.3411],[82.9252,28.3436],[82.9273,28.3487],[82.9333,28.352],[82.9409,28.362],[82.947,28.3626],[82.9547,28.3602],[82.9567,28.3645],[82.9551,28.3717],[82.9508,28.3742],[82.948,28.3787],[82.9504,28.384],[82.9475,28.3866],[82.9462,28.3913],[82.9423,28.3939],[82.9438,28.3982],[82.9381,28.3986],[82.9365,28.4021],[82.9227,28.4013],[82.9162,28.4027],[82.9192,28.4092],[82.9185,28.4174],[82.9123,28.4274],[82.9143,28.4342],[82.9096,28.437],[82.9061,28.443],[82.9007,28.4474],[82.894,28.4477],[82.8863,28.4525],[82.8869,28.4559],[82.8829,28.4613],[82.8827,28.4666],[82.8806,28.4681],[82.8787,28.4734],[82.8793,28.4764]]]},"properties":{"DIST_EN":"Rolpa","DIST_PCODE":"NP0554"}},
{"type":"Feature","geometry":{"type":"Polygon","coordinates":[[[82.6957,28.8647],[82.6854,28.8614],[82.6785,28.8548],[82.6718,28.8522],[82.6656,28.8539],[82.6585,28.8601],[82.6557,28.8648],[82.6561,28.8667],[82.6486,28.8692],[82.6431,28.8665],[82.638,28.86],[82.6368,28.8552],[82.6299,28.8534],[82.6247,28.8468],[82.6245,28.8445],[82.6265,28.8419],[82.6261,28.8392],[82.6177,28.8286],[82.6137,28.8266],[82.6191,28.815],[82.6197,28.8091],[82.6133,28.8074],[82.5962,28.792],[82.5917,28.7916],[82.5897,28.7904],[82.5895,28.7857],[82.587,28.7822],[82.5815,28.7807],[82.5772,28.7765],[82.5721,28.7743],[82.5698,28.7713],[82.5671,28.7707],[82.5668,28.7676],[82.5619,28.768],[82.5647,28.7649],[82.5637,28.7587],[82.5671,28.7569],[82.5654,28.7471],[82.566,28.7439],[82.5686,28.7445],[82.5742,28.7406],[82.5817,28.7412],[82.5881,28.74],[82.5919,28.7406],[82.5956,28.7439],[82.6014,28.7429],[82.6016,28.7342],[82.6032,28.7309],[82.6053,28.7157],[82.6127,28.7128],[82.6152,28.7103],[82.6124,28.6959],[82.6152,28.6929],[82.6159,28.6898],[82.6135,28.6885],[82.604,28.6872],[82.6007,28.6849],[82.5998,28.6825],[82.601,28.6768],[82.5992,28.6694],[82.5955,28.6675],[82.5921,28.6676],[82.5867,28.6639],[82.5789,28.6647],[82.575,28.6588],[82.5663,28.6528],[82.5607,28.6466],[82.5547,28.6441],[82.5519,28.6455],[82.5392,28.647],[82.5366,28.6502],[82.5335,28.65],[82.5279,28.6548],[82.5245,28.6554],[82.5192,28.6607],[82.5173,28.6612],[82.5134,28.6595],[82.5056,28.6621],[82.5014,28.6678],[82.4998,28.6625],[82.4977,28.6616],[82.4947,28.6627],[82.4901,28.6596],[82.4895,28.6556],[82.491,28.6518],[82.4858,28.6406],[82.5069,28.6306],[82.5084,28.6278],[82.5184,28.6246],[82.5262,28.6249],[82.534,28.6235],[82.5399,28.6208],[82.5438,28.6229],[82.5436,28.6263],[82.5476,28.6272],[82.5515,28.6252],[82.547,28.6223],[82.5458,28.6185],[82.5534,28.6155],[82.5602,28.6105],[82.5687,28.6097],[82.5745,28.6118],[82.5778,28.6146],[82.5806,28.6124],[82.5787,28.6022],[82.581,28.5998],[82.5812,28.592],[82.5791,28.5898],[82.581,28.5872],[82.5773,28.5842],[82.5751,28.5796],[82.5669,28.5778],[82.5612,28.5797],[82.5569,28.5797],[82.5534,28.5817],[82.5442,28.573],[82.535,28.5705],[82.533,28.5662],[82.5304,28.5642],[82.5291,28.5583],[82.5355,28.5537],[82.5354,28.5424],[82.5409,28.5383],[82.545,28.5256],[82.5647,28.5218],[82.569,28.5175],[82.5728,28.5166],[82.5766,28.5141],[82.5843,28.5127],[82.5882,28.5145],[82.5943,28.5111],[82.5978,28.5069],[82.6007,28.507],[82.6052,28.5098],[82.6106,28.5096],[82.6136,28.5109],[82.6221,28.5067],[82.628,28.5022],[82.6379,28.4982],[82.6412,28.4947],[82.6576,28.4929],[82.6599,28.499],[82.6655,28.5022],[82.6675,28.5021],[82.6723,28.5103],[82.6814,28.5155],[82.6816,28.5174],[82.6864,28.5149],[82.6821,28.5198],[82.6871,28.5238],[82.6922,28.5222],[82.6945,28.5201],[82.6944,28.5176],[82.69,28.5121],[82.695,28.5124],[82.7033,28.5091],[82.7111,28.5143],[82.714,28.5187],[82.7186,28.5221],[82.7306,28.5258],[82.7374,28.5265],[82.7428,28.5247],[82.7429,28.5188],[82.7415,28.5153],[82.7424,28.5127],[82.7527,28.5053],[82.7574,28.5061],[82.7637,28.5018],[82.7672,28.5008],[82.7804,28.4993],[82.7907,28.5006],[82.7929,28.4986],[82.8003,28.4966],[82.8057,28.4934],[82.8096,28.493],[82.8125,28.4888],[82.8261,28.4841],[82.83,28.4797],[82.8329,28.4783],[82.8407,28.4783],[82.8438,28.4795],[82.8577,28.478],[82.8633,28.4795],[82.8677,28.4794],[82.8793,28.4764],[82.8866,28.4797],[82.8929,28.4789],[82.8976,28.4766],[82.9036,28.4755],[82.9118,28.4784],[82.9114,28.4811],[82.9057,28.4837],[82.893,28.4959],[82.8901,28.5006],[82.8884,28.5066],[82.8774,28.5154],[82.8946,28.5155],[82.9141,28.5276],[82.9114,28.5299],[82.9126,28.5329],[82.912,28.5357],[82.9135,28.5378],[82.9118,28.5429],[82.9148,28.5522],[82.9137,28.5556],[82.9156,28.5583],[82.9164,28.5646],[82.918,28.5643],[82.9205,28.567],[82.9238,28.5676],[82.9325,28.5658],[82.9358,28.5628],[82.9402,28.5617],[82.9431,28.5582],[82.952,28.5559],[82.9557,28.5514],[82.9596,28.5521],[82.964,28.5501],[82.9738,28.5423],[82.9802,28.5504],[82.9822,28.5589],[82.9856,28.5641],[82.9855,28.5709],[82.9825,28.5714],[82.9784,28.5756],[82.9726,28.5752],[82.9623,28.5819],[82.9588,28.5888],[82.9544,28.5932],[82.9526,28.5981],[82.957,28.6081],[82.9565,28.6105],[82.9671,28.6154],[82.9721,28.6206],[82.9746,28.6269],[82.977,28.629],[82.9829,28.6308],[82.9859,28.6297],[82.9895,28.6262],[82.9938,28.6269],[82.998,28.6236],[83.0058,28.6227],[83.0091,28.6237],[83.0137,28.622],[83.0191,28.6217],[83.0248,28.6265],[83.0355,28.6257],[83.0428,28.63],[83.051,28.6258],[83.0575,28.6201],[83.0673,28.6235],[83.0748,28.6238],[83.0809,28.6256],[83.0843,28.6309],[83.0964,28.6352],[83.1074,28.6322],[83.1142,28.6308],[83.1159,28.6315],[83.1153,28.6436],[83.1238,28.6559],[83.125,28.664],[83.1186,28.6703],[83.1202,28.6754],[83.1229,28.6767],[83.1273,28.6741],[83.1348,28.6737],[83.1391,28.6754],[83.1465,28.6818],[83.1424,28.6903],[83.1437,28.6938],[83.1499,28.6959],[83.1526,28.7013],[83.15,28.7044],[83.151,28.712],[83.1465,28.7182],[83.146,28.7228],[83.1442,28.7255],[83.1461,28.7308],[83.1427,28.7339],[83.1428,28.7421],[83.1454,28.7472],[83.1415,28.7464],[83.1373,28.7479],[83.1324,28.7481],[83.1277,28.746],[83.1137,28.7436],[83.1122,28.7473],[83.1026,28.7535],[83.1023,28.7603],[83.0982,28.7666],[83.0952,28.7677],[83.0851,28.7779],[83.0818,28.7795],[83.0793,28.7862],[83.0726,28.7835],[83.0684,28.78],[83.0652,28.7839],[83.058,28.7858],[83.0457,28.7865],[83.0361,28.7928],[83.0301,28.7932],[83.0224,28.7908],[83.0123,28.799],[83.0052,28.7996],[82.9974,28.8039],[82.9905,28.8017],[82.9869,28.8026],[82.9809,28.8008],[82.9759,28.8034],[82.9738,28.8093],[82.9702,28.8114],[82.9682,28.8158],[82.9659,28.8166],[82.9659,28.8204],[82.9599,28.8199],[82.9567,28.821],[82.9507,28.8239],[82.9497,28.8277],[82.9472,28.829],[82.9421,28.8271],[82.9373,28.828],[82.9302,28.8271],[82.926,28.8276],[82.9176,28.8314],[82.9103,28.8311],[82.9049,28.8324],[82.9038,28.8296],[82.9008,28.8293],[82.8981,28.8255],[82.8961,28.8247],[82.8929,28.8267],[82.8859,28.8262],[82.8796,28.8304],[82.8732,28.8312],[82.8676,28.8343],[82.8658,28.834],[82.8642,28.8319],[82.8546,28.8322],[82.848,28.8274],[82.8438,28.8265],[82.8413,28.827],[82.8395,28.8295],[82.8357,28.8317],[82.8335,28.8303],[82.8203,28.8299],[82.8171,28.8313],[82.7994,28.8207],[82.7968,28.8216],[82.7934,28.8199],[82.7818,28.8243],[82.7783,28.8196],[82.7715,28.815],[82.7658,28.8086],[82.7636,28.8137],[82.7601,28.8161],[82.7594,28.8199],[82.7568,28.8211],[82.7548,28.8256],[82.7479,28.8327],[82.7426,28.8453],[82.7383,28.8461],[82.7361,28.848],[82.7292,28.8477],[82.7264,28.8464],[82.7237,28.8498],[82.7121,28.8516],[82.7082,28.8541],[82.7047,28.8547],[82.6957,28.8647]]]},"properties":{"DIST_EN":"Rukum East","DIST_PCODE":"NP0552"}},
{"type":"Feature","geometry":{"type":"Polygon","coordinates":[[[82.6957,28.8647],[82.6983,28.872],[82.6998,28.8828],[82.6975,28.8877],[82.6949,28.8863],[82.6917,28.8866],[82.6909,28.8884],[82.6933,28.8942],[82.7003,28.9011],[82.6998,28.9085],[82.6949,28.9124],[82.6902,28.9138],[82.6865,28.9173],[82.6847,28.9253],[82.6782,28.9333],[82.6757,28.9392],[82.6708,28.9455],[82.6669,28.9587],[82.6671,28.9626],[82.6529,28.9648],[82.6476,28.9629],[82.6405,28.9629],[82.6297,28.9711],[82.6149,28.9783],[82.6127,28.9776],[82.5994,28.9826],[82.5935,28.9809],[82.5886,28.9869],[82.5843,28.9871],[82.5784,28.9899],[82.5748,28.9921],[82.5734,28.9896],[82.5672,28.9876],[82.5623,28.9889],[82.552,28.9878],[82.5463,28.9831],[82.542,28.9812],[82.5358,28.9749],[82.5358,28.9735],[82.5326,28.9716],[82.5279,28.9642],[82.5204,28.9585],[82.5173,28.9521],[82.5133,28.95],[82.5161,28.9306],[82.5044,28.9213],[82.5078,28.9098],[82.5075,28.8949],[82.5013,28.8888],[82.4968,28.8787],[82.4875,28.8732],[82.4766,28.8715],[82.4712,28.8683],[82.4664,28.869],[82.4636,28.8713],[82.4621,28.875],[82.4556,28.8735],[82.4521,28.8699],[82.4433,28.8654],[82.4381,28.8594],[82.4356,28.8583],[82.4308,28.8514],[82.4244,28.8485],[82.417,28.8494],[82.4119,28.8449],[82.4058,28.8441],[82.4003,28.842],[82.3984,28.8382],[82.3891,28.8347],[82.3871,28.8296],[82.3838,28.8283],[82.3822,28.8252],[82.3755,28.8221],[82.374,28.816],[82.3689,28.8102],[82.3685,28.8032],[82.3645,28.7999],[82.3642,28.7958],[82.3591,28.7939],[82.3576,28.792],[82.3493,28.7929],[82.3472,28.7915],[82.3452,28.7865],[82.3404,28.7866],[82.3358,28.7842],[82.3298,28.7862],[82.3127,28.7856],[82.3071,28.7877],[82.304,28.7862],[82.2943,28.7851],[82.2936,28.7771],[82.2874,28.7679],[82.2843,28.7654],[82.2834,28.7622],[82.285,28.7595],[82.2898,28.7569],[82.2873,28.752],[82.2839,28.749],[82.2889,28.7424],[82.2901,28.7382],[82.2891,28.7363],[82.2856,28.7352],[82.2831,28.7323],[82.2847,28.7299],[82.2886,28.7285],[82.2891,28.7269],[82.2858,28.7225],[82.2845,28.7148],[82.2816,28.7105],[82.276,28.7061],[82.2806,28.6991],[82.28,28.6943],[82.2764,28.6921],[82.2731,28.6929],[82.2688,28.699],[82.2613,28.7028],[82.26,28.7079],[82.2544,28.7086],[82.2512,28.7113],[82.2474,28.7124],[82.2385,28.7092],[82.2326,28.7024],[82.2312,28.6919],[82.2288,28.6885],[82.2261,28.6877],[82.2218,28.6891],[82.2166,28.687],[82.2091,28.676],[82.2066,28.6763],[82.2031,28.6827],[82.1996,28.6839],[82.1971,28.6833],[82.1965,28.6816],[82.1988,28.679],[82.1953,28.6736],[82.1946,28.6688],[82.1982,28.6639],[82.194,28.656],[82.1921,28.6391],[82.191,28.6384],[82.188,28.6395],[82.1865,28.6381],[82.1869,28.6349],[82.1913,28.6312],[82.1901,28.628],[82.1847,28.6231],[82.2021,28.6225],[82.2199,28.6094],[82.2211,28.6072],[82.2277,28.6095],[82.2374,28.6097],[82.2497,28.6006],[82.2569,28.5996],[82.2595,28.5967],[82.2642,28.5968],[82.2726,28.5929],[82.2771,28.5958],[82.2827,28.5969],[82.2865,28.5965],[82.2925,28.5934],[82.2966,28.5969],[82.2995,28.5976],[82.3017,28.5966],[82.3053,28.5969],[82.3074,28.5929],[82.3123,28.5944],[82.3147,28.5921],[82.3225,28.5912],[82.3256,28.5924],[82.3288,28.5906],[82.3374,28.5897],[82.3384,28.5885],[82.34,28.5896],[82.3507,28.5814],[82.3531,28.5767],[82.3653,28.574],[82.375,28.5665],[82.3776,28.5596],[82.376,28.5565],[82.376,28.552],[82.3821,28.5464],[82.381,28.5434],[82.3782,28.541],[82.3811,28.5329],[82.3835,28.5297],[82.3892,28.5289],[82.3929,28.5266],[82.397,28.5326],[82.4015,28.5356],[82.407,28.5317],[82.413,28.5322],[82.4171,28.5307],[82.4182,28.5288],[82.4295,28.5246],[82.4336,28.5264],[82.4443,28.5229],[82.463,28.5213],[82.4669,28.5258],[82.4728,28.5293],[82.4796,28.5304],[82.4846,28.5355],[82.4904,28.5378],[82.493,28.5401],[82.4941,28.5436],[82.4918,28.5488],[82.4923,28.5527],[82.4998,28.554],[82.509,28.5512],[82.5167,28.5546],[82.5213,28.554],[82.5225,28.5561],[82.526,28.5581],[82.5291,28.5583],[82.5304,28.5642],[82.533,28.5662],[82.535,28.5705],[82.5442,28.573],[82.5534,28.5817],[82.5569,28.5797],[82.5612,28.5797],[82.5669,28.5778],[82.5751,28.5796],[82.5773,28.5842],[82.581,28.5872],[82.5791,28.5898],[82.5812,28.592],[82.581,28.5998],[82.5787,28.6022],[82.5806,28.6124],[82.5778,28.6146],[82.5745,28.6118],[82.5687,28.6097],[82.5602,28.6105],[82.5534,28.6155],[82.5458,28.6185],[82.547,28.6223],[82.5515,28.6252],[82.5476,28.6272],[82.5436,28.6263],[82.5438,28.6229],[82.5399,28.6208],[82.534,28.6235],[82.5262,28.6249],[82.5184,28.6246],[82.5084,28.6278],[82.5069,28.6306],[82.4858,28.6406],[82.491,28.6518],[82.4895,28.6556],[82.4901,28.6596],[82.4947,28.6627],[82.4977,28.6616],[82.4998,28.6625],[82.5014,28.6678],[82.5056,28.6621],[82.5134,28.6595],[82.5173,28.6612],[82.5192,28.6607],[82.5245,28.6554],[82.5279,28.6548],[82.5335,28.65],[82.5366,28.6502],[82.5392,28.647],[82.5519,28.6455],[82.5547,28.6441],[82.5607,28.6466],[82.5663,28.6528],[82.575,28.6588],[82.5789,28.6647],[82.5867,28.6639],[82.5921,28.6676],[82.5955,28.6675],[82.5992,28.6694],[82.601,28.6768],[82.5998,28.6825],[82.6007,28.6849],[82.604,28.6872],[82.6135,28.6885],[82.6159,28.6898],[82.6152,28.6929],[82.6124,28.6959],[82.6152,28.7103],[82.6127,28.7128],[82.6053,28.7157],[82.6032,28.7309],[82.6016,28.7342],[82.6014,28.7429],[82.5956,28.7439],[82.5919,28.7406],[82.5881,28.74],[82.5817,28.7412],[82.5742,28.7406],[82.5686,28.7445],[82.566,28.7439],[82.5654,28.7471],[82.5671,28.7569],[82.5637,28.7587],[82.5647,28.7649],[82.5619,28.768],[82.5668,28.7676],[82.5671,28.7707],[82.5698,28.7713],[82.5721,28.7743],[82.5772,28.7765],[82.5815,28.7807],[82.587,28.7822],[82.5895,28.7857],[82.5897,28.7904],[82.5917,28.7916],[82.5962,28.792],[82.6133,28.8074],[82.6197,28.8091],[82.6191,28.815],[82.6137,28.8266],[82.6177,28.8286],[82.6261,28.8392],[82.6265,28.8419],[82.6245,28.8445],[82.6247,28.8468],[82.6299,28.8534],[82.6368,28.8552],[82.638,28.86],[82.6431,28.8665],[82.6486,28.8692],[82.6561,28.8667],[82.6557,28.8648],[82.6585,28.8601],[82.6656,28.8539],[82.6718,28.8522],[82.6785,28.8548],[82.6854,28.8614],[82.6957,28.8647]]]},"properties":{"DIST_EN":"Rukum West","DIST_PCODE":"NP0652"}},
{"type":"Feature","geometry":{"type":"Polygon","coordinates":[[[83.633,27.6933],[83.6277,27.693],[83.6235,27.6887],[83.6216,27.6884],[83.6182,27.6924],[83.6123,27.6961],[83.6091,27.7019],[83.6027,27.7046],[83.598,27.7059],[83.5922,27.705],[83.5887,27.7063],[83.5841,27.7051],[83.578,27.7053],[83.571,27.7088],[83.5672,27.7131],[83.5612,27.7141],[83.5561,27.7168],[83.5475,27.7168],[83.5312,27.7261],[83.5288,27.7244],[83.5237,27.7265],[83.5185,27.7259],[83.5138,27.7292],[83.5078,27.7252],[83.5027,27.7263],[83.4994,27.7296],[83.4929,27.7258],[83.4874,27.7306],[83.4823,27.7249],[83.4756,27.7215],[83.4699,27.7214],[83.4632,27.7259],[83.4583,27.7264],[83.455,27.7282],[83.452,27.7266],[83.448,27.727],[83.4441,27.7239],[83.4425,27.7244],[83.4426,27.7271],[83.4386,27.7322],[83.4335,27.7325],[83.4324,27.7351],[83.4333,27.7377],[83.4321,27.7394],[83.429,27.7394],[83.425,27.742],[83.4223,27.7399],[83.4164,27.742],[83.4085,27.7351],[83.4058,27.7348],[83.3995,27.7384],[83.3944,27.7463],[83.3888,27.7489],[83.3851,27.747],[83.3837,27.7429],[83.3759,27.7433],[83.3732,27.735],[83.3711,27.7351],[83.3669,27.7372],[83.3651,27.7412],[83.3625,27.7423],[83.3575,27.7523],[83.355,27.7528],[83.3461,27.75],[83.3438,27.757],[83.3395,27.7584],[83.3364,27.7616],[83.3349,27.7653],[83.3291,27.7674],[83.3275,27.7673],[83.3237,27.7629],[83.3193,27.7649],[83.3139,27.7625],[83.305,27.7661],[83.3031,27.7682],[83.2995,27.766],[83.2965,27.7608],[83.286,27.757],[83.2834,27.7563],[83.2729,27.7573],[83.2648,27.7562],[83.2598,27.7572],[83.2598,27.7609],[83.2559,27.7672],[83.2518,27.7612],[83.2475,27.7589],[83.249,27.756],[83.2463,27.7512],[83.2422,27.7527],[83.2406,27.751],[83.2375,27.7504],[83.2329,27.7569],[83.23,27.7583],[83.2258,27.7633],[83.2124,27.7594],[83.2108,27.7537],[83.2122,27.7497],[83.214,27.7487],[83.2135,27.7474],[83.2154,27.745],[83.2148,27.7423],[83.2162,27.7414],[83.2179,27.7364],[83.2168,27.7341],[83.2183,27.7314],[83.2157,27.7297],[83.2155,27.7271],[83.2227,27.7156],[83.2213,27.714],[83.2224,27.7126],[83.2211,27.7104],[83.2228,27.7061],[83.2217,27.704],[83.2251,27.7034],[83.2236,27.7007],[83.2271,27.6993],[83.2262,27.6942],[83.2293,27.6951],[83.2273,27.6919],[83.2277,27.6893],[83.229,27.6886],[83.2268,27.6854],[83.2274,27.684],[83.2263,27.6812],[83.2282,27.6775],[83.227,27.6762],[83.2275,27.6733],[83.2255,27.6724],[83.228,27.6699],[83.228,27.6673],[83.226,27.6667],[83.2236,27.6616],[83.2246,27.6601],[83.2235,27.6581],[83.2247,27.6554],[83.2243,27.6476],[83.2222,27.6475],[83.2206,27.6457],[83.2231,27.6424],[83.2218,27.6397],[83.2262,27.6353],[83.2284,27.6275],[83.2305,27.6255],[83.2296,27.6149],[83.2313,27.6122],[83.2304,27.6105],[83.2317,27.6095],[83.2293,27.6038],[83.225,27.5995],[83.2234,27.5994],[83.2242,27.5973],[83.2216,27.5961],[83.2195,27.5917],[83.2195,27.5867],[83.2173,27.5852],[83.2144,27.5852],[83.2116,27.5756],[83.2059,27.5709],[83.2093,27.5691],[83.2089,27.5643],[83.2043,27.5599],[83.2057,27.5567],[83.2087,27.5561],[83.2123,27.5495],[83.2156,27.5502],[83.2142,27.5479],[83.2161,27.5481],[83.2183,27.5447],[83.2172,27.5444],[83.2168,27.5414],[83.2205,27.5383],[83.2214,27.5347],[83.2227,27.5339],[83.2246,27.5349],[83.2236,27.5314],[83.2251,27.5306],[83.2238,27.5304],[83.2249,27.5291],[83.2239,27.528],[83.2282,27.5252],[83.2278,27.5224],[83.2308,27.5219],[83.2316,27.5184],[83.2293,27.5185],[83.2324,27.5163],[83.2314,27.5145],[83.2331,27.5142],[83.2294,27.5083],[83.2316,27.5074],[83.2315,27.5062],[83.2296,27.5069],[83.2267,27.5055],[83.2278,27.5025],[83.23,27.5015],[83.2279,27.4972],[83.2261,27.4971],[83.2282,27.4958],[83.2271,27.4946],[83.2245,27.4955],[83.2242,27.4925],[83.2224,27.4929],[83.2212,27.4916],[83.2229,27.4897],[83.2218,27.4885],[83.223,27.4859],[83.2198,27.4832],[83.2212,27.4813],[83.219,27.4797],[83.222,27.4794],[83.2207,27.4735],[83.2247,27.4721],[83.2234,27.4689],[83.2274,27.4691],[83.2225,27.4547],[83.2179,27.4534],[83.2191,27.4512],[83.2172,27.4495],[83.2181,27.4453],[83.2169,27.4445],[83.22,27.4407],[83.219,27.4402],[83.2203,27.4379],[83.2215,27.4392],[83.2282,27.4355],[83.2284,27.4342],[83.2295,27.4351],[83.2296,27.4326],[83.2313,27.4308],[83.2265,27.4277],[83.2255,27.4286],[83.2252,27.4257],[83.2232,27.4251],[83.2234,27.4221],[83.2209,27.42],[83.2218,27.4185],[83.22,27.4196],[83.2171,27.4179],[83.2262,27.4117],[83.2402,27.4066],[83.2723,27.3837],[83.2657,27.3656],[83.2728,27.3527],[83.2926,27.3364],[83.2917,27.3351],[83.2944,27.335],[83.2948,27.3334],[83.3005,27.3345],[83.3048,27.3315],[83.3082,27.3336],[83.3176,27.3302],[83.3155,27.3329],[83.3187,27.336],[83.318,27.3374],[83.3246,27.3369],[83.3271,27.3341],[83.329,27.3345],[83.3318,27.3328],[83.335,27.3338],[83.3376,27.3329],[83.3433,27.3351],[83.3441,27.3383],[83.3525,27.3401],[83.3512,27.3427],[83.356,27.3447],[83.3593,27.3433],[83.3593,27.3482],[83.358,27.3508],[83.3615,27.3525],[83.3646,27.3558],[83.3681,27.3558],[83.3697,27.3582],[83.3738,27.3574],[83.3724,27.365],[83.3748,27.37],[83.3829,27.371],[83.3882,27.376],[83.3865,27.3806],[83.3881,27.3838],[83.3851,27.386],[83.3849,27.3904],[83.3884,27.3917],[83.3927,27.3958],[83.3967,27.3961],[83.3976,27.3981],[83.4025,27.401],[83.4056,27.4056],[83.4065,27.412],[83.4097,27.4127],[83.4094,27.415],[83.4072,27.4154],[83.4056,27.4189],[83.3998,27.4192],[83.4011,27.421],[83.3959,27.4226],[83.3933,27.4248],[83.3918,27.4298],[83.3871,27.4328],[83.3843,27.4363],[83.3864,27.4394],[83.3841,27.4409],[83.384,27.4424],[83.39,27.445],[83.3917,27.4468],[83.3961,27.4467],[83.3988,27.4491],[83.402,27.4577],[83.4,27.46],[83.3998,27.4637],[83.4026,27.4664],[83.4014,27.4674],[83.398,27.4656],[83.3956,27.4668],[83.3956,27.4697],[83.3907,27.4712],[83.3887,27.4708],[83.389,27.4732],[83.3924,27.4765],[83.3889,27.4797],[83.6147,27.4696],[83.6141,27.4731],[83.6113,27.4758],[83.613,27.4786],[83.6102,27.4864],[83.6108,27.4899],[83.6065,27.4916],[83.605,27.4944],[83.6034,27.4934],[83.6039,27.4964],[83.5992,27.4981],[83.5977,27.4973],[83.5986,27.4999],[83.5945,27.4992],[83.5931,27.5018],[83.5954,27.5018],[83.5964,27.5042],[83.5941,27.5074],[83.5945,27.5112],[83.5974,27.5116],[83.5981,27.5108],[83.599,27.5118],[83.5968,27.5131],[83.5985,27.5156],[83.5971,27.5162],[83.5983,27.5194],[83.5968,27.5185],[83.5936,27.5216],[83.5912,27.5208],[83.5897,27.5246],[83.5916,27.525],[83.5904,27.5265],[83.5938,27.5278],[83.5924,27.5288],[83.5906,27.5282],[83.5889,27.5306],[83.5875,27.5299],[83.5867,27.5322],[83.5894,27.5327],[83.59,27.5343],[83.5913,27.5335],[83.59,27.5418],[83.591,27.5438],[83.5963,27.5468],[83.5961,27.5488],[83.5932,27.5483],[83.592,27.5504],[83.5902,27.5508],[83.5931,27.5561],[83.5927,27.5588],[83.595,27.5616],[83.594,27.5637],[83.5962,27.5666],[83.5951,27.5717],[83.5959,27.5728],[83.5945,27.575],[83.5902,27.5759],[83.5887,27.5734],[83.5806,27.5749],[83.5805,27.5833],[83.5823,27.5853],[83.5827,27.5885],[83.582,27.5903],[83.5797,27.5905],[83.5801,27.5936],[83.5758,27.5973],[83.5735,27.6018],[83.5744,27.6036],[83.5718,27.6105],[83.5746,27.6179],[83.5766,27.6171],[83.5788,27.6182],[83.5813,27.6166],[83.5819,27.6196],[83.5882,27.6213],[83.5865,27.622],[83.5868,27.6259],[83.5886,27.6251],[83.5903,27.6275],[83.5916,27.6261],[83.5931,27.6266],[83.5922,27.6307],[83.5977,27.6306],[83.5952,27.6343],[83.5969,27.6354],[83.5996,27.6348],[83.6009,27.6359],[83.5978,27.6391],[83.5989,27.6443],[83.6027,27.6481],[83.6095,27.6496],[83.6191,27.6595],[83.6299,27.6648],[83.6307,27.6678],[83.6295,27.6714],[83.6313,27.6769],[83.6338,27.6781],[83.6318,27.6793],[83.6339,27.6835],[83.6326,27.6853],[83.6339,27.6882],[83.6325,27.6897],[83.633,27.6933]]]},"properties":{"DIST_EN":"Rupandehi","DIST_PCODE":"NP0548"}},
{"type":"Feature","geometry":{"type":"Polygon","coordinates":[[[82.1847,28.6231],[82.1793,28.6182],[82.1729,28.6162],[82.1671,28.6114],[82.1596,28.6142],[82.1548,28.6134],[82.1502,28.6151],[82.1428,28.6159],[82.1416,28.6185],[82.1446,28.6246],[82.1383,28.6266],[82.1323,28.6251],[82.1288,28.6216],[82.1195,28.6233],[82.1086,28.6193],[82.1005,28.6216],[82.0962,28.619],[82.091,28.6207],[82.0829,28.6181],[82.0744,28.627],[82.0697,28.6301],[82.0544,28.6349],[82.0542,28.6368],[82.0589,28.6415],[82.0571,28.6444],[82.0468,28.6421],[82.0456,28.6406],[82.0462,28.6377],[82.0441,28.6367],[82.036,28.638],[82.0287,28.6406],[82.027,28.6385],[82.026,28.6319],[82.0221,28.6282],[82.0245,28.6197],[82.027,28.617],[82.0248,28.6131],[82.0207,28.6126],[82.013,28.6154],[82.0074,28.6152],[82.0042,28.6135],[82.0055,28.608],[82.0115,28.5956],[82.01,28.5933],[82.0009,28.5872],[82.0033,28.5803],[82.0028,28.5783],[81.9957,28.5754],[81.9941,28.57],[81.9982,28.5652],[82.0041,28.5626],[82.0065,28.5592],[82.0086,28.5522],[82.015,28.5474],[82.018,28.5432],[82.0184,28.5278],[82.0259,28.5219],[82.0276,28.5175],[82.0267,28.5159],[82.0217,28.5139],[82.0205,28.5116],[82.0205,28.5077],[82.0252,28.4991],[82.0195,28.4906],[82.0091,28.4787],[82.0114,28.4729],[82.0104,28.468],[82.0079,28.4668],[82.0048,28.467],[82.0017,28.4641],[81.9991,28.4645],[81.9909,28.462],[81.9837,28.455],[81.9834,28.4529],[81.9869,28.4502],[81.9862,28.447],[81.9804,28.4451],[81.972,28.4466],[81.9668,28.4489],[81.9641,28.4515],[81.9626,28.4514],[81.9615,28.4491],[81.9612,28.4473],[81.9661,28.4451],[81.9651,28.4357],[81.9604,28.4317],[81.9623,28.4297],[81.9619,28.425],[81.9653,28.4229],[81.966,28.4197],[81.972,28.4158],[81.9738,28.4113],[81.9727,28.4091],[81.9741,28.4046],[81.9787,28.4031],[81.9825,28.3978],[81.9899,28.3954],[81.9884,28.3936],[81.9814,28.391],[81.9767,28.386],[81.9779,28.3828],[81.9756,28.3752],[81.9779,28.3724],[81.9814,28.3631],[81.9761,28.3609],[81.9695,28.3523],[81.9667,28.3512],[81.9604,28.353],[81.9576,28.3492],[81.9462,28.3421],[81.9395,28.3416],[81.937,28.3373],[81.9275,28.3388],[81.9211,28.3444],[81.9074,28.3492],[81.9022,28.355],[81.8918,28.3554],[81.8897,28.3578],[81.8871,28.358],[81.8849,28.3611],[81.8779,28.3611],[81.8662,28.3645],[81.8623,28.3694],[81.8551,28.3731],[81.8498,28.3725],[81.8431,28.3744],[81.8416,28.3791],[81.8378,28.3812],[81.8349,28.3812],[81.8321,28.3793],[81.8269,28.3809],[81.8195,28.3807],[81.8133,28.3845],[81.8127,28.3877],[81.8103,28.3897],[81.8075,28.3901],[81.8037,28.3878],[81.7984,28.3917],[81.7943,28.3923],[81.7913,28.3892],[81.7825,28.391],[81.7788,28.3906],[81.7685,28.3844],[81.7682,28.3775],[81.7693,28.3745],[81.7667,28.3702],[81.7654,28.3654],[81.7602,28.3593],[81.7588,28.3543],[81.7549,28.3501],[81.7517,28.3437],[81.7517,28.3322],[81.7466,28.3268],[81.7435,28.3191],[81.7451,28.3133],[81.7481,28.3125],[81.7494,28.3103],[81.7538,28.3075],[81.7612,28.3092],[81.7674,28.3008],[81.7706,28.3001],[81.7734,28.2975],[81.7769,28.298],[81.7805,28.2952],[81.7843,28.2957],[81.7872,28.2947],[81.7922,28.282],[81.7916,28.2771],[81.7937,28.2739],[81.7981,28.2737],[81.8055,28.2822],[81.8085,28.283],[81.8145,28.2788],[81.8221,28.2768],[81.8262,28.277],[81.8312,28.2743],[81.8436,28.272],[81.8449,28.2696],[81.8503,28.2658],[81.8542,28.2601],[81.8615,28.2551],[81.8647,28.2498],[81.8643,28.2451],[81.8609,28.2387],[81.8768,28.2392],[81.8829,28.2435],[81.8871,28.2404],[81.8886,28.2369],[81.8965,28.2333],[81.9093,28.2323],[81.914,28.2284],[81.9216,28.2269],[81.9225,28.224],[81.9209,28.2204],[81.927,28.2158],[81.9278,28.213],[81.9267,28.2095],[81.9311,28.2077],[81.9361,28.2077],[81.9387,28.2054],[81.9385,28.2018],[81.9466,28.1992],[81.9484,28.1965],[81.952,28.1941],[81.9593,28.1942],[81.9608,28.1952],[81.9627,28.1944],[81.9642,28.1919],[81.9631,28.1873],[81.9653,28.1845],[81.9688,28.1825],[81.9707,28.1824],[81.9732,28.185],[81.9779,28.1829],[81.9799,28.1783],[81.9847,28.1772],[81.9871,28.1724],[81.9982,28.1637],[82.0076,28.1511],[82.012,28.1542],[82.0111,28.1607],[82.015,28.1641],[82.0128,28.17],[82.0165,28.176],[82.0182,28.1819],[82.0225,28.1845],[82.0281,28.1856],[82.0292,28.1877],[82.0292,28.1939],[82.0231,28.2013],[82.0263,28.2044],[82.0269,28.2085],[82.0309,28.2141],[82.0369,28.2151],[82.0357,28.2176],[82.0394,28.2214],[82.0422,28.2302],[82.0463,28.2321],[82.051,28.2398],[82.0543,28.2421],[82.0618,28.2407],[82.0687,28.2371],[82.0697,28.2394],[82.0813,28.2486],[82.0917,28.2494],[82.094,28.2551],[82.1008,28.259],[82.1083,28.2583],[82.1116,28.2546],[82.1177,28.2516],[82.126,28.2544],[82.1328,28.2516],[82.1381,28.2452],[82.1426,28.2419],[82.1438,28.2372],[82.147,28.2376],[82.149,28.2392],[82.1529,28.2381],[82.1535,28.2412],[82.1608,28.2418],[82.1667,28.2501],[82.1695,28.2516],[82.1758,28.249],[82.1824,28.2498],[82.19,28.2484],[82.1942,28.2468],[82.1987,28.243],[82.2178,28.2497],[82.2233,28.2478],[82.2332,28.24],[82.244,28.2379],[82.248,28.2396],[82.256,28.2397],[82.2583,28.2437],[82.2649,28.2437],[82.2731,28.2466],[82.2755,28.2485],[82.2819,28.2482],[82.2873,28.2457],[82.2917,28.2469],[82.2972,28.2452],[82.3004,28.246],[82.3023,28.2327],[82.3055,28.2314],[82.3102,28.2317],[82.3125,28.2269],[82.3124,28.2234],[82.3272,28.2253],[82.3376,28.2236],[82.3461,28.2164],[82.3472,28.2087],[82.3549,28.2056],[82.3588,28.1991],[82.3631,28.1968],[82.3671,28.1899],[82.3781,28.1846],[82.3871,28.1886],[82.3928,28.1893],[82.3969,28.1828],[82.3937,28.1745],[82.3968,28.1689],[82.3988,28.1705],[82.4014,28.1764],[82.3992,28.1802],[82.4035,28.185],[82.4006,28.1924],[82.4031,28.2022],[82.4023,28.2054],[82.4045,28.2116],[82.4037,28.2132],[82.4057,28.2157],[82.4068,28.2207],[82.4149,28.2247],[82.4189,28.2298],[82.422,28.2299],[82.4242,28.2281],[82.4276,28.2301],[82.4282,28.2349],[82.4269,28.239],[82.4351,28.2435],[82.4373,28.2467],[82.4356,28.2483],[82.4301,28.2496],[82.4278,28.2522],[82.4241,28.2512],[82.4198,28.2537],[82.4133,28.2539],[82.4103,28.2583],[82.4036,28.2622],[82.4035,28.265],[82.3955,28.2771],[82.3953,28.283],[82.3914,28.2853],[82.3864,28.2909],[82.3836,28.2917],[82.3816,28.296],[82.3825,28.2971],[82.3763,28.3047],[82.3775,28.3101],[82.3761,28.3152],[82.3725,28.3177],[82.3635,28.3196],[82.3642,28.3218],[82.3668,28.3235],[82.3674,28.33],[82.3642,28.3302],[82.3632,28.3409],[82.366,28.344],[82.3793,28.3518],[82.3785,28.3566],[82.3761,28.3585],[82.3804,28.3636],[82.3828,28.3647],[82.3836,28.3728],[82.3752,28.3774],[82.3666,28.3869],[82.3636,28.3883],[82.3626,28.3946],[82.3656,28.4032],[82.3625,28.4053],[82.361,28.4082],[82.3561,28.4088],[82.3532,28.4105],[82.3539,28.4149],[82.3516,28.4174],[82.3504,28.4218],[82.3512,28.4239],[82.3651,28.4262],[82.3685,28.4259],[82.3762,28.43],[82.3769,28.4365],[82.3738,28.4483],[82.3836,28.4561],[82.3867,28.4577],[82.3918,28.4583],[82.396,28.4609],[82.3961,28.4685],[82.4007,28.4701],[82.4017,28.4734],[82.4056,28.4782],[82.4059,28.4868],[82.4093,28.4885],[82.4115,28.492],[82.4118,28.4965],[82.4075,28.5037],[82.4119,28.513],[82.4143,28.5135],[82.4171,28.5177],[82.4166,28.5234],[82.4182,28.5288],[82.4171,28.5307],[82.413,28.5322],[82.407,28.5317],[82.4015,28.5356],[82.397,28.5326],[82.3929,28.5266],[82.3892,28.5289],[82.3835,28.5297],[82.3811,28.5329],[82.3782,28.541],[82.381,28.5434],[82.3821,28.5464],[82.376,28.552],[82.376,28.5565],[82.3776,28.5596],[82.375,28.5665],[82.3653,28.574],[82.3531,28.5767],[82.3507,28.5814],[82.34,28.5896],[82.3384,28.5885],[82.3374,28.5897],[82.3288,28.5906],[82.3256,28.5924],[82.3225,28.5912],[82.3147,28.5921],[82.3123,28.5944],[82.3074,28.5929],[82.3053,28.5969],[82.3017,28.5966],[82.2995,28.5976],[82.2966,28.5969],[82.2925,28.5934],[82.2865,28.5965],[82.2827,28.5969],[82.2771,28.5958],[82.2726,28.5929],[82.2642,28.5968],[82.2595,28.5967],[82.2569,28.5996],[82.2497,28.6006],[82.2374,28.6097],[82.2277,28.6095],[82.2211,28.6072],[82.2199,28.6094],[82.2021,28.6225],[82.1847,28.6231]]]},"properties":{"DIST_EN":"Salyan","DIST_PCODE":"NP0653"}},
{"type":"Feature","geometry":{"type":"Polygon","coordinates":[[[87.6655,27.8069],[87.6654,27.8127],[87.6637,27.8174],[87.6652,27.8201],[87.663,27.8227],[87.6697,27.8301],[87.6695,27.8349],[87.6651,27.8365],[87.6583,27.8366],[87.647,27.8338],[87.6422,27.8351],[87.6358,27.8344],[87.6325,27.8327],[87.632,27.8248],[87.6274,27.8215],[87.6233,27.822],[87.6169,27.819],[87.6148,27.8159],[87.614,27.8116],[87.6122,27.8106],[87.6102,27.8116],[87.6066,27.8179],[87.6015,27.8211],[87.5951,27.8214],[87.5903,27.8199],[87.5888,27.8272],[87.591,27.8335],[87.586,27.8498],[87.5864,27.8529],[87.5826,27.8559],[87.5788,27.862],[87.5713,27.8614],[87.5694,27.8637],[87.5624,27.8671],[87.5521,27.8652],[87.5506,27.8579],[87.5477,27.8533],[87.5442,27.849],[87.536,27.8432],[87.5311,27.8455],[87.5208,27.8436],[87.5159,27.8461],[87.5089,27.8471],[87.5048,27.8455],[87.5014,27.8464],[87.493,27.844],[87.4901,27.8465],[87.4797,27.8405],[87.4757,27.8398],[87.4747,27.8364],[87.4594,27.8261],[87.4498,27.8224],[87.4227,27.8316],[87.4116,27.8338],[87.4036,27.8341],[87.4049,27.8373],[87.4089,27.8389],[87.422,27.8412],[87.4265,27.8404],[87.4318,27.8424],[87.4332,27.8462],[87.4299,27.8507],[87.426,27.8522],[87.4256,27.8588],[87.4192,27.8606],[87.4186,27.8625],[87.4152,27.8591],[87.4074,27.8567],[87.4026,27.852],[87.3738,27.8454],[87.3681,27.8382],[87.3652,27.8364],[87.3607,27.8289],[87.3552,27.8275],[87.3514,27.828],[87.348,27.8305],[87.3455,27.8279],[87.3379,27.83],[87.33,27.8272],[87.3179,27.8258],[87.3156,27.8289],[87.3045,27.8355],[87.3036,27.8435],[87.2933,27.8438],[87.2879,27.846],[87.2848,27.8446],[87.2655,27.851],[87.2638,27.8497],[87.2604,27.851],[87.25,27.8431],[87.2475,27.8436],[87.2387,27.8395],[87.2358,27.8334],[87.2288,27.826],[87.2257,27.8198],[87.2236,27.8228],[87.2178,27.8236],[87.2048,27.821],[87.2028,27.8224],[87.2003,27.8222],[87.1932,27.82],[87.1836,27.8223],[87.179,27.8207],[87.1683,27.8217],[87.1567,27.8245],[87.1528,27.8297],[87.1405,27.8372],[87.1326,27.8369],[87.1263,27.8342],[87.1219,27.8393],[87.1159,27.8404],[87.11,27.8481],[87.1099,27.8516],[87.1082,27.8543],[87.1072,27.875],[87.1038,27.8782],[87.0952,27.8797],[87.0888,27.8827],[87.0878,27.8855],[87.0886,27.8896],[87.0861,27.8909],[87.082,27.8995],[87.0778,27.9029],[87.077,27.9077],[87.0783,27.9157],[87.0658,27.924],[87.0534,27.9266],[87.0503,27.9343],[87.0458,27.9384],[87.0391,27.9504],[87.0323,27.9494],[87.0242,27.95],[87.0184,27.9541],[87.0157,27.9577],[87.0088,27.9535],[86.9922,27.9548],[86.9878,27.951],[86.9833,27.9495],[86.9792,27.9362],[86.9789,27.9264],[86.9811,27.9199],[86.9729,27.9153],[86.9719,27.9108],[86.9679,27.9078],[86.9671,27.9027],[86.9733,27.8952],[86.974,27.8774],[86.9781,27.8743],[86.9802,27.871],[86.9906,27.847],[86.9897,27.8394],[86.9863,27.8366],[86.9854,27.8335],[86.9811,27.8309],[86.9767,27.8259],[86.9843,27.8242],[86.9912,27.8259],[86.998,27.8245],[87.0007,27.8208],[87.0091,27.8176],[87.0102,27.8148],[86.9936,27.7951],[86.9831,27.7914],[86.986,27.7846],[86.9862,27.7807],[86.9795,27.7754],[86.98,27.7662],[86.983,27.7561],[86.979,27.7503],[86.9937,27.7421],[86.9954,27.7317],[86.9982,27.7298],[87.0028,27.73],[87.0053,27.7289],[87.0082,27.726],[87.0075,27.7178],[87.0051,27.7115],[87.0004,27.7075],[86.9982,27.6995],[86.9903,27.6944],[86.9874,27.6871],[86.9875,27.659],[86.9841,27.6526],[86.9837,27.6463],[86.9797,27.6424],[86.9762,27.6414],[86.9734,27.636],[86.9682,27.6329],[86.9672,27.6286],[86.9597,27.6198],[86.9573,27.6088],[86.9537,27.6047],[86.9568,27.5992],[86.9558,27.597],[86.9569,27.5892],[86.9564,27.5781],[86.9535,27.5724],[86.9553,27.5705],[86.962,27.5684],[86.9659,27.5615],[86.9673,27.5511],[86.9667,27.5416],[86.9542,27.5344],[86.948,27.5279],[86.9432,27.5169],[86.9429,27.5092],[86.9472,27.5007],[86.9571,27.492],[86.9629,27.4835],[86.9595,27.4819],[86.9582,27.4794],[86.948,27.4751],[86.9463,27.4668],[86.9433,27.4639],[86.9441,27.462],[86.9404,27.4606],[86.9402,27.4592],[86.9453,27.4579],[86.9548,27.4583],[86.9632,27.4503],[86.9751,27.447],[86.9804,27.4419],[86.9931,27.4384],[86.9968,27.4392],[87.0016,27.4377],[87.0045,27.4385],[87.0101,27.4361],[87.0163,27.437],[87.0223,27.4404],[87.0312,27.4427],[87.0373,27.4471],[87.0421,27.4479],[87.0448,27.4473],[87.0475,27.4445],[87.0569,27.441],[87.0576,27.4442],[87.0608,27.4483],[87.0726,27.4601],[87.0782,27.4574],[87.0857,27.458],[87.0887,27.4561],[87.0943,27.4555],[87.1034,27.4621],[87.1064,27.4622],[87.1087,27.4637],[87.1105,27.4589],[87.1206,27.4573],[87.1225,27.4558],[87.1257,27.4575],[87.1338,27.4533],[87.1382,27.4526],[87.1402,27.4471],[87.1335,27.4364],[87.1275,27.4347],[87.1239,27.4268],[87.1267,27.4232],[87.1258,27.4174],[87.1302,27.4093],[87.1251,27.4022],[87.1284,27.4006],[87.1316,27.3946],[87.142,27.394],[87.1499,27.3879],[87.1547,27.3813],[87.1686,27.3759],[87.1738,27.3711],[87.1761,27.3656],[87.1805,27.3633],[87.1854,27.3576],[87.1922,27.3524],[87.192,27.3467],[87.1845,27.3365],[87.1851,27.3342],[87.1914,27.3297],[87.1912,27.327],[87.1847,27.3214],[87.1821,27.3161],[87.1893,27.3119],[87.1915,27.3087],[87.1988,27.3051],[87.2014,27.3019],[87.1997,27.2945],[87.2018,27.2878],[87.2068,27.2814],[87.2046,27.2732],[87.2098,27.2679],[87.2095,27.2665],[87.2066,27.2651],[87.2002,27.2673],[87.1973,27.265],[87.1988,27.2614],[87.2043,27.2603],[87.2056,27.2523],[87.2023,27.2496],[87.2024,27.247],[87.2052,27.2445],[87.2111,27.2437],[87.2133,27.2364],[87.2161,27.2335],[87.2274,27.2289],[87.23,27.2223],[87.2376,27.2172],[87.238,27.2118],[87.2429,27.206],[87.2439,27.2018],[87.2466,27.1985],[87.247,27.1916],[87.252,27.1895],[87.2582,27.184],[87.2578,27.181],[87.2595,27.178],[87.2632,27.1774],[87.2642,27.1784],[87.2635,27.1806],[87.2652,27.1826],[87.2772,27.186],[87.2853,27.1902],[87.2923,27.1904],[87.3017,27.1856],[87.307,27.1852],[87.3072,27.184],[87.3124,27.1824],[87.3278,27.1882],[87.3429,27.1872],[87.3487,27.1895],[87.357,27.1909],[87.3603,27.1877],[87.3661,27.188],[87.3758,27.18],[87.377,27.1753],[87.3742,27.1673],[87.379,27.166],[87.3861,27.1592],[87.3872,27.1521],[87.3897,27.1479],[87.3971,27.144],[87.4068,27.1364],[87.4094,27.146],[87.406,27.1559],[87.4084,27.1586],[87.4118,27.1676],[87.4199,27.1761],[87.4314,27.1796],[87.4517,27.1797],[87.4597,27.1901],[87.4701,27.1979],[87.4675,27.2016],[87.4688,27.2044],[87.4688,27.2141],[87.4674,27.2179],[87.4778,27.237],[87.4797,27.2502],[87.4882,27.2602],[87.4893,27.2653],[87.4918,27.2689],[87.5018,27.2782],[87.5103,27.2903],[87.5165,27.2967],[87.5163,27.3025],[87.5144,27.3062],[87.5068,27.309],[87.5017,27.3132],[87.4975,27.314],[87.4941,27.3221],[87.4925,27.3325],[87.4797,27.3433],[87.4745,27.3537],[87.4744,27.3575],[87.4665,27.3669],[87.4585,27.3717],[87.4567,27.3777],[87.4567,27.3867],[87.4524,27.3919],[87.4444,27.4062],[87.4471,27.414],[87.4523,27.418],[87.4562,27.4259],[87.4611,27.4467],[87.4606,27.4667],[87.4587,27.4738],[87.4641,27.4805],[87.4713,27.4867],[87.4712,27.4906],[87.4665,27.4959],[87.4698,27.4999],[87.4678,27.5048],[87.4682,27.5075],[87.4764,27.5124],[87.4775,27.5172],[87.4747,27.5219],[87.475,27.5272],[87.4786,27.5335],[87.4807,27.5433],[87.483,27.5454],[87.4872,27.5465],[87.4821,27.555],[87.4813,27.559],[87.4828,27.5619],[87.4818,27.5672],[87.4837,27.5688],[87.4877,27.5696],[87.4898,27.5769],[87.4988,27.5813],[87.5128,27.599],[87.5202,27.5967],[87.525,27.5929],[87.5294,27.595],[87.5277,27.6031],[87.5306,27.6142],[87.5361,27.6241],[87.5347,27.632],[87.5388,27.6347],[87.5439,27.6361],[87.545,27.6382],[87.5443,27.6458],[87.5397,27.651],[87.5323,27.6522],[87.5427,27.6571],[87.5455,27.6595],[87.5461,27.6627],[87.5451,27.6648],[87.5492,27.6689],[87.5494,27.6808],[87.5529,27.6879],[87.558,27.6911],[87.558,27.6946],[87.5611,27.6985],[87.5642,27.6988],[87.5676,27.6949],[87.5746,27.6932],[87.5749,27.6828],[87.5764,27.679],[87.5798,27.6762],[87.5842,27.6774],[87.5906,27.6815],[87.5925,27.6799],[87.6,27.6794],[87.6012,27.6743],[87.6053,27.6742],[87.6078,27.6753],[87.6105,27.6831],[87.6145,27.6857],[87.6164,27.6886],[87.6155,27.6955],[87.6128,27.7002],[87.6152,27.7046],[87.6219,27.7119],[87.6301,27.7124],[87.6363,27.7098],[87.6394,27.7101],[87.6397,27.7148],[87.6379,27.7188],[87.6441,27.7272],[87.6412,27.731],[87.6519,27.7388],[87.6557,27.7397],[87.6573,27.7439],[87.6637,27.7503],[87.6572,27.7617],[87.665,27.7659],[87.6716,27.7735],[87.6704,27.7759],[87.6709,27.7807],[87.673,27.7841],[87.6748,27.7848],[87.6773,27.7899],[87.6726,27.7995],[87.6684,27.802],[87.6655,27.8069]]]},"properties":{"DIST_EN":"Sankhuwasabha","DIST_PCODE":"NP0109"}},
{"type":"Feature","geometry":{"type":"Polygon","coordinates":[[[87.01,26.7109],[87.0071,26.7088],[87.0035,26.7088],[87.0008,26.7103],[87.0005,26.7075],[86.9959,26.7031],[86.9932,26.7038],[86.9913,26.703],[86.9905,26.6982],[86.9841,26.704],[86.9828,26.715],[86.9732,26.7217],[86.9707,26.731],[86.9671,26.7357],[86.9629,26.7358],[86.9488,26.7322],[86.9445,26.733],[86.9325,26.7407],[86.9247,26.7502],[86.9278,26.7584],[86.9259,26.7632],[86.9213,26.7666],[86.9136,26.7605],[86.9087,26.7593],[86.9095,26.7556],[86.9084,26.7488],[86.9112,26.7399],[86.9071,26.7387],[86.9065,26.7358],[86.9034,26.736],[86.9047,26.7344],[86.9041,26.7321],[86.9026,26.7307],[86.901,26.7316],[86.9013,26.7294],[86.8993,26.7292],[86.8977,26.7258],[86.8943,26.7247],[86.8892,26.7197],[86.885,26.7121],[86.8824,26.7113],[86.879,26.713],[86.8713,26.7132],[86.8666,26.7099],[86.8657,26.7007],[86.8616,26.7018],[86.8591,26.7004],[86.8585,26.6979],[86.8572,26.6985],[86.8537,26.6962],[86.8507,26.6965],[86.8512,26.6933],[86.8483,26.6913],[86.8462,26.6937],[86.8437,26.6932],[86.842,26.6906],[86.8405,26.6918],[86.8418,26.6958],[86.8376,26.7099],[86.8239,26.7143],[86.8188,26.7093],[86.8154,26.7097],[86.8143,26.7078],[86.8084,26.7089],[86.8063,26.7128],[86.8,26.7127],[86.7975,26.7105],[86.7949,26.7105],[86.7925,26.7082],[86.7895,26.7078],[86.7838,26.7046],[86.7814,26.7017],[86.7758,26.7027],[86.7719,26.6989],[86.7686,26.6992],[86.7641,26.6951],[86.7599,26.6954],[86.7571,26.6901],[86.754,26.6885],[86.7531,26.6863],[86.7522,26.6867],[86.7538,26.6931],[86.7531,26.6952],[86.7487,26.6981],[86.7467,26.697],[86.7459,26.6994],[86.7423,26.7018],[86.7421,26.705],[86.7395,26.7059],[86.74,26.7099],[86.737,26.7123],[86.7334,26.7121],[86.7318,26.7104],[86.7296,26.7113],[86.7275,26.7097],[86.7224,26.7096],[86.7213,26.7079],[86.718,26.7068],[86.7147,26.7083],[86.7104,26.7069],[86.7063,26.7072],[86.706,26.7053],[86.7037,26.704],[86.7028,26.6994],[86.6983,26.6981],[86.6912,26.6897],[86.6848,26.6881],[86.6793,26.6893],[86.6705,26.6937],[86.6699,26.6957],[86.6711,26.6971],[86.669,26.7015],[86.6649,26.7045],[86.6566,26.6915],[86.6525,26.6917],[86.6489,26.6899],[86.6419,26.6982],[86.6387,26.6976],[86.6338,26.6985],[86.6313,26.6948],[86.6282,26.6943],[86.6274,26.69],[86.6163,26.6951],[86.6135,26.694],[86.6107,26.689],[86.6053,26.6927],[86.6019,26.6999],[86.5977,26.6973],[86.5883,26.6974],[86.5864,26.6965],[86.5861,26.7004],[86.5831,26.7018],[86.5812,26.7082],[86.5833,26.7122],[86.5802,26.7133],[86.5799,26.7167],[86.5721,26.7224],[86.5729,26.7308],[86.5717,26.7335],[86.5739,26.7396],[86.564,26.7441],[86.5561,26.7446],[86.5532,26.746],[86.5613,26.758],[86.5678,26.7643],[86.5689,26.7681],[86.5727,26.7682],[86.5728,26.77],[86.5772,26.7758],[86.5779,26.7844],[86.5715,26.7847],[86.5666,26.781],[86.565,26.7829],[86.5654,26.7878],[86.5639,26.7911],[86.5621,26.7895],[86.5576,26.7902],[86.5563,26.7881],[86.5514,26.7867],[86.5503,26.7847],[86.5496,26.7853],[86.5477,26.7819],[86.5435,26.7832],[86.5432,26.7843],[86.5379,26.7833],[86.5363,26.7844],[86.5382,26.7878],[86.5349,26.7872],[86.5313,26.7888],[86.5295,26.7864],[86.5251,26.7851],[86.5254,26.7834],[86.523,26.7785],[86.5243,26.7758],[86.5234,26.7733],[86.5248,26.7716],[86.5231,26.7643],[86.5202,26.7606],[86.5252,26.753],[86.5278,26.7513],[86.5285,26.7447],[86.527,26.7431],[86.524,26.7431],[86.5108,26.7369],[86.5065,26.7309],[86.5057,26.7265],[86.5026,26.7234],[86.5039,26.7177],[86.5068,26.7142],[86.506,26.7051],[86.5101,26.6984],[86.5069,26.6917],[86.509,26.6824],[86.5051,26.6761],[86.5035,26.6676],[86.4986,26.6638],[86.4985,26.6576],[86.5004,26.6544],[86.5042,26.6522],[86.5054,26.6473],[86.5041,26.6427],[86.507,26.6396],[86.5073,26.6366],[86.5058,26.634],[86.5121,26.6234],[86.5101,26.6158],[86.5109,26.6083],[86.5096,26.6066],[86.5129,26.6021],[86.5116,26.599],[86.5049,26.5926],[86.5054,26.5899],[86.5027,26.5868],[86.4973,26.5843],[86.4944,26.5788],[86.4964,26.5607],[86.4874,26.5528],[86.4859,26.5499],[86.4987,26.542],[86.5157,26.5393],[86.5207,26.543],[86.5239,26.5435],[86.5418,26.5385],[86.5482,26.5313],[86.5506,26.5304],[86.5509,26.5247],[86.552,26.5236],[86.5544,26.5243],[86.5553,26.5222],[86.5556,26.5181],[86.5542,26.5187],[86.5546,26.5162],[86.5614,26.5097],[86.5644,26.5011],[86.5688,26.4992],[86.569,26.4978],[86.5704,26.498],[86.5703,26.4965],[86.5807,26.494],[86.5886,26.4935],[86.6116,26.4857],[86.6138,26.4871],[86.6152,26.4848],[86.6185,26.4837],[86.6206,26.4844],[86.6216,26.4818],[86.626,26.4808],[86.627,26.4771],[86.6281,26.479],[86.6294,26.4781],[86.6276,26.4758],[86.6261,26.4696],[86.6299,26.4696],[86.6274,26.4671],[86.6299,26.4667],[86.6302,26.4687],[86.6334,26.4646],[86.6344,26.4662],[86.6372,26.4664],[86.6385,26.4656],[86.6384,26.464],[86.64,26.4634],[86.6903,26.451],[86.6934,26.4512],[86.6944,26.4491],[86.6961,26.4489],[86.6955,26.4448],[86.6985,26.4428],[86.6998,26.4374],[86.7201,26.4349],[86.7251,26.4262],[86.7273,26.4249],[86.7286,26.4269],[86.7304,26.4261],[86.7297,26.4225],[86.7311,26.4224],[86.7328,26.4245],[86.7371,26.4234],[86.738,26.4258],[86.7407,26.4246],[86.7433,26.4273],[86.747,26.4286],[86.7471,26.4337],[86.7443,26.434],[86.744,26.435],[86.7473,26.4362],[86.75,26.4415],[86.7531,26.4421],[86.7535,26.4465],[86.7602,26.4482],[86.7604,26.4516],[86.7641,26.4513],[86.7642,26.4544],[86.7625,26.4559],[86.7663,26.4594],[86.7691,26.4595],[86.8045,26.4464],[86.8334,26.4391],[86.8351,26.4411],[86.837,26.4402],[86.8379,26.4426],[86.8401,26.4419],[86.8394,26.4405],[86.8429,26.4403],[86.8446,26.4427],[86.847,26.4424],[86.8454,26.4445],[86.8459,26.4483],[86.8497,26.4487],[86.8518,26.4476],[86.856,26.4485],[86.86,26.4563],[86.8619,26.4565],[86.861,26.4576],[86.8652,26.4577],[86.8649,26.4556],[86.8667,26.4563],[86.8665,26.4549],[86.8689,26.4545],[86.8708,26.4556],[86.8715,26.4541],[86.8729,26.4541],[86.876,26.4557],[86.8752,26.4577],[86.8793,26.4571],[86.8824,26.4597],[86.884,26.4597],[86.8845,26.4614],[86.894,26.4621],[86.8952,26.4674],[86.8945,26.4692],[86.8923,26.4692],[86.8937,26.4721],[86.8924,26.4723],[86.8934,26.4737],[86.8922,26.4757],[86.8935,26.4764],[86.8918,26.4764],[86.8926,26.4782],[86.8901,26.4818],[86.8916,26.4862],[86.894,26.4865],[86.8932,26.4877],[86.9041,26.4884],[86.907,26.491],[86.9068,26.4941],[86.9097,26.4953],[86.9109,26.4992],[86.9162,26.5015],[86.9179,26.5045],[86.916,26.508],[86.9168,26.5125],[86.9237,26.5233],[86.9333,26.5336],[86.9509,26.5373],[86.9564,26.5424],[86.9636,26.5446],[86.9666,26.5471],[86.9691,26.552],[86.9721,26.5542],[86.9739,26.5581],[86.9923,26.5721],[86.9917,26.5763],[86.9849,26.5821],[86.9825,26.5864],[86.9826,26.591],[86.9894,26.606],[86.9869,26.6131],[86.9788,26.6252],[86.9857,26.6294],[86.9848,26.6327],[86.9887,26.6364],[86.9885,26.6411],[86.9911,26.645],[86.9911,26.6496],[86.9949,26.6541],[87.0019,26.6557],[87.0024,26.6596],[87.0063,26.6664],[87.0134,26.6709],[87.0135,26.6748],[87.0108,26.6841],[87.0146,26.6902],[87.0132,26.7003],[87.0096,26.7077],[87.01,26.7109]]]},"properties":{"DIST_EN":"Saptari","DIST_PCODE":"NP0215"}},
{"type":"Feature","geometry":{"type":"Polygon","coordinates":[[[85.8159,27.1613],[85.809,27.1617],[85.799,27.1673],[85.794,27.1683],[85.7881,27.1738],[85.7817,27.1751],[85.7759,27.1785],[85.7734,27.1785],[85.7694,27.1822],[85.7631,27.1825],[85.758,27.1851],[85.7503,27.186],[85.7475,27.1884],[85.7432,27.1876],[85.7383,27.1903],[85.7333,27.1907],[85.7237,27.1952],[85.7169,27.1878],[85.7037,27.1848],[85.6989,27.1863],[85.6949,27.1841],[85.6937,27.1811],[85.6901,27.1778],[85.6859,27.1764],[85.6817,27.1694],[85.6775,27.1672],[85.6711,27.1665],[85.6696,27.164],[85.6657,27.1622],[85.6624,27.1562],[85.6561,27.1551],[85.6563,27.1526],[85.6535,27.1529],[85.6503,27.1504],[85.6468,27.1446],[85.6417,27.1422],[85.6399,27.1429],[85.6335,27.1414],[85.6298,27.1374],[85.6228,27.1407],[85.6201,27.1388],[85.6128,27.1417],[85.6077,27.1396],[85.605,27.1396],[85.6,27.1436],[85.5972,27.1429],[85.5947,27.1406],[85.5891,27.1429],[85.5855,27.1435],[85.5839,27.1426],[85.5807,27.144],[85.5786,27.1435],[85.5711,27.1371],[85.5689,27.1435],[85.562,27.1447],[85.559,27.1439],[85.5536,27.1468],[85.5498,27.1457],[85.5492,27.1426],[85.5517,27.1406],[85.5468,27.1406],[85.5459,27.144],[85.5423,27.1445],[85.5422,27.1462],[85.5367,27.1489],[85.5332,27.1465],[85.533,27.144],[85.5308,27.141],[85.5208,27.1409],[85.516,27.1427],[85.5126,27.142],[85.5081,27.1438],[85.5007,27.1437],[85.4962,27.146],[85.4912,27.1541],[85.4895,27.1546],[85.491,27.1476],[85.4882,27.1389],[85.4846,27.135],[85.4738,27.129],[85.4709,27.1238],[85.4717,27.1191],[85.4642,27.1101],[85.4575,27.1067],[85.4549,27.1035],[85.4493,27.101],[85.4478,27.0959],[85.4428,27.0905],[85.4358,27.0903],[85.4339,27.0887],[85.432,27.0857],[85.4315,27.0795],[85.4344,27.0697],[85.4338,27.0673],[85.4244,27.0623],[85.4237,27.0529],[85.4155,27.0496],[85.4121,27.0447],[85.4111,27.0365],[85.4084,27.035],[85.4024,27.0343],[85.4007,27.0316],[85.3999,27.0258],[85.3967,27.024],[85.3965,27.0213],[85.3945,27.0187],[85.3885,27.0147],[85.3861,27.009],[85.3885,27.0057],[85.3887,27.0011],[85.3966,26.9944],[85.4013,26.9838],[85.4015,26.978],[85.3978,26.9745],[85.3959,26.9701],[85.3995,26.9609],[85.3981,26.9578],[85.4009,26.9546],[85.3976,26.9505],[85.3987,26.9405],[85.3962,26.9347],[85.3895,26.9251],[85.3873,26.9238],[85.3861,26.9193],[85.387,26.9165],[85.3895,26.9142],[85.3915,26.8991],[85.3939,26.8969],[85.3955,26.8924],[85.3928,26.887],[85.3928,26.8836],[85.3904,26.8807],[85.3827,26.8814],[85.3793,26.8806],[85.37,26.8728],[85.3603,26.8708],[85.3485,26.8641],[85.3468,26.8612],[85.3437,26.8608],[85.3425,26.8592],[85.3435,26.8549],[85.3524,26.8494],[85.3527,26.8412],[85.3492,26.8368],[85.3415,26.8353],[85.3392,26.8362],[85.3356,26.8338],[85.3323,26.8269],[85.3325,26.8226],[85.3286,26.8198],[85.3271,26.8158],[85.324,26.813],[85.325,26.8082],[85.3218,26.8044],[85.3259,26.7985],[85.3318,26.7982],[85.3404,26.7894],[85.3412,26.7869],[85.3405,26.7838],[85.3374,26.7801],[85.3297,26.7772],[85.3458,26.7754],[85.3457,26.7667],[85.3503,26.7647],[85.3513,26.7617],[85.3462,26.7597],[85.3332,26.7603],[85.3335,26.7563],[85.332,26.751],[85.3262,26.7447],[85.3345,26.7416],[85.3553,26.7603],[85.3616,26.7632],[85.3636,26.7604],[85.3694,26.7583],[85.3752,26.7607],[85.3842,26.7742],[85.3924,26.7755],[85.3978,26.7786],[85.4028,26.7829],[85.4077,26.7913],[85.4178,26.7904],[85.4255,26.786],[85.4297,26.7867],[85.4326,26.7902],[85.452,26.7813],[85.4584,26.7836],[85.4594,26.7844],[85.4585,26.7851],[85.4642,26.789],[85.4655,26.788],[85.4773,26.7923],[85.4789,26.7944],[85.4798,26.8024],[85.4959,26.7971],[85.4969,26.7996],[85.4955,26.8015],[85.497,26.803],[85.498,26.8078],[85.4968,26.8094],[85.4989,26.8106],[85.4978,26.8121],[85.5075,26.8169],[85.5198,26.8145],[85.543,26.8384],[85.5534,26.8344],[85.5576,26.8441],[85.5657,26.841],[85.5721,26.857],[85.5753,26.8611],[85.5767,26.8595],[85.5782,26.8596],[85.5782,26.8564],[85.5801,26.8564],[85.5818,26.8586],[85.5838,26.8582],[85.5864,26.8527],[85.5848,26.8505],[85.5852,26.8472],[85.6069,26.8573],[85.6235,26.8736],[85.6344,26.8723],[85.6424,26.8533],[85.6803,26.8433],[85.6805,26.8478],[85.6763,26.8556],[85.6785,26.8582],[85.6762,26.8645],[85.6808,26.8677],[85.6834,26.8709],[85.6835,26.8729],[85.689,26.8725],[85.6901,26.879],[85.6886,26.8789],[85.6879,26.8817],[85.6917,26.8822],[85.6948,26.8847],[85.6977,26.8967],[85.7036,26.8981],[85.7055,26.9005],[85.7043,26.9024],[85.7097,26.9042],[85.7052,26.9057],[85.7072,26.911],[85.7086,26.9117],[85.7099,26.9104],[85.7114,26.9118],[85.7074,26.9149],[85.7078,26.9193],[85.7056,26.9201],[85.7077,26.9217],[85.7116,26.9211],[85.7108,26.9233],[85.7073,26.9231],[85.707,26.9241],[85.7089,26.9264],[85.7135,26.9255],[85.7111,26.9291],[85.7122,26.93],[85.7113,26.932],[85.7176,26.9349],[85.7164,26.937],[85.7194,26.9397],[85.718,26.942],[85.7193,26.9435],[85.7194,26.947],[85.7231,26.9504],[85.7239,26.9531],[85.7265,26.9542],[85.7276,26.9599],[85.7306,26.9637],[85.7296,26.967],[85.7326,26.9701],[85.7328,26.9753],[85.7353,26.9796],[85.7339,26.9867],[85.7391,26.9926],[85.738,27.0003],[85.7396,27.0093],[85.7474,27.0269],[85.7477,27.0346],[85.757,27.0494],[85.7651,27.0539],[85.7809,27.0724],[85.7819,27.0822],[85.7839,27.0832],[85.7847,27.0866],[85.7878,27.0892],[85.7857,27.0909],[85.7865,27.0925],[85.7881,27.0923],[85.7902,27.0952],[85.7935,27.0953],[85.7952,27.0935],[85.7975,27.0947],[85.7965,27.0968],[85.7978,27.0976],[85.7945,27.1001],[85.7989,27.0996],[85.801,27.1051],[85.7997,27.1073],[85.7964,27.108],[85.7937,27.106],[85.7922,27.1062],[85.7921,27.1086],[85.7977,27.1144],[85.7909,27.1183],[85.7913,27.1207],[85.7934,27.1205],[85.7976,27.1234],[85.7949,27.1252],[85.7924,27.1296],[85.7932,27.1373],[85.7993,27.1395],[85.8013,27.143],[85.8102,27.1506],[85.8104,27.1556],[85.8159,27.1613]]]},"properties":{"DIST_EN":"Sarlahi","DIST_PCODE":"NP0219"}},
{"type":"Feature","geometry":{"type":"Polygon","coordinates":[[[86.2036,27.2503],[86.1914,27.2552],[86.1822,27.2521],[86.1738,27.2535],[86.158,27.2527],[86.1558,27.2516],[86.1507,27.2422],[86.1472,27.2435],[86.1421,27.2483],[86.1349,27.2514],[86.1291,27.2595],[86.1288,27.264],[86.1174,27.2687],[86.1127,27.2726],[86.1096,27.2714],[86.1067,27.2682],[86.0955,27.2678],[86.0905,27.2691],[86.0813,27.2757],[86.0777,27.2755],[86.0756,27.2781],[86.0759,27.2877],[86.0742,27.2916],[86.063,27.2913],[86.0604,27.2904],[86.059,27.2874],[86.0549,27.2883],[86.0477,27.2969],[86.0382,27.2988],[86.0308,27.3093],[86.0278,27.3099],[86.0239,27.3083],[86.0215,27.309],[86.021,27.3112],[86.0231,27.3141],[86.0185,27.3204],[85.9977,27.3375],[85.9922,27.3382],[85.9864,27.3353],[85.9832,27.336],[85.9816,27.3401],[85.983,27.3509],[85.9786,27.3545],[85.9795,27.3575],[85.9772,27.3659],[85.9774,27.3706],[85.9702,27.3752],[85.966,27.3845],[85.9593,27.3886],[85.9557,27.3893],[85.9531,27.3879],[85.952,27.3815],[85.9445,27.3808],[85.941,27.3857],[85.9338,27.3893],[85.9336,27.3955],[85.9275,27.3976],[85.9254,27.4043],[85.9179,27.409],[85.9102,27.4095],[85.8962,27.4163],[85.8914,27.4135],[85.8858,27.4199],[85.8785,27.4167],[85.8737,27.4194],[85.867,27.4192],[85.8621,27.4231],[85.8522,27.4251],[85.8487,27.4279],[85.8453,27.4285],[85.8392,27.4343],[85.83,27.4376],[85.8289,27.4408],[85.8268,27.4418],[85.829,27.4453],[85.8289,27.4481],[85.8242,27.449],[85.8215,27.451],[85.8158,27.4468],[85.8096,27.4448],[85.8076,27.4417],[85.8031,27.4387],[85.7978,27.4393],[85.7951,27.4418],[85.7908,27.4434],[85.7889,27.4393],[85.7862,27.4382],[85.785,27.4352],[85.785,27.429],[85.7833,27.4249],[85.7845,27.4224],[85.779,27.4184],[85.7778,27.4149],[85.7789,27.413],[85.7766,27.4104],[85.7735,27.3982],[85.7676,27.4002],[85.7583,27.4006],[85.7545,27.4037],[85.744,27.4084],[85.7384,27.4092],[85.7344,27.4079],[85.7272,27.412],[85.7207,27.4101],[85.7144,27.4064],[85.7126,27.4037],[85.7116,27.3973],[85.7069,27.3936],[85.7005,27.3853],[85.698,27.3783],[85.6981,27.3741],[85.6963,27.3727],[85.6976,27.3682],[85.6954,27.3639],[85.7044,27.3573],[85.7056,27.3514],[85.7041,27.3459],[85.703,27.3443],[85.7005,27.3437],[85.6992,27.341],[85.6893,27.3371],[85.6791,27.3452],[85.6749,27.3433],[85.6724,27.3444],[85.6721,27.3412],[85.6627,27.3376],[85.661,27.3349],[85.6506,27.3336],[85.6455,27.3407],[85.6417,27.3426],[85.6435,27.3458],[85.6393,27.3462],[85.6392,27.3479],[85.6419,27.3481],[85.6418,27.3498],[85.6393,27.3488],[85.638,27.3524],[85.6352,27.3536],[85.6333,27.3527],[85.6347,27.3503],[85.632,27.3493],[85.6315,27.3476],[85.6229,27.3448],[85.6177,27.3454],[85.6113,27.343],[85.6061,27.3441],[85.5996,27.3431],[85.5982,27.3447],[85.5933,27.3437],[85.587,27.3452],[85.5855,27.3435],[85.5781,27.3447],[85.577,27.3417],[85.5707,27.3405],[85.5651,27.3411],[85.5666,27.3434],[85.5646,27.3448],[85.5627,27.3433],[85.5628,27.3404],[85.5591,27.3394],[85.5554,27.3426],[85.5553,27.3459],[85.5529,27.3461],[85.5516,27.3436],[85.5504,27.3434],[85.5477,27.3473],[85.54,27.3493],[85.5394,27.3539],[85.536,27.3545],[85.5332,27.3567],[85.5272,27.3542],[85.5232,27.35],[85.5135,27.3507],[85.5037,27.3573],[85.5101,27.3654],[85.5085,27.3657],[85.507,27.3638],[85.506,27.3644],[85.5054,27.3682],[85.5016,27.3726],[85.4974,27.3716],[85.4946,27.3763],[85.4913,27.3746],[85.4871,27.3764],[85.4789,27.3716],[85.4726,27.3701],[85.4726,27.3666],[85.466,27.3573],[85.4615,27.355],[85.4543,27.3548],[85.4479,27.3504],[85.4468,27.3484],[85.4478,27.3409],[85.4463,27.3367],[85.4388,27.3366],[85.4317,27.3333],[85.4253,27.3327],[85.4182,27.3212],[85.4222,27.3153],[85.4242,27.3043],[85.4267,27.3021],[85.4316,27.3008],[85.4305,27.2921],[85.4332,27.2877],[85.4373,27.2842],[85.44,27.2832],[85.4434,27.285],[85.4481,27.2846],[85.4524,27.2809],[85.4563,27.2813],[85.46,27.2799],[85.4667,27.2754],[85.4721,27.2698],[85.4786,27.2697],[85.4809,27.2677],[85.4827,27.2635],[85.4828,27.259],[85.4887,27.2502],[85.4872,27.2396],[85.4886,27.2357],[85.4873,27.2293],[85.4878,27.2208],[85.4965,27.2208],[85.5016,27.2232],[85.5038,27.2223],[85.5045,27.2194],[85.5014,27.2117],[85.5015,27.2082],[85.5104,27.1986],[85.5038,27.1941],[85.4977,27.1954],[85.4941,27.1978],[85.4884,27.1982],[85.4871,27.1929],[85.4925,27.1871],[85.4881,27.1836],[85.4856,27.183],[85.4825,27.1841],[85.4805,27.1806],[85.4823,27.1786],[85.4827,27.1758],[85.4877,27.1762],[85.4899,27.1715],[85.4952,27.1737],[85.5007,27.1758],[85.5031,27.1737],[85.5026,27.171],[85.4995,27.168],[85.5033,27.1659],[85.504,27.1635],[85.5027,27.1626],[85.4956,27.1632],[85.4931,27.1622],[85.4895,27.1546],[85.4912,27.1541],[85.4962,27.146],[85.5007,27.1437],[85.5081,27.1438],[85.5126,27.142],[85.516,27.1427],[85.5208,27.1409],[85.5308,27.141],[85.533,27.144],[85.5332,27.1465],[85.5367,27.1489],[85.5422,27.1462],[85.5423,27.1445],[85.5459,27.144],[85.5468,27.1406],[85.5517,27.1406],[85.5492,27.1426],[85.5498,27.1457],[85.5536,27.1468],[85.559,27.1439],[85.562,27.1447],[85.5689,27.1435],[85.5711,27.1371],[85.5786,27.1435],[85.5807,27.144],[85.5839,27.1426],[85.5855,27.1435],[85.5891,27.1429],[85.5947,27.1406],[85.5972,27.1429],[85.6,27.1436],[85.605,27.1396],[85.6077,27.1396],[85.6128,27.1417],[85.6201,27.1388],[85.6228,27.1407],[85.6298,27.1374],[85.6335,27.1414],[85.6399,27.1429],[85.6417,27.1422],[85.6468,27.1446],[85.6503,27.1504],[85.6535,27.1529],[85.6563,27.1526],[85.6561,27.1551],[85.6624,27.1562],[85.6657,27.1622],[85.6696,27.164],[85.6711,27.1665],[85.6775,27.1672],[85.6817,27.1694],[85.6859,27.1764],[85.6901,27.1778],[85.6937,27.1811],[85.6949,27.1841],[85.6989,27.1863],[85.7037,27.1848],[85.7169,27.1878],[85.7237,27.1952],[85.7333,27.1907],[85.7383,27.1903],[85.7432,27.1876],[85.7475,27.1884],[85.7503,27.186],[85.758,27.1851],[85.7631,27.1825],[85.7694,27.1822],[85.7734,27.1785],[85.7759,27.1785],[85.7817,27.1751],[85.7881,27.1738],[85.794,27.1683],[85.799,27.1673],[85.809,27.1617],[85.8159,27.1613],[85.8253,27.1684],[85.8307,27.1672],[85.8435,27.16],[85.8398,27.1526],[85.8346,27.1497],[85.8357,27.1471],[85.8455,27.1409],[85.8535,27.138],[85.8549,27.134],[85.8584,27.1326],[85.8625,27.1272],[85.8637,27.1271],[85.8683,27.1336],[85.8755,27.1404],[85.8809,27.1436],[85.8829,27.1464],[85.8866,27.1458],[85.8909,27.1413],[85.8931,27.1411],[85.9056,27.1339],[85.9117,27.1324],[85.9141,27.1297],[85.9293,27.1256],[85.9381,27.1214],[85.9359,27.1102],[85.9441,27.0921],[85.9481,27.0882],[85.951,27.0878],[85.9499,27.084],[85.9556,27.0842],[85.962,27.0799],[85.9632,27.0732],[85.9655,27.0738],[85.9669,27.0704],[85.9661,27.0672],[85.9697,27.061],[85.9709,27.051],[85.9825,27.0369],[85.9826,27.035],[85.9858,27.0332],[85.9876,27.0284],[85.9917,27.0248],[85.9983,27.0232],[86.0019,27.021],[86.0058,27.022],[86.0093,27.0202],[86.0109,27.0205],[86.0123,27.0187],[86.015,27.0201],[86.0211,27.0192],[86.0303,27.0208],[86.0421,27.0196],[86.0475,27.0214],[86.0491,27.019],[86.0553,27.0182],[86.0892,27.0191],[86.1064,27.0152],[86.1253,27.0073],[86.1404,26.9993],[86.1545,26.9938],[86.1631,26.9919],[86.1672,26.9888],[86.1701,26.9891],[86.1764,26.9867],[86.1789,26.9844],[86.1876,26.9825],[86.1873,26.9775],[86.1915,26.9786],[86.1926,26.975],[86.1986,26.9706],[86.2102,26.9656],[86.2185,26.9578],[86.2188,26.9543],[86.2217,26.9549],[86.2266,26.9496],[86.2342,26.9505],[86.2354,26.9468],[86.2414,26.9399],[86.2554,26.9325],[86.2579,26.9284],[86.257,26.9273],[86.2572,26.9216],[86.2597,26.9191],[86.2599,26.923],[86.2631,26.9271],[86.2784,26.9347],[86.281,26.9428],[86.281,26.9467],[86.2835,26.9492],[86.2912,26.9503],[86.2966,26.9524],[86.3097,26.9616],[86.315,26.9635],[86.3326,26.9648],[86.347,26.9637],[86.353,26.9646],[86.3652,26.98],[86.3682,26.9955],[86.3667,27.0003],[86.3731,27.0036],[86.3741,27.0074],[86.3722,27.0108],[86.3741,27.0129],[86.372,27.0159],[86.3754,27.0206],[86.374,27.0233],[86.3796,27.0292],[86.3794,27.0314],[86.382,27.0301],[86.3826,27.0315],[86.3782,27.0352],[86.375,27.0348],[86.3731,27.0366],[86.367,27.0376],[86.364,27.0427],[86.3633,27.0541],[86.3512,27.0616],[86.3509,27.0668],[86.3477,27.0646],[86.3461,27.0661],[86.347,27.0705],[86.3509,27.0699],[86.3515,27.0738],[86.3552,27.0753],[86.3536,27.0769],[86.3553,27.0816],[86.3567,27.0815],[86.3583,27.084],[86.3576,27.0893],[86.3588,27.0918],[86.357,27.0942],[86.3626,27.0996],[86.3582,27.0992],[86.3561,27.1001],[86.3562,27.1033],[86.3549,27.1043],[86.3501,27.1048],[86.3481,27.1062],[86.3412,27.1065],[86.3324,27.0999],[86.3278,27.1006],[86.3231,27.0991],[86.3172,27.1021],[86.3112,27.103],[86.3064,27.1089],[86.3119,27.1095],[86.3132,27.1109],[86.3242,27.1099],[86.3262,27.111],[86.3308,27.1173],[86.332,27.1213],[86.3338,27.1222],[86.3346,27.1264],[86.3367,27.1266],[86.3364,27.128],[86.3347,27.128],[86.3364,27.1292],[86.3343,27.1303],[86.3359,27.132],[86.3351,27.1341],[86.338,27.1339],[86.3382,27.1358],[86.3366,27.1361],[86.3366,27.138],[86.3409,27.1409],[86.3412,27.1452],[86.343,27.1473],[86.345,27.1439],[86.3503,27.1428],[86.3556,27.1433],[86.3592,27.1394],[86.3635,27.1421],[86.3679,27.1406],[86.3705,27.147],[86.3742,27.1477],[86.3705,27.1511],[86.3736,27.1547],[86.3738,27.159],[86.3791,27.164],[86.3781,27.1656],[86.3831,27.1732],[86.3849,27.1734],[86.3846,27.1762],[86.3899,27.1799],[86.3865,27.1806],[86.3842,27.1825],[86.379,27.1933],[86.3754,27.194],[86.3687,27.1926],[86.3581,27.2015],[86.3506,27.2008],[86.3436,27.2029],[86.3399,27.2104],[86.3402,27.2142],[86.3431,27.2197],[86.341,27.229],[86.3332,27.2311],[86.3277,27.2301],[86.3159,27.2314],[86.309,27.2334],[86.3061,27.2372],[86.2949,27.2384],[86.2879,27.2457],[86.2813,27.2459],[86.2771,27.2502],[86.2667,27.2537],[86.2663,27.2611],[86.2616,27.2575],[86.2575,27.2581],[86.2566,27.2548],[86.2528,27.2503],[86.2432,27.2472],[86.2397,27.2413],[86.2301,27.2374],[86.2216,27.2399],[86.2139,27.2452],[86.2093,27.2466],[86.2036,27.2503]]]},"properties":{"DIST_EN":"Sindhuli","DIST_PCODE":"NP0320"}},
{"type":"Feature","geometry":{"type":"Polygon","coordinates":[[[86.065,27.8998],[86.0557,27.9042],[86.0505,27.9041],[86.0474,27.9066],[86.0436,27.9064],[86.0396,27.9042],[86.0281,27.9079],[86.0232,27.9076],[86.0138,27.9151],[86.0103,27.9132],[86.0077,27.9136],[86.0006,27.9113],[85.9977,27.9146],[85.9884,27.9177],[85.9745,27.9262],[85.9676,27.9326],[85.9488,27.941],[85.9483,27.9421],[85.9517,27.9456],[85.9558,27.955],[85.9578,27.9568],[85.9598,27.9676],[85.9783,27.9879],[85.9771,27.9967],[85.9744,28.0011],[85.9676,28.0004],[85.9644,28.0022],[85.9539,28.0145],[85.9419,28.0231],[85.9381,28.0247],[85.9358,28.0242],[85.9313,28.0299],[85.9283,28.0316],[85.9149,28.0494],[85.9009,28.0539],[85.9,28.0576],[85.9008,28.0616],[85.8966,28.0674],[85.8964,28.0743],[85.9007,28.0783],[85.9008,28.0852],[85.9033,28.0892],[85.8991,28.098],[85.8997,28.1037],[85.8981,28.1091],[85.8943,28.1123],[85.89,28.114],[85.8889,28.1166],[85.8787,28.1174],[85.8701,28.1238],[85.8693,28.1354],[85.872,28.1444],[85.8703,28.1468],[85.8618,28.1513],[85.8597,28.1544],[85.8593,28.1613],[85.8564,28.1616],[85.8513,28.1672],[85.8485,28.1842],[85.8433,28.1834],[85.8289,28.1851],[85.8181,28.194],[85.8157,28.2034],[85.8115,28.2027],[85.8073,28.1984],[85.8,28.1964],[85.7986,28.1895],[85.7937,28.1882],[85.794,28.185],[85.7923,28.1836],[85.7803,28.1781],[85.7788,28.1744],[85.7666,28.1764],[85.7549,28.1748],[85.7497,28.1753],[85.7432,28.1716],[85.7377,28.172],[85.7277,28.1697],[85.7245,28.1703],[85.7235,28.1736],[85.7192,28.1741],[85.7126,28.1696],[85.7133,28.1626],[85.7123,28.1621],[85.7073,28.1621],[85.7034,28.164],[85.6982,28.159],[85.6886,28.1561],[85.6834,28.156],[85.6814,28.1577],[85.6773,28.1582],[85.6661,28.1541],[85.6587,28.1539],[85.6517,28.1516],[85.6485,28.1463],[85.6425,28.1452],[85.6376,28.1413],[85.6326,28.1304],[85.6272,28.1293],[85.615,28.1341],[85.6143,28.1399],[85.6156,28.1434],[85.613,28.1505],[85.6072,28.1527],[85.6016,28.1581],[85.5988,28.1579],[85.589,28.1538],[85.584,28.1535],[85.5789,28.1573],[85.5759,28.1568],[85.5706,28.1617],[85.5639,28.163],[85.5562,28.1679],[85.5475,28.1686],[85.533,28.1675],[85.5316,28.1624],[85.5268,28.1574],[85.5233,28.157],[85.5194,28.1548],[85.5033,28.1521],[85.4952,28.1418],[85.4903,28.1387],[85.4909,28.1337],[85.4953,28.1223],[85.4925,28.116],[85.4889,28.1121],[85.4892,28.1058],[85.4728,28.1049],[85.4572,28.0928],[85.4453,28.0901],[85.4418,28.0826],[85.4424,28.0786],[85.4443,28.0767],[85.4623,28.0694],[85.4785,28.0563],[85.4818,28.0513],[85.484,28.0444],[85.4944,28.0377],[85.4971,28.0294],[85.497,28.0196],[85.4927,28.008],[85.4943,28.0028],[85.4914,28.0002],[85.4872,27.9925],[85.4924,27.9761],[85.4919,27.9719],[85.4838,27.9704],[85.4785,27.9594],[85.4811,27.9567],[85.4825,27.9526],[85.4825,27.9355],[85.4869,27.9269],[85.4875,27.9198],[85.484,27.915],[85.484,27.911],[85.4796,27.9044],[85.4752,27.8846],[85.4732,27.8823],[85.4684,27.8817],[85.4702,27.8692],[85.4689,27.8679],[85.4659,27.8679],[85.4651,27.8654],[85.4609,27.8633],[85.46,27.8583],[85.4513,27.8505],[85.4547,27.8461],[85.4527,27.8366],[85.4488,27.8296],[85.4486,27.8177],[85.4502,27.8169],[85.4529,27.8093],[85.4565,27.8083],[85.4584,27.8055],[85.4626,27.8043],[85.4677,27.7972],[85.4686,27.7876],[85.4678,27.7838],[85.473,27.778],[85.4758,27.7782],[85.4808,27.7809],[85.4885,27.7798],[85.4932,27.7843],[85.4977,27.7864],[85.5031,27.7846],[85.5062,27.7863],[85.5157,27.7868],[85.5228,27.7901],[85.5289,27.7899],[85.5311,27.7921],[85.5335,27.7919],[85.5405,27.7862],[85.545,27.7849],[85.5454,27.7836],[85.5469,27.7841],[85.5539,27.778],[85.5596,27.7672],[85.5657,27.7642],[85.5641,27.755],[85.5602,27.7575],[85.5583,27.7566],[85.55,27.7569],[85.5495,27.7545],[85.5541,27.7492],[85.5618,27.7488],[85.5674,27.7448],[85.5726,27.7458],[85.574,27.749],[85.5803,27.7498],[85.5838,27.7483],[85.5885,27.7481],[85.5956,27.7442],[85.6039,27.7488],[85.6106,27.7435],[85.6129,27.7339],[85.6146,27.7324],[85.6237,27.7301],[85.6306,27.7268],[85.6363,27.7214],[85.6442,27.7183],[85.6536,27.7206],[85.6554,27.7195],[85.6562,27.7159],[85.658,27.7143],[85.6627,27.7122],[85.6658,27.7124],[85.67,27.7087],[85.6714,27.7047],[85.6798,27.7002],[85.6795,27.6953],[85.6823,27.6924],[85.6806,27.69],[85.6811,27.6858],[85.6833,27.6846],[85.6873,27.6848],[85.6887,27.682],[85.6867,27.6785],[85.6887,27.6755],[85.6927,27.6748],[85.6943,27.6707],[85.693,27.6669],[85.694,27.6635],[85.7063,27.6523],[85.706,27.6417],[85.708,27.6536],[85.7053,27.6564],[85.7096,27.6549],[85.7129,27.6591],[85.7134,27.662],[85.7153,27.6616],[85.7207,27.6662],[85.7229,27.6642],[85.7203,27.6613],[85.7247,27.6624],[85.7257,27.6676],[85.7314,27.6702],[85.7313,27.6747],[85.7347,27.6767],[85.7376,27.6753],[85.7397,27.6768],[85.7458,27.678],[85.7478,27.676],[85.7499,27.6764],[85.7514,27.6732],[85.7544,27.6748],[85.7591,27.6735],[85.7603,27.6716],[85.7667,27.6716],[85.769,27.6677],[85.78,27.6687],[85.7866,27.6658],[85.792,27.665],[85.7978,27.6665],[85.8026,27.666],[85.8126,27.6691],[85.8186,27.6629],[85.8219,27.6557],[85.8159,27.6481],[85.8174,27.6441],[85.8237,27.642],[85.8422,27.6261],[85.8502,27.6273],[85.8571,27.6327],[85.8648,27.6281],[85.867,27.629],[85.8719,27.6209],[85.875,27.62],[85.8753,27.6163],[85.8797,27.6168],[85.881,27.6146],[85.8831,27.6107],[85.8851,27.6107],[85.8855,27.6121],[85.8844,27.6141],[85.8852,27.616],[85.8891,27.6199],[85.8911,27.6245],[85.8987,27.6303],[85.9039,27.6318],[85.9106,27.6371],[85.9096,27.6421],[85.9151,27.6469],[85.916,27.6593],[85.9182,27.6635],[85.9261,27.6637],[85.9277,27.665],[85.9309,27.665],[85.9344,27.668],[85.9392,27.6692],[85.9382,27.6773],[85.9342,27.6876],[85.9389,27.6935],[85.9392,27.6979],[85.9365,27.7027],[85.9363,27.709],[85.9373,27.711],[85.9436,27.7144],[85.9519,27.7225],[85.9532,27.7295],[85.961,27.7359],[85.961,27.7422],[85.9654,27.7425],[85.9698,27.7409],[85.9772,27.7354],[85.9952,27.7421],[86.0017,27.7433],[86.0046,27.7452],[86.0129,27.7447],[86.0231,27.7407],[86.0258,27.741],[86.0279,27.7394],[86.0303,27.7423],[86.0341,27.7566],[86.028,27.7633],[86.0233,27.7663],[86.0198,27.7725],[86.0261,27.785],[86.0218,27.7911],[86.0226,27.8008],[86.0198,27.8096],[86.0148,27.8141],[86.0128,27.8177],[86.0097,27.8191],[86.0025,27.8302],[86.0105,27.8395],[86.0249,27.8461],[86.0305,27.8628],[86.0341,27.8657],[86.0425,27.8678],[86.0443,27.8747],[86.0486,27.8814],[86.0478,27.8861],[86.0563,27.8953],[86.065,27.8998]]]},"properties":{"DIST_EN":"Sindhupalchok","DIST_PCODE":"NP0323"}},
{"type":"Feature","geometry":{"type":"Polygon","coordinates":[[[86.5313,26.7888],[86.5302,26.7915],[86.5357,26.7959],[86.5362,26.797],[86.5344,26.7981],[86.5354,26.8],[86.5369,26.8008],[86.5406,26.7983],[86.5459,26.8034],[86.5448,26.8063],[86.5471,26.8077],[86.5484,26.8111],[86.5505,26.8136],[86.5535,26.8149],[86.5516,26.8244],[86.5539,26.8275],[86.5545,26.8309],[86.5515,26.8317],[86.5518,26.8355],[86.5467,26.8368],[86.5405,26.8359],[86.5373,26.8334],[86.5372,26.8316],[86.5292,26.8314],[86.5251,26.8325],[86.5196,26.8316],[86.5208,26.8349],[86.5178,26.8433],[86.5151,26.8434],[86.5148,26.8417],[86.5125,26.8404],[86.511,26.8431],[86.5117,26.8466],[86.5072,26.8466],[86.5054,26.8482],[86.5048,26.8561],[86.5004,26.8576],[86.4961,26.8566],[86.4932,26.8596],[86.4943,26.8608],[86.493,26.8615],[86.4929,26.864],[86.4887,26.8669],[86.4882,26.8694],[86.4825,26.8696],[86.4799,26.8711],[86.4795,26.8729],[86.4813,26.8745],[86.4792,26.8762],[86.4774,26.8833],[86.4801,26.8867],[86.4796,26.8886],[86.4761,26.8872],[86.4571,26.8874],[86.4449,26.8917],[86.4333,26.8983],[86.4282,26.9025],[86.4227,26.9032],[86.4184,26.9063],[86.4074,26.9072],[86.4035,26.9098],[86.4017,26.9083],[86.3965,26.9097],[86.3938,26.908],[86.3864,26.908],[86.3844,26.9094],[86.3827,26.9082],[86.3828,26.9024],[86.3768,26.8966],[86.3772,26.8924],[86.3748,26.8898],[86.374,26.8838],[86.3695,26.8802],[86.3687,26.8772],[86.3697,26.8753],[86.366,26.8726],[86.3623,26.8749],[86.358,26.875],[86.3516,26.8779],[86.3463,26.8775],[86.3408,26.8802],[86.3213,26.8787],[86.3173,26.8806],[86.3143,26.879],[86.3104,26.8828],[86.3072,26.8817],[86.2986,26.8858],[86.2942,26.8851],[86.2875,26.8867],[86.2822,26.8845],[86.2784,26.8846],[86.2712,26.8825],[86.2682,26.8781],[86.2569,26.8727],[86.255,26.8697],[86.2502,26.8678],[86.2469,26.8638],[86.2408,26.8666],[86.2342,26.8748],[86.2323,26.8753],[86.2274,26.8807],[86.2229,26.8822],[86.2189,26.8818],[86.2078,26.8873],[86.2002,26.8891],[86.1984,26.8923],[86.1946,26.8941],[86.187,26.8947],[86.1865,26.899],[86.1843,26.9007],[86.1785,26.9],[86.1739,26.9082],[86.1692,26.9105],[86.1685,26.9136],[86.1612,26.9142],[86.1569,26.9174],[86.156,26.9194],[86.1578,26.9219],[86.1562,26.9262],[86.1575,26.93],[86.1582,26.9348],[86.1549,26.9352],[86.1515,26.9337],[86.1471,26.929],[86.1435,26.9272],[86.136,26.9178],[86.1335,26.9168],[86.1319,26.9095],[86.1343,26.8982],[86.1311,26.8915],[86.135,26.8873],[86.1356,26.8809],[86.1416,26.8708],[86.1398,26.8641],[86.1424,26.8618],[86.145,26.8555],[86.153,26.852],[86.1552,26.8449],[86.1536,26.8403],[86.15,26.8367],[86.1494,26.831],[86.1549,26.8209],[86.1517,26.81],[86.1524,26.8016],[86.1505,26.795],[86.1455,26.7899],[86.1445,26.7872],[86.148,26.7799],[86.1478,26.7705],[86.1545,26.7631],[86.157,26.7583],[86.1573,26.7548],[86.1626,26.7502],[86.1715,26.75],[86.175,26.7477],[86.1766,26.7396],[86.1805,26.7323],[86.1834,26.7226],[86.1869,26.7202],[86.189,26.7151],[86.193,26.7124],[86.1919,26.7065],[86.1944,26.7007],[86.193,26.6986],[86.1949,26.6978],[86.197,26.6889],[86.1996,26.6869],[86.2002,26.6848],[86.197,26.6772],[86.1978,26.6696],[86.1965,26.6668],[86.1937,26.6647],[86.1889,26.6637],[86.1825,26.6549],[86.1763,26.6525],[86.1701,26.6523],[86.1684,26.6417],[86.166,26.6394],[86.1641,26.6389],[86.1604,26.6408],[86.1531,26.6394],[86.151,26.6378],[86.1503,26.6346],[86.1537,26.6316],[86.1553,26.6259],[86.1513,26.6156],[86.1465,26.6088],[86.1551,26.61],[86.1613,26.615],[86.1677,26.6144],[86.1716,26.6172],[86.1738,26.614],[86.176,26.6155],[86.1825,26.6138],[86.1886,26.6153],[86.1923,26.6147],[86.1939,26.6119],[86.191,26.6127],[86.1902,26.6119],[86.1915,26.61],[86.1955,26.6081],[86.1966,26.6011],[86.195,26.5984],[86.1967,26.5979],[86.1956,26.5944],[86.1979,26.5935],[86.2006,26.5972],[86.2016,26.5945],[86.2054,26.5967],[86.2082,26.593],[86.2125,26.5926],[86.2173,26.5885],[86.2237,26.5914],[86.2269,26.5905],[86.2288,26.5922],[86.2307,26.5915],[86.2313,26.5931],[86.2344,26.5908],[86.2345,26.598],[86.237,26.5993],[86.2373,26.6017],[86.24,26.6014],[86.2402,26.6035],[86.2432,26.6028],[86.2424,26.6059],[86.2444,26.6063],[86.2439,26.6083],[86.2449,26.6094],[86.2461,26.6076],[86.2464,26.6087],[86.2484,26.6087],[86.2491,26.61],[86.2478,26.6124],[86.2493,26.6127],[86.2522,26.6171],[86.2533,26.6149],[86.2756,26.6174],[86.2929,26.6133],[86.3079,26.62],[86.3333,26.619],[86.3448,26.6168],[86.3435,26.6162],[86.3422,26.6115],[86.3407,26.612],[86.339,26.6086],[86.3409,26.6061],[86.3565,26.6043],[86.3969,26.5936],[86.397,26.5891],[86.395,26.5852],[86.4304,26.573],[86.4555,26.5682],[86.4859,26.5499],[86.4874,26.5528],[86.4964,26.5607],[86.4944,26.5788],[86.4973,26.5843],[86.5027,26.5868],[86.5054,26.5899],[86.5049,26.5926],[86.5116,26.599],[86.5129,26.6021],[86.5096,26.6066],[86.5109,26.6083],[86.5101,26.6158],[86.5121,26.6234],[86.5058,26.634],[86.5073,26.6366],[86.507,26.6396],[86.5041,26.6427],[86.5054,26.6473],[86.5042,26.6522],[86.5004,26.6544],[86.4985,26.6576],[86.4986,26.6638],[86.5035,26.6676],[86.5051,26.6761],[86.509,26.6824],[86.5069,26.6917],[86.5101,26.6984],[86.506,26.7051],[86.5068,26.7142],[86.5039,26.7177],[86.5026,26.7234],[86.5057,26.7265],[86.5065,26.7309],[86.5108,26.7369],[86.524,26.7431],[86.527,26.7431],[86.5285,26.7447],[86.5278,26.7513],[86.5252,26.753],[86.5202,26.7606],[86.5231,26.7643],[86.5248,26.7716],[86.5234,26.7733],[86.5243,26.7758],[86.523,26.7785],[86.5254,26.7834],[86.5251,26.7851],[86.5295,26.7864],[86.5313,26.7888]]]},"properties":{"DIST_EN":"Siraha","DIST_PCODE":"NP0216"}},
{"type":"Feature","geometry":{"type":"Polygon","coordinates":[[[86.9833,27.9495],[86.9731,27.9544],[86.9494,27.9569],[86.9335,27.9626],[86.9325,27.9658],[86.9331,27.9781],[86.9259,27.9844],[86.9254,27.9879],[86.9173,27.9892],[86.9089,27.9932],[86.8899,27.997],[86.889,27.9997],[86.8817,28.0028],[86.8789,28.0069],[86.873,28.0105],[86.871,28.0137],[86.8725,28.0222],[86.8674,28.0253],[86.8593,28.0274],[86.852,28.0277],[86.8481,28.0248],[86.8473,28.0198],[86.8385,28.0175],[86.8358,28.0154],[86.8281,28.0153],[86.8258,28.0177],[86.8188,28.0202],[86.8118,28.0191],[86.8027,28.0236],[86.7901,28.0189],[86.7862,28.0237],[86.7793,28.0274],[86.7801,28.0316],[86.7733,28.0381],[86.7587,28.035],[86.7529,28.0379],[86.7493,28.0445],[86.7472,28.0457],[86.7469,28.0506],[86.751,28.0537],[86.7527,28.0637],[86.7552,28.0682],[86.7649,28.0746],[86.7609,28.0777],[86.7534,28.0794],[86.7508,28.0813],[86.7474,28.0861],[86.7483,28.095],[86.7459,28.0983],[86.7421,28.0985],[86.7383,28.1038],[86.7267,28.1037],[86.7155,28.1079],[86.708,28.106],[86.7051,28.1079],[86.6891,28.1087],[86.6804,28.1036],[86.6727,28.1023],[86.6636,28.098],[86.6612,28.095],[86.6579,28.0811],[86.65,28.0748],[86.639,28.0734],[86.6348,28.0707],[86.6255,28.0742],[86.6212,28.0748],[86.614,28.0735],[86.6084,28.076],[86.6038,28.0825],[86.6026,28.0876],[86.608,28.0922],[86.6044,28.1001],[86.6013,28.1023],[86.5901,28.1042],[86.5884,28.1081],[86.5744,28.1131],[86.5722,28.1107],[86.5683,28.1118],[86.5633,28.1083],[86.5619,28.1052],[86.562,28.1011],[86.5666,28.0944],[86.5669,28.0918],[86.5643,28.0865],[86.5597,28.0827],[86.5586,28.0779],[86.5651,28.0716],[86.5653,28.069],[86.5582,28.0635],[86.5558,28.0568],[86.5489,28.0508],[86.5389,28.0512],[86.5357,28.0502],[86.5334,28.0466],[86.5334,28.0381],[86.5304,28.032],[86.5315,28.0272],[86.5212,28.0194],[86.5222,28.0168],[86.5198,28.0052],[86.515,28.0015],[86.5165,27.9983],[86.5158,27.99],[86.5128,27.9848],[86.5154,27.9777],[86.5202,27.9744],[86.5187,27.9715],[86.5122,27.9683],[86.5134,27.9603],[86.5162,27.9575],[86.5156,27.9566],[86.5182,27.9532],[86.5199,27.9441],[86.5222,27.94],[86.5337,27.9421],[86.5397,27.9349],[86.5478,27.9305],[86.5498,27.9191],[86.5547,27.9079],[86.5542,27.9027],[86.5517,27.8983],[86.5546,27.8855],[86.551,27.8762],[86.5541,27.863],[86.5541,27.8571],[86.5501,27.8484],[86.5489,27.8404],[86.5444,27.8291],[86.5435,27.8215],[86.5405,27.8177],[86.5404,27.8149],[86.5424,27.8112],[86.5482,27.811],[86.5671,27.804],[86.5656,27.7996],[86.5688,27.7954],[86.5688,27.7911],[86.5657,27.7858],[86.5662,27.7785],[86.564,27.7696],[86.5661,27.7626],[86.5704,27.7594],[86.5728,27.7546],[86.5629,27.7493],[86.5633,27.7449],[86.5583,27.7384],[86.5563,27.7325],[86.557,27.7288],[86.5535,27.7196],[86.5513,27.7176],[86.551,27.7109],[86.5403,27.7016],[86.5391,27.6966],[86.5408,27.6928],[86.539,27.689],[86.539,27.6832],[86.5366,27.6786],[86.5388,27.675],[86.5384,27.6711],[86.5355,27.6684],[86.533,27.6628],[86.5271,27.6602],[86.5288,27.6556],[86.5262,27.6504],[86.5176,27.647],[86.5135,27.6481],[86.5114,27.6424],[86.507,27.6402],[86.5064,27.6357],[86.5042,27.6336],[86.504,27.6294],[86.5007,27.6253],[86.4999,27.6204],[86.4955,27.6188],[86.4925,27.6137],[86.4841,27.6172],[86.4766,27.6158],[86.4697,27.6171],[86.4348,27.6103],[86.4302,27.6042],[86.4202,27.5987],[86.418,27.5914],[86.4135,27.5868],[86.41,27.5865],[86.4078,27.5845],[86.3985,27.5835],[86.3927,27.5771],[86.3894,27.5752],[86.3883,27.5728],[86.3803,27.5712],[86.3763,27.5681],[86.3692,27.5582],[86.3687,27.5561],[86.3707,27.5523],[86.3697,27.5497],[86.3648,27.5467],[86.3585,27.5398],[86.3577,27.5296],[86.3556,27.5263],[86.3577,27.5243],[86.3608,27.5257],[86.3643,27.5213],[86.3687,27.52],[86.3754,27.516],[86.3831,27.5171],[86.3861,27.5161],[86.3983,27.5182],[86.4015,27.517],[86.4108,27.5068],[86.4115,27.5004],[86.4231,27.4875],[86.4288,27.4847],[86.4322,27.4866],[86.4399,27.4857],[86.4506,27.4653],[86.4538,27.4615],[86.4545,27.4545],[86.4674,27.4456],[86.4661,27.4408],[86.4603,27.4344],[86.4646,27.4285],[86.4673,27.4271],[86.4698,27.4229],[86.4734,27.4213],[86.4772,27.4228],[86.4849,27.4225],[86.4883,27.4268],[86.4913,27.4276],[86.4976,27.426],[86.4999,27.4269],[86.5026,27.4254],[86.5051,27.4213],[86.5052,27.4177],[86.5098,27.4108],[86.5244,27.4028],[86.5265,27.3983],[86.532,27.3968],[86.5361,27.3875],[86.5422,27.3849],[86.548,27.3784],[86.5564,27.3735],[86.5612,27.3674],[86.5644,27.3656],[86.5639,27.3534],[86.5667,27.3461],[86.5708,27.3408],[86.5897,27.3437],[86.5983,27.3414],[86.607,27.3434],[86.635,27.3381],[86.6573,27.3398],[86.6706,27.3526],[86.6786,27.3536],[86.68,27.3574],[86.6791,27.3602],[86.6799,27.3644],[86.6788,27.366],[86.6823,27.373],[86.6835,27.381],[86.6813,27.3852],[86.6809,27.3902],[86.6843,27.3926],[86.7098,27.3956],[86.7341,27.3946],[86.7373,27.3968],[86.7412,27.3975],[86.7518,27.3945],[86.7566,27.4006],[86.7575,27.3986],[86.7596,27.4001],[86.7656,27.4087],[86.7674,27.4086],[86.7706,27.4115],[86.7818,27.4109],[86.7886,27.4075],[86.7913,27.411],[86.8038,27.4154],[86.8076,27.4207],[86.8108,27.4307],[86.8218,27.4402],[86.8283,27.4356],[86.8309,27.4322],[86.8372,27.4307],[86.8476,27.4344],[86.8528,27.4331],[86.8573,27.4355],[86.8713,27.4282],[86.8831,27.4322],[86.8847,27.4308],[86.8912,27.4352],[86.906,27.4335],[86.9159,27.4403],[86.9238,27.4403],[86.9308,27.4416],[86.9331,27.4432],[86.9387,27.4506],[86.9402,27.4506],[86.9402,27.4592],[86.9404,27.4606],[86.9441,27.462],[86.9433,27.4639],[86.9463,27.4668],[86.948,27.4751],[86.9582,27.4794],[86.9595,27.4819],[86.9629,27.4835],[86.9571,27.492],[86.9472,27.5007],[86.9429,27.5092],[86.9432,27.5169],[86.948,27.5279],[86.9542,27.5344],[86.9667,27.5416],[86.9673,27.5511],[86.9659,27.5615],[86.962,27.5684],[86.9553,27.5705],[86.9535,27.5724],[86.9564,27.5781],[86.9569,27.5892],[86.9558,27.597],[86.9568,27.5992],[86.9537,27.6047],[86.9573,27.6088],[86.9597,27.6198],[86.9672,27.6286],[86.9682,27.6329],[86.9734,27.636],[86.9762,27.6414],[86.9797,27.6424],[86.9837,27.6463],[86.9841,27.6526],[86.9875,27.659],[86.9874,27.6871],[86.9903,27.6944],[86.9982,27.6995],[87.0004,27.7075],[87.0051,27.7115],[87.0075,27.7178],[87.0082,27.726],[87.0053,27.7289],[87.0028,27.73],[86.9982,27.7298],[86.9954,27.7317],[86.9937,27.7421],[86.979,27.7503],[86.983,27.7561],[86.98,27.7662],[86.9795,27.7754],[86.9862,27.7807],[86.986,27.7846],[86.9831,27.7914],[86.9936,27.7951],[87.0102,27.8148],[87.0091,27.8176],[87.0007,27.8208],[86.998,27.8245],[86.9912,27.8259],[86.9843,27.8242],[86.9767,27.8259],[86.9811,27.8309],[86.9854,27.8335],[86.9863,27.8366],[86.9897,27.8394],[86.9906,27.847],[86.9802,27.871],[86.9781,27.8743],[86.974,27.8774],[86.9733,27.8952],[86.9671,27.9027],[86.9679,27.9078],[86.9719,27.9108],[86.9729,27.9153],[86.9811,27.9199],[86.9789,27.9264],[86.9792,27.9362],[86.9833,27.9495]]]},"properties":{"DIST_EN":"Solukhumbu","DIST_PCODE":"NP0111"}},
{"type":"Feature","geometry":{"type":"Polygon","coordinates":[[[87.3475,26.8497],[87.3433,26.8494],[87.3335,26.8554],[87.3238,26.8542],[87.3193,26.8625],[87.3122,26.8669],[87.3105,26.8705],[87.3073,26.872],[87.3014,26.8692],[87.2989,26.874],[87.2969,26.8749],[87.2738,26.8681],[87.2692,26.8691],[87.2646,26.8671],[87.2612,26.8677],[87.2564,26.8659],[87.253,26.8698],[87.2433,26.8729],[87.241,26.8755],[87.2364,26.8762],[87.2336,26.8788],[87.2266,26.8716],[87.2235,26.871],[87.2208,26.8689],[87.2181,26.8637],[87.216,26.8634],[87.2058,26.8664],[87.2004,26.8656],[87.1881,26.871],[87.1854,26.8707],[87.1816,26.873],[87.1793,26.8772],[87.1648,26.8779],[87.1638,26.876],[87.1581,26.8754],[87.1526,26.8693],[87.1496,26.8471],[87.1421,26.8354],[87.1442,26.8228],[87.142,26.8156],[87.1379,26.8128],[87.1358,26.8094],[87.1352,26.8062],[87.1289,26.7956],[87.1269,26.7862],[87.1219,26.7808],[87.113,26.7651],[87.1051,26.7548],[87.0987,26.7513],[87.0689,26.7505],[87.0642,26.7445],[87.0515,26.7496],[87.0433,26.7563],[87.0388,26.7546],[87.0339,26.75],[87.0325,26.7475],[87.0329,26.7448],[87.0256,26.7378],[87.0245,26.7298],[87.0184,26.728],[87.0174,26.7251],[87.0139,26.7222],[87.0132,26.7151],[87.01,26.7109],[87.0096,26.7077],[87.0132,26.7003],[87.0146,26.6902],[87.0108,26.6841],[87.0135,26.6748],[87.0134,26.6709],[87.0063,26.6664],[87.0024,26.6596],[87.0019,26.6557],[86.9949,26.6541],[86.9911,26.6496],[86.9911,26.645],[86.9885,26.6411],[86.9887,26.6364],[86.9848,26.6327],[86.9857,26.6294],[86.9788,26.6252],[86.9869,26.6131],[86.9894,26.606],[86.9826,26.591],[86.9825,26.5864],[86.9849,26.5821],[86.9917,26.5763],[86.9923,26.5721],[86.9739,26.5581],[86.9721,26.5542],[86.9691,26.552],[86.9666,26.5471],[86.9636,26.5446],[86.9564,26.5424],[86.9509,26.5373],[86.9333,26.5336],[86.9237,26.5233],[86.9168,26.5125],[86.916,26.508],[86.9179,26.5045],[86.9162,26.5015],[86.9109,26.4992],[86.9097,26.4953],[86.9068,26.4941],[86.907,26.491],[86.9041,26.4884],[86.9299,26.4897],[86.9284,26.4969],[86.9327,26.5169],[86.9446,26.5172],[86.9468,26.521],[86.9593,26.5204],[86.9613,26.5238],[86.9659,26.5237],[86.9657,26.5224],[86.9751,26.5201],[86.9793,26.5252],[86.9908,26.5232],[87.0153,26.5322],[87.0201,26.5402],[87.0423,26.5684],[87.0446,26.5873],[87.0718,26.5858],[87.073,26.5774],[87.0727,26.542],[87.0759,26.5374],[87.0802,26.5218],[87.0915,26.4504],[87.139,26.415],[87.1625,26.4041],[87.1734,26.4035],[87.189,26.4056],[87.1859,26.4143],[87.2113,26.4132],[87.212,26.4105],[87.2109,26.4096],[87.2172,26.4067],[87.2189,26.4033],[87.2237,26.406],[87.224,26.4089],[87.2263,26.409],[87.2262,26.4109],[87.2277,26.4114],[87.2267,26.412],[87.2288,26.4127],[87.2288,26.4138],[87.2451,26.4143],[87.2425,26.4185],[87.2458,26.4233],[87.2455,26.4263],[87.2481,26.4323],[87.2454,26.4391],[87.2459,26.4422],[87.2442,26.4424],[87.2448,26.4483],[87.247,26.4538],[87.2451,26.4543],[87.2456,26.4571],[87.2444,26.4591],[87.2459,26.462],[87.245,26.4652],[87.2386,26.47],[87.2436,26.4758],[87.2439,26.4832],[87.2465,26.4872],[87.2453,26.4912],[87.2525,26.5034],[87.2499,26.5115],[87.2542,26.5192],[87.252,26.5223],[87.2506,26.522],[87.2475,26.5157],[87.246,26.5212],[87.2474,26.5236],[87.2507,26.525],[87.2512,26.5278],[87.2554,26.5294],[87.254,26.5366],[87.2566,26.5343],[87.2609,26.5345],[87.2599,26.5397],[87.2662,26.5488],[87.2724,26.5506],[87.273,26.5533],[87.2778,26.5591],[87.2839,26.559],[87.2869,26.5726],[87.2913,26.5766],[87.2895,26.5848],[87.2855,26.59],[87.2855,26.5931],[87.2894,26.5959],[87.2886,26.6014],[87.2918,26.6029],[87.2937,26.6091],[87.3008,26.6155],[87.3013,26.6296],[87.3004,26.6314],[87.2942,26.6351],[87.2953,26.6389],[87.2913,26.6436],[87.2889,26.6506],[87.2849,26.6519],[87.2865,26.6548],[87.285,26.6575],[87.288,26.6607],[87.2863,26.6628],[87.2888,26.6642],[87.2891,26.67],[87.291,26.6703],[87.2939,26.668],[87.2946,26.671],[87.2988,26.6728],[87.2998,26.6753],[87.304,26.6767],[87.3033,26.6784],[87.3091,26.6859],[87.3099,26.6962],[87.314,26.7057],[87.3184,26.7076],[87.3216,26.7116],[87.3217,26.7134],[87.3195,26.7147],[87.3195,26.7161],[87.3207,26.7167],[87.3251,26.7151],[87.3252,26.7203],[87.3263,26.7205],[87.3276,26.7238],[87.3307,26.7252],[87.3301,26.729],[87.3351,26.733],[87.335,26.736],[87.3382,26.7357],[87.3393,26.7366],[87.3371,26.7406],[87.3388,26.7484],[87.3384,26.753],[87.3361,26.7576],[87.3329,26.7601],[87.3325,26.7629],[87.3296,26.7645],[87.33,26.7657],[87.3274,26.7678],[87.3239,26.7746],[87.3233,26.7804],[87.3247,26.783],[87.3235,26.787],[87.3279,26.7954],[87.3308,26.7973],[87.332,26.8001],[87.3368,26.8046],[87.3365,26.8057],[87.3411,26.8071],[87.3428,26.8122],[87.3443,26.8142],[87.3464,26.8147],[87.3471,26.8188],[87.3491,26.8205],[87.3498,26.8239],[87.3468,26.8255],[87.3498,26.8304],[87.3495,26.8325],[87.3517,26.834],[87.3525,26.8384],[87.3539,26.8391],[87.3475,26.8497]]]},"properties":{"DIST_EN":"Sunsari","DIST_PCODE":"NP0106"}},
{"type":"Feature","geometry":{"type":"Polygon","coordinates":[[[81.1038,28.9657],[81.0997,28.9638],[81.0895,28.9678],[81.0809,28.9677],[81.0731,28.97],[81.065,28.9703],[81.057,28.9733],[81.0523,28.9774],[81.0493,28.9783],[81.0418,28.97],[81.0285,28.9632],[81.0265,28.9588],[81.0208,28.9529],[81.0179,28.9523],[81.0083,28.9574],[81.0018,28.9567],[80.9986,28.9549],[80.9893,28.9455],[80.9829,28.9422],[80.9811,28.9388],[80.9872,28.9341],[80.9972,28.9292],[81.0072,28.9277],[81.014,28.9228],[81.0212,28.9199],[81.0258,28.9118],[81.0304,28.9081],[81.034,28.8985],[81.0392,28.8902],[81.0454,28.8863],[81.0515,28.8769],[81.0588,28.8735],[81.0673,28.8774],[81.0723,28.8768],[81.0739,28.8752],[81.0718,28.8682],[81.0729,28.8649],[81.0768,28.8635],[81.0892,28.8629],[81.0927,28.8561],[81.1024,28.8448],[81.108,28.8486],[81.126,28.8517],[81.1274,28.8552],[81.1269,28.8613],[81.1291,28.8652],[81.137,28.8723],[81.1434,28.8731],[81.145,28.871],[81.1451,28.8625],[81.1492,28.8527],[81.1577,28.8444],[81.1531,28.8336],[81.153,28.8304],[81.1567,28.8287],[81.1654,28.8349],[81.1741,28.835],[81.1781,28.8281],[81.1818,28.8251],[81.1956,28.8213],[81.2034,28.8168],[81.2071,28.8204],[81.2067,28.8253],[81.2037,28.8283],[81.1952,28.8331],[81.1994,28.8466],[81.199,28.8612],[81.2022,28.8637],[81.2062,28.8624],[81.2084,28.8576],[81.2054,28.8544],[81.2062,28.8504],[81.2118,28.8441],[81.2243,28.8389],[81.226,28.8355],[81.232,28.8319],[81.2338,28.8297],[81.2296,28.826],[81.2299,28.8168],[81.233,28.8146],[81.2409,28.8124],[81.2421,28.8109],[81.2391,28.8031],[81.2279,28.799],[81.2259,28.7952],[81.2278,28.7912],[81.2327,28.7861],[81.2452,28.7822],[81.2478,28.7797],[81.2508,28.7701],[81.2472,28.7609],[81.2508,28.755],[81.2596,28.7502],[81.2611,28.7459],[81.2564,28.7349],[81.2561,28.73],[81.2602,28.7289],[81.2693,28.7289],[81.2725,28.7271],[81.2732,28.7173],[81.2665,28.7042],[81.2784,28.6982],[81.2812,28.6951],[81.2853,28.6733],[81.2905,28.6748],[81.2946,28.6733],[81.3003,28.6739],[81.3019,28.6731],[81.3021,28.6706],[81.3038,28.671],[81.3039,28.6724],[81.3074,28.673],[81.3091,28.6715],[81.316,28.6706],[81.3199,28.6687],[81.3218,28.6635],[81.317,28.6562],[81.3163,28.6524],[81.312,28.6528],[81.3102,28.6511],[81.3109,28.6472],[81.3143,28.6445],[81.3159,28.6414],[81.3152,28.6394],[81.3164,28.6368],[81.3233,28.6355],[81.3301,28.6312],[81.3399,28.6289],[81.3407,28.6273],[81.3455,28.6247],[81.3646,28.6235],[81.3705,28.6177],[81.3739,28.6167],[81.3794,28.6123],[81.401,28.6069],[81.4003,28.6037],[81.4015,28.6021],[81.4099,28.5956],[81.4168,28.5956],[81.4193,28.5938],[81.4214,28.5893],[81.4246,28.5878],[81.4218,28.5814],[81.4245,28.5777],[81.4307,28.5774],[81.4329,28.572],[81.4334,28.5636],[81.438,28.5596],[81.4423,28.5581],[81.4456,28.5541],[81.4532,28.5523],[81.4597,28.5543],[81.4655,28.5538],[81.4691,28.5485],[81.4723,28.5486],[81.4742,28.542],[81.4761,28.5398],[81.4861,28.5392],[81.4912,28.5324],[81.4974,28.5336],[81.5029,28.5293],[81.5061,28.5283],[81.5083,28.5257],[81.5122,28.5243],[81.5117,28.5202],[81.5162,28.5136],[81.5302,28.5094],[81.5361,28.5041],[81.5394,28.5001],[81.5388,28.4947],[81.5438,28.4952],[81.553,28.4934],[81.5573,28.495],[81.5593,28.4922],[81.5634,28.4903],[81.5679,28.4856],[81.5726,28.4834],[81.5745,28.4785],[81.5831,28.4739],[81.5874,28.469],[81.5924,28.469],[81.6001,28.463],[81.6025,28.4586],[81.6079,28.4536],[81.6122,28.4544],[81.6209,28.4461],[81.6263,28.4445],[81.6316,28.4364],[81.643,28.4303],[81.6481,28.4231],[81.6559,28.4189],[81.6585,28.4155],[81.6659,28.4149],[81.6698,28.4134],[81.6727,28.4174],[81.6743,28.4176],[81.6831,28.4114],[81.6882,28.4106],[81.6916,28.4063],[81.6921,28.4031],[81.6955,28.3996],[81.6998,28.3971],[81.7036,28.3926],[81.7102,28.3901],[81.7166,28.3841],[81.7213,28.3824],[81.7244,28.3831],[81.7323,28.3776],[81.7523,28.3744],[81.7577,28.3701],[81.7629,28.3711],[81.7667,28.3702],[81.7693,28.3745],[81.7682,28.3775],[81.7685,28.3844],[81.7788,28.3906],[81.7825,28.391],[81.7913,28.3892],[81.7943,28.3923],[81.7984,28.3917],[81.8037,28.3878],[81.8075,28.3901],[81.8103,28.3897],[81.8127,28.3877],[81.8133,28.3845],[81.8195,28.3807],[81.8269,28.3809],[81.8321,28.3793],[81.8349,28.3812],[81.8378,28.3812],[81.8416,28.3791],[81.8431,28.3744],[81.8498,28.3725],[81.8551,28.3731],[81.8623,28.3694],[81.8662,28.3645],[81.8779,28.3611],[81.8849,28.3611],[81.8871,28.358],[81.8897,28.3578],[81.8918,28.3554],[81.9022,28.355],[81.9074,28.3492],[81.9211,28.3444],[81.9275,28.3388],[81.937,28.3373],[81.9395,28.3416],[81.9462,28.3421],[81.9576,28.3492],[81.9604,28.353],[81.9667,28.3512],[81.9695,28.3523],[81.9761,28.3609],[81.9814,28.3631],[81.9779,28.3724],[81.9756,28.3752],[81.9779,28.3828],[81.9767,28.386],[81.9814,28.391],[81.9884,28.3936],[81.9899,28.3954],[81.9825,28.3978],[81.9787,28.4031],[81.9741,28.4046],[81.9727,28.4091],[81.9738,28.4113],[81.972,28.4158],[81.966,28.4197],[81.9653,28.4229],[81.9619,28.425],[81.9623,28.4297],[81.9604,28.4317],[81.9651,28.4357],[81.9661,28.4451],[81.9612,28.4473],[81.9615,28.4491],[81.9626,28.4514],[81.9641,28.4515],[81.9668,28.4489],[81.972,28.4466],[81.9804,28.4451],[81.9862,28.447],[81.9869,28.4502],[81.9834,28.4529],[81.9837,28.455],[81.9909,28.462],[81.9991,28.4645],[82.0017,28.4641],[82.0048,28.467],[82.0079,28.4668],[82.0104,28.468],[82.0114,28.4729],[82.0091,28.4787],[82.0195,28.4906],[82.0252,28.4991],[82.0205,28.5077],[82.0205,28.5116],[82.0217,28.5139],[82.0267,28.5159],[82.0276,28.5175],[82.0259,28.5219],[82.0184,28.5278],[82.018,28.5432],[82.015,28.5474],[82.0086,28.5522],[82.0065,28.5592],[82.0041,28.5626],[81.9982,28.5652],[81.9941,28.57],[81.9957,28.5754],[82.0028,28.5783],[82.0033,28.5803],[82.0009,28.5872],[82.01,28.5933],[82.0115,28.5956],[82.0055,28.608],[82.0042,28.6135],[82.0074,28.6152],[82.013,28.6154],[82.0207,28.6126],[82.0248,28.6131],[82.027,28.617],[82.0245,28.6197],[82.0221,28.6282],[82.026,28.6319],[82.027,28.6385],[82.0287,28.6406],[82.036,28.638],[82.0404,28.6419],[82.038,28.6417],[82.0285,28.645],[82.0137,28.6441],[82.0083,28.6453],[82.0024,28.6438],[81.9934,28.6441],[81.9802,28.6415],[81.9756,28.6385],[81.9712,28.6403],[81.9575,28.6408],[81.9476,28.6362],[81.937,28.6412],[81.9313,28.6398],[81.9272,28.6416],[81.9243,28.64],[81.9205,28.6427],[81.9135,28.6423],[81.9074,28.6442],[81.8989,28.6426],[81.8856,28.6432],[81.8775,28.6489],[81.8777,28.6541],[81.8795,28.6558],[81.8772,28.6589],[81.868,28.6641],[81.8659,28.6797],[81.8612,28.6847],[81.859,28.6934],[81.8498,28.7027],[81.8451,28.7105],[81.8377,28.7136],[81.8337,28.7185],[81.8201,28.7241],[81.8147,28.7191],[81.8139,28.7089],[81.8114,28.699],[81.8072,28.6944],[81.8103,28.6871],[81.8105,28.6797],[81.8075,28.6746],[81.7977,28.6682],[81.7922,28.6555],[81.7896,28.6534],[81.7841,28.6535],[81.7824,28.6519],[81.7819,28.6454],[81.7838,28.6369],[81.7818,28.635],[81.7758,28.6334],[81.751,28.646],[81.7458,28.6468],[81.7422,28.6445],[81.7391,28.6456],[81.7321,28.649],[81.7281,28.6551],[81.7195,28.6563],[81.7147,28.6555],[81.7016,28.6611],[81.6996,28.6657],[81.6914,28.6736],[81.6777,28.6775],[81.6753,28.6792],[81.6701,28.6769],[81.6641,28.6799],[81.6423,28.6758],[81.6393,28.6765],[81.6298,28.6922],[81.6232,28.6921],[81.6163,28.6899],[81.609,28.6957],[81.6066,28.7011],[81.6012,28.7072],[81.5933,28.7067],[81.5878,28.7084],[81.5856,28.7076],[81.5752,28.7125],[81.5729,28.7183],[81.5631,28.7233],[81.5594,28.7283],[81.5604,28.7341],[81.5593,28.7368],[81.5515,28.738],[81.5492,28.7395],[81.5465,28.7491],[81.5224,28.7483],[81.52,28.7496],[81.5207,28.7515],[81.5295,28.7557],[81.5351,28.7613],[81.5278,28.7746],[81.5182,28.777],[81.5155,28.7805],[81.5159,28.7881],[81.5185,28.7958],[81.5231,28.7992],[81.5224,28.8033],[81.5179,28.807],[81.5101,28.8093],[81.5035,28.8172],[81.4982,28.8213],[81.494,28.8332],[81.4908,28.8371],[81.4905,28.841],[81.488,28.8424],[81.4817,28.8428],[81.4743,28.8491],[81.4633,28.8528],[81.4629,28.8552],[81.4674,28.8619],[81.4659,28.8695],[81.4622,28.8752],[81.4625,28.8806],[81.467,28.8874],[81.4649,28.8937],[81.4406,28.9004],[81.4357,28.9044],[81.4344,28.9083],[81.4318,28.9107],[81.4246,28.9094],[81.4187,28.9109],[81.4142,28.9142],[81.4035,28.9091],[81.3944,28.9085],[81.3894,28.9038],[81.3875,28.8999],[81.3748,28.893],[81.3552,28.8898],[81.3476,28.8902],[81.3423,28.8927],[81.3389,28.8957],[81.3372,28.9],[81.3366,28.907],[81.3322,28.9089],[81.3242,28.9081],[81.3163,28.9202],[81.3099,28.9201],[81.3021,28.9258],[81.2908,28.9225],[81.2866,28.9229],[81.2835,28.9216],[81.2817,28.9188],[81.2758,28.9163],[81.2724,28.9074],[81.2661,28.9027],[81.2613,28.903],[81.2517,28.9137],[81.2457,28.9152],[81.2412,28.914],[81.2387,28.9077],[81.2366,28.906],[81.2192,28.9062],[81.2042,28.9081],[81.1945,28.9162],[81.1844,28.9149],[81.1692,28.9212],[81.1554,28.9337],[81.1475,28.9376],[81.1422,28.9454],[81.1347,28.9472],[81.1326,28.9488],[81.1267,28.9574],[81.1207,28.9626],[81.112,28.9659],[81.1038,28.9657]]]},"properties":{"DIST_EN":"Surkhet","DIST_PCODE":"NP0659"}},
{"type":"Feature","geometry":{"type":"Polygon","coordinates":[[[83.8093,28.22],[83.8068,28.2195],[83.8048,28.2216],[83.8036,28.2213],[83.7994,28.2091],[83.7918,28.204],[83.7878,28.2029],[83.7867,28.1993],[83.7841,28.1991],[83.7833,28.1969],[83.7772,28.1996],[83.7722,28.1985],[83.7642,28.1921],[83.7563,28.1903],[83.7575,28.182],[83.7619,28.1734],[83.766,28.1707],[83.7623,28.1648],[83.7604,28.1639],[83.7645,28.158],[83.7644,28.1545],[83.7595,28.1462],[83.7559,28.1461],[83.7478,28.1487],[83.7308,28.1481],[83.7186,28.1357],[83.712,28.1335],[83.709,28.1307],[83.7079,28.1283],[83.7085,28.125],[83.7068,28.1196],[83.7053,28.1185],[83.7152,28.1135],[83.7193,28.1088],[83.7281,28.104],[83.73,28.1015],[83.727,28.1013],[83.7229,28.098],[83.7204,28.093],[83.7174,28.0901],[83.7118,28.0894],[83.7036,28.0903],[83.7106,28.0832],[83.7089,28.0818],[83.7084,28.0761],[83.711,28.0736],[83.7127,28.0637],[83.7024,28.0527],[83.694,28.0524],[83.6917,28.0474],[83.6943,28.0455],[83.6933,28.0438],[83.6939,28.0417],[83.6924,28.0394],[83.6912,28.0399],[83.6885,28.0383],[83.6903,28.0368],[83.6912,28.0327],[83.6942,28.034],[83.6979,28.033],[83.6936,28.027],[83.6891,28.029],[83.6862,28.0228],[83.6785,28.0183],[83.6751,28.0175],[83.6727,28.0186],[83.6711,28.0149],[83.6654,28.015],[83.6559,28.0118],[83.6461,28.0134],[83.6382,28.0183],[83.6351,28.0177],[83.6311,28.016],[83.6274,28.012],[83.6271,28.0055],[83.6233,28.0085],[83.6184,28.0091],[83.615,28.0119],[83.6105,28.0126],[83.6074,28.0102],[83.6049,28.0121],[83.6053,28.0075],[83.6031,28.0026],[83.6041,28.0002],[83.6033,27.9973],[83.5934,27.9895],[83.5841,27.9875],[83.5852,27.9789],[83.5791,27.9794],[83.579,27.9758],[83.5776,27.9744],[83.5701,27.9761],[83.5587,27.9737],[83.5562,27.9742],[83.5543,27.9765],[83.55,27.9768],[83.5456,27.971],[83.5412,27.9714],[83.5385,27.9694],[83.5342,27.9685],[83.531,27.9648],[83.5268,27.9665],[83.5219,27.9639],[83.5172,27.9663],[83.5101,27.968],[83.5004,27.9769],[83.4916,27.9786],[83.4864,27.9819],[83.4829,27.9817],[83.481,27.9805],[83.4783,27.9753],[83.475,27.9742],[83.4667,27.9642],[83.4616,27.9539],[83.4559,27.9499],[83.4435,27.9449],[83.4429,27.9431],[83.4454,27.9394],[83.4407,27.9355],[83.4403,27.9328],[83.4489,27.9285],[83.4527,27.9327],[83.4605,27.9344],[83.4683,27.9283],[83.4839,27.9227],[83.4862,27.9238],[83.4905,27.9292],[83.498,27.927],[83.5059,27.9286],[83.5098,27.933],[83.505,27.9345],[83.5029,27.9372],[83.5059,27.9403],[83.5087,27.9408],[83.5161,27.9377],[83.5224,27.9309],[83.522,27.9253],[83.5237,27.9241],[83.5306,27.9322],[83.53,27.938],[83.531,27.9392],[83.5368,27.9371],[83.5363,27.9313],[83.5379,27.9281],[83.5452,27.9293],[83.5485,27.9281],[83.5528,27.9296],[83.5599,27.9349],[83.5656,27.9347],[83.5676,27.9404],[83.571,27.9431],[83.5764,27.9373],[83.5763,27.9351],[83.5734,27.9317],[83.5746,27.9303],[83.593,27.9312],[83.6007,27.9234],[83.6108,27.9252],[83.6164,27.9306],[83.6191,27.9293],[83.6204,27.9265],[83.6262,27.9261],[83.6267,27.9248],[83.621,27.9177],[83.627,27.9147],[83.6335,27.9142],[83.6315,27.9102],[83.6325,27.902],[83.6343,27.8994],[83.641,27.9024],[83.6448,27.8986],[83.649,27.9024],[83.655,27.9025],[83.6659,27.9198],[83.67,27.9243],[83.6757,27.9275],[83.6792,27.9266],[83.682,27.9242],[83.6796,27.9201],[83.681,27.9174],[83.6831,27.9164],[83.6861,27.9182],[83.6877,27.9229],[83.6894,27.9239],[83.6983,27.917],[83.7014,27.9185],[83.711,27.9166],[83.7191,27.9202],[83.7231,27.9139],[83.7336,27.9087],[83.7351,27.9045],[83.743,27.9001],[83.7463,27.8999],[83.7475,27.9014],[83.746,27.9035],[83.7425,27.9047],[83.7447,27.908],[83.7507,27.9071],[83.7571,27.9031],[83.7582,27.9047],[83.7562,27.9092],[83.7623,27.91],[83.7751,27.9034],[83.7808,27.8973],[83.7886,27.8855],[83.7974,27.8825],[83.8041,27.8749],[83.8072,27.8733],[83.8161,27.8742],[83.8209,27.8778],[83.8359,27.8699],[83.841,27.8683],[83.8455,27.8685],[83.8475,27.8726],[83.8437,27.8795],[83.8452,27.8817],[83.851,27.8813],[83.8516,27.8746],[83.8584,27.8736],[83.8604,27.8744],[83.8612,27.8764],[83.8601,27.88],[83.8611,27.8824],[83.8733,27.8856],[83.8776,27.8884],[83.8804,27.8874],[83.881,27.8824],[83.8842,27.8826],[83.8887,27.8854],[83.8924,27.8862],[83.8993,27.8829],[83.9101,27.8803],[83.9138,27.8778],[83.9103,27.8738],[83.9107,27.8727],[83.9138,27.8711],[83.9204,27.8716],[83.9248,27.8683],[83.9322,27.8725],[83.937,27.8778],[83.94,27.8779],[83.9423,27.876],[83.9406,27.8798],[83.9384,27.8809],[83.9396,27.883],[83.9366,27.8854],[83.937,27.8875],[83.9413,27.8913],[83.9403,27.8925],[83.941,27.8944],[83.9465,27.8944],[83.9519,27.8895],[83.9531,27.8927],[83.9522,27.8947],[83.9549,27.8951],[83.954,27.8974],[83.9598,27.8979],[83.9607,27.8993],[83.9685,27.9024],[83.971,27.9014],[83.9742,27.9027],[83.9755,27.9082],[83.9781,27.9102],[83.9782,27.9168],[83.976,27.9214],[83.9734,27.9228],[83.9743,27.9302],[83.9723,27.9355],[83.9693,27.9374],[83.9704,27.9485],[83.9683,27.9513],[83.967,27.9582],[83.9679,27.9597],[83.9696,27.9587],[83.9714,27.9602],[83.9714,27.9623],[83.9766,27.9662],[83.9775,27.9707],[83.9798,27.9728],[83.981,27.9776],[83.9782,27.9865],[83.9788,27.9899],[83.9812,27.9919],[83.9794,27.9976],[83.9886,27.9981],[83.9913,27.9997],[83.9925,28.0015],[83.9921,28.0062],[84.0025,28.0065],[84.0047,28.0087],[84.0061,28.0139],[84.0135,28.0139],[84.017,28.012],[84.0196,28.0136],[84.0246,28.0136],[84.0274,28.0174],[84.032,28.0195],[84.0297,28.0205],[84.0287,28.024],[84.0203,28.0271],[84.0196,28.0293],[84.0172,28.0308],[84.0145,28.0291],[84.0105,28.0291],[84.0045,28.0308],[84.0021,28.0345],[83.9974,28.0343],[83.9962,28.0369],[83.9969,28.0458],[83.9954,28.0471],[83.9883,28.0445],[83.9856,28.0405],[83.9805,28.0376],[83.9674,28.0376],[83.9637,28.0388],[83.9613,28.0409],[83.9608,28.0447],[83.9549,28.0506],[83.9474,28.0515],[83.9414,28.0609],[83.9396,28.0685],[83.9498,28.0669],[83.9688,28.0748],[83.9686,28.0767],[83.9588,28.0799],[83.9588,28.0834],[83.9611,28.0867],[83.9643,28.0883],[83.9699,28.0886],[83.9732,28.0904],[83.982,28.0993],[83.9861,28.0979],[83.9923,28.0995],[83.9951,28.1024],[83.9931,28.109],[83.9973,28.111],[83.9984,28.1136],[84.0048,28.116],[83.9989,28.1217],[83.9989,28.1268],[84.0027,28.1301],[84.002,28.132],[83.9949,28.1337],[83.9921,28.136],[83.9901,28.1347],[83.9905,28.1373],[83.9871,28.1367],[83.9861,28.139],[83.984,28.1381],[83.9823,28.1404],[83.98,28.1401],[83.9801,28.1434],[83.9703,28.1418],[83.9685,28.1435],[83.9609,28.1388],[83.9606,28.1411],[83.9584,28.1395],[83.9555,28.1393],[83.9492,28.1418],[83.9396,28.1412],[83.9303,28.144],[83.9276,28.1476],[83.9235,28.1497],[83.9225,28.1554],[83.9272,28.1606],[83.9236,28.1685],[83.9172,28.1713],[83.916,28.1733],[83.9126,28.1733],[83.9054,28.1771],[83.9027,28.1841],[83.8989,28.1871],[83.8982,28.1901],[83.8909,28.1946],[83.8839,28.1925],[83.8774,28.1924],[83.8741,28.1968],[83.8706,28.1977],[83.8687,28.1965],[83.8628,28.1975],[83.856,28.194],[83.8487,28.1992],[83.8467,28.1992],[83.847,28.2018],[83.8424,28.2045],[83.8412,28.2085],[83.8378,28.212],[83.83,28.2143],[83.8242,28.2144],[83.8168,28.2101],[83.813,28.2146],[83.8122,28.2177],[83.8093,28.22]]]},"properties":{"DIST_EN":"Syangja","DIST_PCODE":"NP0441"}},
{"type":"Feature","geometry":{"type":"Polygon","coordinates":[[[84.4776,28.0582],[84.4747,28.0614],[84.4763,28.065],[84.4741,28.0678],[84.467,28.0701],[84.4697,28.0722],[84.4687,28.0757],[84.4657,28.0767],[84.4658,28.0816],[84.4605,28.0843],[84.4574,28.0911],[84.4515,28.0925],[84.4523,28.0958],[84.4432,28.0993],[84.4436,28.1044],[84.4384,28.1053],[84.437,28.1077],[84.4338,28.1083],[84.4308,28.1116],[84.4272,28.1113],[84.4261,28.1157],[84.4231,28.1165],[84.422,28.1193],[84.4193,28.1174],[84.4166,28.12],[84.3988,28.1273],[84.3957,28.1298],[84.3889,28.1265],[84.3805,28.1271],[84.3773,28.1285],[84.367,28.1276],[84.3591,28.1292],[84.3486,28.1271],[84.3425,28.1244],[84.3407,28.122],[84.3295,28.1241],[84.3269,28.123],[84.3258,28.1208],[84.3236,28.1204],[84.3204,28.1152],[84.3178,28.1156],[84.3096,28.1073],[84.305,28.1084],[84.3006,28.1067],[84.2996,28.1045],[84.2935,28.1029],[84.2912,28.1005],[84.2813,28.0983],[84.2779,28.093],[84.2733,28.0926],[84.2693,28.0907],[84.2673,28.093],[84.2638,28.0934],[84.2593,28.088],[84.2532,28.085],[84.248,28.0879],[84.2461,28.0859],[84.2458,28.0828],[84.2413,28.0836],[84.2394,28.081],[84.2329,28.0788],[84.2302,28.082],[84.2304,28.0893],[84.226,28.0959],[84.2251,28.0979],[84.219,28.0999],[84.2113,28.0947],[84.2036,28.0949],[84.2027,28.0961],[84.2007,28.0958],[84.1968,28.0974],[84.1947,28.0955],[84.1913,28.0947],[84.1884,28.096],[84.1826,28.0962],[84.1792,28.0994],[84.1791,28.1013],[84.1706,28.0999],[84.1658,28.101],[84.1584,28.0972],[84.1542,28.1005],[84.1497,28.1015],[84.1509,28.1032],[84.148,28.1032],[84.1447,28.1062],[84.1336,28.1045],[84.1172,28.1072],[84.1143,28.1061],[84.1069,28.1101],[84.1034,28.1104],[84.0936,28.1038],[84.0891,28.0986],[84.0878,28.095],[84.079,28.0916],[84.0752,28.0842],[84.0697,28.0777],[84.0671,28.0814],[84.0583,28.0883],[84.0552,28.0887],[84.0511,28.0836],[84.0472,28.0845],[84.0424,28.0905],[84.0377,28.0916],[84.0421,28.0947],[84.0401,28.0949],[84.039,28.0965],[84.0353,28.0967],[84.0326,28.0995],[84.0289,28.0999],[84.0278,28.0962],[84.0259,28.0961],[84.0268,28.0974],[84.0255,28.0989],[84.0257,28.1013],[84.0285,28.1034],[84.0272,28.1054],[84.0206,28.104],[84.0125,28.1056],[84.0147,28.1081],[84.015,28.1104],[84.0105,28.1102],[84.0086,28.114],[84.0048,28.116],[83.9984,28.1136],[83.9973,28.111],[83.9931,28.109],[83.9951,28.1024],[83.9923,28.0995],[83.9861,28.0979],[83.982,28.0993],[83.9732,28.0904],[83.9699,28.0886],[83.9643,28.0883],[83.9611,28.0867],[83.9588,28.0834],[83.9588,28.0799],[83.9686,28.0767],[83.9688,28.0748],[83.9498,28.0669],[83.9396,28.0685],[83.9414,28.0609],[83.9474,28.0515],[83.9549,28.0506],[83.9608,28.0447],[83.9613,28.0409],[83.9637,28.0388],[83.9674,28.0376],[83.9805,28.0376],[83.9856,28.0405],[83.9883,28.0445],[83.9954,28.0471],[83.9969,28.0458],[83.9962,28.0369],[83.9974,28.0343],[84.0021,28.0345],[84.0045,28.0308],[84.0105,28.0291],[84.0145,28.0291],[84.0172,28.0308],[84.0196,28.0293],[84.0203,28.0271],[84.0287,28.024],[84.0297,28.0205],[84.032,28.0195],[84.0274,28.0174],[84.0246,28.0136],[84.0196,28.0136],[84.017,28.012],[84.0135,28.0139],[84.0061,28.0139],[84.0047,28.0087],[84.0025,28.0065],[83.9921,28.0062],[83.9925,28.0015],[83.9913,27.9997],[83.9886,27.9981],[83.9794,27.9976],[83.9812,27.9919],[83.9788,27.9899],[83.9782,27.9865],[83.981,27.9776],[83.9798,27.9728],[83.9775,27.9707],[83.9766,27.9662],[83.9714,27.9623],[83.9714,27.9602],[83.9696,27.9587],[83.9679,27.9597],[83.967,27.9582],[83.9683,27.9513],[83.9704,27.9485],[83.9693,27.9374],[83.9723,27.9355],[83.9743,27.9302],[83.9734,27.9228],[83.976,27.9214],[83.9782,27.9168],[83.9781,27.9102],[83.9755,27.9082],[83.9742,27.9027],[83.971,27.9014],[83.9685,27.9024],[83.9607,27.8993],[83.9598,27.8979],[83.954,27.8974],[83.9549,27.8951],[83.9522,27.8947],[83.9531,27.8927],[83.9519,27.8895],[83.9465,27.8944],[83.941,27.8944],[83.9403,27.8925],[83.9413,27.8913],[83.937,27.8875],[83.9366,27.8854],[83.9396,27.883],[83.9384,27.8809],[83.9406,27.8798],[83.9423,27.876],[83.9448,27.8719],[83.9485,27.8695],[83.9528,27.8699],[83.9583,27.8731],[83.9681,27.8703],[83.9715,27.8727],[83.9743,27.868],[83.9785,27.8661],[83.9943,27.8663],[83.9968,27.8642],[83.9979,27.8561],[84.0004,27.8547],[84.0066,27.8548],[84.0171,27.8512],[84.0213,27.8513],[84.0226,27.8526],[84.0216,27.8547],[84.0154,27.8582],[84.0174,27.8614],[84.0201,27.862],[84.0228,27.8612],[84.0285,27.8565],[84.0311,27.8563],[84.0354,27.858],[84.0393,27.8572],[84.0411,27.8554],[84.0388,27.8511],[84.0414,27.85],[84.0429,27.8508],[84.043,27.8551],[84.0461,27.8564],[84.0488,27.8561],[84.0513,27.8536],[84.0514,27.8495],[84.0533,27.849],[84.0683,27.8571],[84.0696,27.8631],[84.0715,27.8651],[84.0744,27.8657],[84.0753,27.8634],[84.0787,27.8637],[84.0775,27.8692],[84.0805,27.8699],[84.0927,27.867],[84.1009,27.8664],[84.1015,27.8649],[84.096,27.8603],[84.0957,27.8585],[84.0997,27.8556],[84.1027,27.855],[84.1069,27.8613],[84.1092,27.8618],[84.1115,27.8589],[84.1139,27.852],[84.1168,27.8509],[84.1196,27.8514],[84.1212,27.854],[84.1202,27.8599],[84.1267,27.8593],[84.1292,27.8564],[84.129,27.853],[84.1207,27.8485],[84.1247,27.8457],[84.1284,27.8456],[84.1432,27.8504],[84.1502,27.8474],[84.1558,27.8483],[84.1566,27.8463],[84.1545,27.8421],[84.1562,27.8397],[84.1627,27.8417],[84.1626,27.8469],[84.1695,27.8457],[84.172,27.8477],[84.1733,27.8524],[84.1812,27.8507],[84.1908,27.8466],[84.1955,27.8479],[84.2022,27.8525],[84.2074,27.8494],[84.206,27.8422],[84.2095,27.8388],[84.2119,27.8407],[84.2101,27.8444],[84.2136,27.8466],[84.2185,27.846],[84.2255,27.8366],[84.2287,27.8404],[84.2271,27.8439],[84.2277,27.8457],[84.231,27.8466],[84.2352,27.8445],[84.2402,27.8467],[84.2459,27.8454],[84.2487,27.8411],[84.2527,27.8385],[84.2659,27.8388],[84.2668,27.8375],[84.2657,27.834],[84.2676,27.8325],[84.2695,27.8328],[84.2703,27.8352],[84.2726,27.8365],[84.2811,27.8379],[84.2869,27.8372],[84.2914,27.8379],[84.2942,27.8346],[84.3001,27.8228],[84.3057,27.8189],[84.3046,27.8168],[84.3009,27.8153],[84.3018,27.8092],[84.2981,27.8065],[84.3001,27.7924],[84.3139,27.7854],[84.3183,27.7744],[84.3156,27.7674],[84.3157,27.7634],[84.322,27.7593],[84.3257,27.7483],[84.3333,27.7492],[84.34,27.744],[84.3439,27.7512],[84.3518,27.7489],[84.355,27.7517],[84.3607,27.7536],[84.3621,27.7564],[84.3616,27.7596],[84.3644,27.7636],[84.3645,27.7671],[84.3678,27.7745],[84.3728,27.7782],[84.3802,27.7791],[84.3926,27.7753],[84.3993,27.7705],[84.4063,27.7618],[84.4177,27.7589],[84.42,27.7544],[84.4174,27.7517],[84.4178,27.7492],[84.423,27.7481],[84.4242,27.7462],[84.4213,27.7437],[84.422,27.7413],[84.4269,27.7425],[84.4331,27.7412],[84.4371,27.7428],[84.4506,27.7594],[84.4577,27.7594],[84.4648,27.7532],[84.4679,27.752],[84.4707,27.7522],[84.472,27.7541],[84.4706,27.7609],[84.4674,27.7672],[84.4606,27.7737],[84.4491,27.7784],[84.4393,27.7785],[84.4313,27.7869],[84.4299,27.7929],[84.4322,27.8124],[84.4334,27.8141],[84.4402,27.8166],[84.4428,27.8208],[84.4458,27.8232],[84.4546,27.8203],[84.4649,27.8189],[84.4662,27.8199],[84.4662,27.8244],[84.4743,27.8236],[84.4928,27.8194],[84.4972,27.8209],[84.503,27.8197],[84.5114,27.8155],[84.5171,27.8162],[84.5204,27.8214],[84.5203,27.8298],[84.522,27.8323],[84.5274,27.8337],[84.5392,27.8337],[84.5461,27.8318],[84.5552,27.8358],[84.5581,27.8451],[84.5569,27.8528],[84.5588,27.858],[84.5584,27.8591],[84.5474,27.8631],[84.5478,27.8651],[84.5513,27.8677],[84.5523,27.8702],[84.5497,27.8711],[84.5446,27.8699],[84.5407,27.8758],[84.5412,27.8781],[84.5451,27.8807],[84.5406,27.8856],[84.5403,27.897],[84.5412,27.9019],[84.5454,27.9049],[84.5377,27.9092],[84.5402,27.9134],[84.5385,27.9175],[84.5365,27.9175],[84.5329,27.913],[84.5231,27.9153],[84.5172,27.9126],[84.5151,27.9166],[84.5132,27.9178],[84.5101,27.9137],[84.5015,27.9156],[84.5001,27.9165],[84.5007,27.9177],[84.5081,27.9197],[84.5081,27.9214],[84.5063,27.9232],[84.4999,27.926],[84.4888,27.9265],[84.4838,27.9281],[84.4818,27.9324],[84.4734,27.9357],[84.474,27.9397],[84.4635,27.9438],[84.4584,27.9422],[84.4564,27.9473],[84.4538,27.9493],[84.4493,27.9503],[84.4454,27.9464],[84.439,27.9488],[84.4363,27.9486],[84.4256,27.9522],[84.4208,27.958],[84.4225,27.9631],[84.4189,27.9696],[84.4214,27.9739],[84.4209,27.9777],[84.4262,27.9821],[84.4278,27.9861],[84.4358,27.9886],[84.4398,27.9884],[84.438,27.9931],[84.4431,27.9927],[84.4525,27.9999],[84.4532,28.0033],[84.4572,28.0038],[84.4565,28.0073],[84.4602,28.0134],[84.4594,28.0187],[84.4612,28.0211],[84.4595,28.0238],[84.4642,28.0283],[84.4616,28.0305],[84.4637,28.0347],[84.4616,28.0386],[84.4653,28.0401],[84.4645,28.0443],[84.4682,28.0455],[84.4661,28.0508],[84.4678,28.0518],[84.472,28.0515],[84.4776,28.0582]]]},"properties":{"DIST_EN":"Tanahu","DIST_PCODE":"NP0440"}},
{"type":"Feature","geometry":{"type":"Polygon","coordinates":[[[88.068,27.4384],[88.0725,27.4456],[88.0672,27.4497],[88.0664,27.4525],[88.0645,27.4538],[88.0671,27.458],[88.0605,27.4612],[88.0567,27.4676],[88.0512,27.4719],[88.0485,27.4726],[88.044,27.4786],[88.0453,27.4817],[88.044,27.485],[88.0437,27.496],[88.0466,27.5015],[88.0508,27.5045],[88.0548,27.5047],[88.0576,27.5095],[88.0616,27.5122],[88.0573,27.5161],[88.0574,27.518],[88.0614,27.5254],[88.0672,27.5264],[88.0653,27.5296],[88.0598,27.5316],[88.059,27.5352],[88.0609,27.5401],[88.0652,27.5448],[88.0685,27.5465],[88.0692,27.5559],[88.076,27.5588],[88.0811,27.5649],[88.0794,27.5685],[88.0752,27.5721],[88.082,27.5851],[88.0896,27.5952],[88.0937,27.5981],[88.1056,27.6026],[88.1137,27.6107],[88.1153,27.6211],[88.1195,27.6273],[88.1172,27.6299],[88.1206,27.6395],[88.1201,27.6456],[88.1313,27.6554],[88.1372,27.6576],[88.1446,27.6657],[88.1468,27.6791],[88.1488,27.6841],[88.1548,27.6907],[88.1475,27.703],[88.1554,27.7175],[88.1543,27.7256],[88.1563,27.7366],[88.1584,27.7409],[88.1697,27.7417],[88.1786,27.7471],[88.1767,27.7584],[88.1808,27.7618],[88.1834,27.7663],[88.1815,27.7691],[88.1823,27.7737],[88.1813,27.776],[88.1852,27.7773],[88.1882,27.7815],[88.1954,27.7866],[88.1973,27.7909],[88.1938,27.7963],[88.1899,27.7982],[88.1868,27.8015],[88.1853,27.8107],[88.1789,27.8158],[88.1735,27.8175],[88.1731,27.8205],[88.1875,27.8254],[88.1945,27.8358],[88.1999,27.8364],[88.2013,27.8375],[88.2014,27.8427],[88.198,27.8458],[88.196,27.8544],[88.1884,27.8539],[88.1852,27.8568],[88.1783,27.8568],[88.1725,27.8634],[88.1671,27.8657],[88.1642,27.8685],[88.1539,27.8708],[88.1488,27.8768],[88.143,27.8784],[88.1393,27.8777],[88.1349,27.8818],[88.1264,27.8818],[88.1156,27.8704],[88.1124,27.8685],[88.0958,27.8673],[88.091,27.8715],[88.0895,27.8875],[88.0841,27.8955],[88.0791,27.896],[88.072,27.8938],[88.0644,27.8864],[88.0582,27.8885],[88.054,27.8969],[88.0422,27.8998],[88.0372,27.9044],[88.0301,27.906],[88.0263,27.9047],[88.0216,27.8967],[88.0163,27.8987],[88.0024,27.8982],[87.9989,27.8959],[87.9977,27.8937],[87.9848,27.886],[87.9833,27.8877],[87.9665,27.8932],[87.9557,27.9091],[87.9391,27.9109],[87.9365,27.9124],[87.9322,27.9179],[87.9199,27.916],[87.9167,27.9161],[87.9155,27.9173],[87.9079,27.917],[87.8992,27.9112],[87.8879,27.9102],[87.8767,27.9148],[87.8715,27.9137],[87.8659,27.9108],[87.8635,27.9181],[87.8606,27.921],[87.8603,27.924],[87.854,27.9288],[87.8593,27.9367],[87.857,27.948],[87.8502,27.9486],[87.847,27.9464],[87.8417,27.9503],[87.8318,27.9529],[87.8316,27.949],[87.8291,27.947],[87.8248,27.9367],[87.8245,27.9346],[87.8266,27.9327],[87.8272,27.9299],[87.8247,27.9202],[87.8217,27.9191],[87.8189,27.9217],[87.8136,27.9215],[87.8059,27.9145],[87.8059,27.9109],[87.8041,27.909],[87.7973,27.9059],[87.7938,27.903],[87.7846,27.8994],[87.7825,27.8923],[87.7803,27.8902],[87.7754,27.878],[87.7755,27.8755],[87.7786,27.8719],[87.777,27.8682],[87.7787,27.8659],[87.7662,27.8596],[87.7587,27.848],[87.7534,27.836],[87.7509,27.8353],[87.745,27.8362],[87.7438,27.8352],[87.7422,27.8305],[87.736,27.8239],[87.734,27.8194],[87.7364,27.8136],[87.7332,27.8093],[87.7241,27.8054],[87.7188,27.8089],[87.7097,27.8114],[87.7072,27.8117],[87.7042,27.8102],[87.6987,27.8122],[87.6927,27.8108],[87.6871,27.8124],[87.68,27.8099],[87.6755,27.8102],[87.6736,27.8077],[87.6655,27.8069],[87.6684,27.802],[87.6726,27.7995],[87.6773,27.7899],[87.6748,27.7848],[87.673,27.7841],[87.6709,27.7807],[87.6704,27.7759],[87.6716,27.7735],[87.665,27.7659],[87.6572,27.7617],[87.6637,27.7503],[87.6573,27.7439],[87.6557,27.7397],[87.6519,27.7388],[87.6412,27.731],[87.6441,27.7272],[87.6379,27.7188],[87.6397,27.7148],[87.6394,27.7101],[87.6363,27.7098],[87.6301,27.7124],[87.6219,27.7119],[87.6152,27.7046],[87.6128,27.7002],[87.6155,27.6955],[87.6164,27.6886],[87.6145,27.6857],[87.6105,27.6831],[87.6078,27.6753],[87.6053,27.6742],[87.6012,27.6743],[87.6,27.6794],[87.5925,27.6799],[87.5906,27.6815],[87.5842,27.6774],[87.5798,27.6762],[87.5764,27.679],[87.5749,27.6828],[87.5746,27.6932],[87.5676,27.6949],[87.5642,27.6988],[87.5611,27.6985],[87.558,27.6946],[87.558,27.6911],[87.5529,27.6879],[87.5494,27.6808],[87.5492,27.6689],[87.5451,27.6648],[87.5461,27.6627],[87.5455,27.6595],[87.5427,27.6571],[87.5323,27.6522],[87.5397,27.651],[87.5443,27.6458],[87.545,27.6382],[87.5439,27.6361],[87.5388,27.6347],[87.5347,27.632],[87.5361,27.6241],[87.5306,27.6142],[87.5277,27.6031],[87.5294,27.595],[87.525,27.5929],[87.5202,27.5967],[87.5128,27.599],[87.4988,27.5813],[87.4898,27.5769],[87.4877,27.5696],[87.4837,27.5688],[87.4818,27.5672],[87.4828,27.5619],[87.4813,27.559],[87.4821,27.555],[87.4872,27.5465],[87.483,27.5454],[87.4807,27.5433],[87.4786,27.5335],[87.475,27.5272],[87.4747,27.5219],[87.4775,27.5172],[87.4764,27.5124],[87.4682,27.5075],[87.4678,27.5048],[87.4698,27.4999],[87.4665,27.4959],[87.4712,27.4906],[87.4713,27.4867],[87.4641,27.4805],[87.4587,27.4738],[87.4606,27.4667],[87.4611,27.4467],[87.4562,27.4259],[87.4523,27.418],[87.4471,27.414],[87.4444,27.4062],[87.4524,27.3919],[87.4567,27.3867],[87.4567,27.3777],[87.4585,27.3717],[87.4665,27.3669],[87.4744,27.3575],[87.4745,27.3537],[87.4797,27.3433],[87.4925,27.3325],[87.4941,27.3221],[87.4975,27.314],[87.5017,27.3132],[87.5068,27.309],[87.5144,27.3062],[87.5163,27.3025],[87.5165,27.2967],[87.5209,27.297],[87.5292,27.2926],[87.5364,27.2911],[87.5431,27.293],[87.5456,27.2904],[87.5491,27.2892],[87.5504,27.2869],[87.5574,27.2853],[87.5609,27.285],[87.5669,27.2871],[87.5808,27.2842],[87.6067,27.2836],[87.6087,27.2823],[87.6217,27.2802],[87.6269,27.2751],[87.638,27.2733],[87.6514,27.2682],[87.6581,27.2702],[87.6698,27.2698],[87.6799,27.2711],[87.682,27.2798],[87.6873,27.2834],[87.6883,27.2879],[87.6898,27.289],[87.6939,27.2892],[87.6962,27.2914],[87.7067,27.2886],[87.7093,27.2865],[87.7133,27.2872],[87.7166,27.2856],[87.7242,27.2862],[87.7318,27.2787],[87.738,27.2803],[87.7452,27.2778],[87.7553,27.281],[87.7655,27.2796],[87.7679,27.2763],[87.7737,27.2757],[87.7767,27.2734],[87.781,27.2727],[87.7971,27.2769],[87.7999,27.2757],[87.8031,27.2766],[87.8082,27.276],[87.8179,27.279],[87.8202,27.2807],[87.824,27.2805],[87.8397,27.2862],[87.8484,27.2851],[87.8526,27.2859],[87.8612,27.2817],[87.8615,27.2797],[87.8696,27.2791],[87.8724,27.28],[87.8738,27.282],[87.8751,27.2801],[87.8759,27.2819],[87.8804,27.2842],[87.8818,27.2815],[87.8833,27.2825],[87.8842,27.2809],[87.888,27.2841],[87.8896,27.2822],[87.8913,27.2821],[87.8921,27.283],[87.8913,27.2845],[87.8944,27.2865],[87.901,27.2857],[87.9031,27.2866],[87.9061,27.2845],[87.9105,27.2856],[87.9144,27.2845],[87.9172,27.2861],[87.9188,27.2827],[87.9233,27.2824],[87.9251,27.2807],[87.9329,27.2835],[87.935,27.282],[87.9379,27.2823],[87.9378,27.2808],[87.9388,27.2806],[87.9473,27.2833],[87.9504,27.2827],[87.9594,27.2886],[87.9592,27.2916],[87.9681,27.2984],[87.9685,27.3007],[87.974,27.3016],[87.976,27.3059],[87.9806,27.3093],[87.9823,27.3124],[87.9818,27.3147],[87.9863,27.3193],[87.9873,27.3191],[87.991,27.3242],[87.995,27.3241],[88.0038,27.3291],[88.0034,27.3328],[88.005,27.337],[88.0102,27.3429],[88.01,27.3461],[88.0127,27.3472],[88.0131,27.3504],[88.0175,27.3543],[88.0192,27.3617],[88.0182,27.3661],[88.0234,27.3781],[88.025,27.3893],[88.0343,27.4092],[88.0501,27.427],[88.068,27.4384]]]},"properties":{"DIST_EN":"Taplejung","DIST_PCODE":"NP0101"}},
{"type":"Feature","geometry":{"type":"Polygon","coordinates":[[[87.6799,27.2711],[87.6698,27.2698],[87.6581,27.2702],[87.6514,27.2682],[87.638,27.2733],[87.6269,27.2751],[87.6217,27.2802],[87.6087,27.2823],[87.6067,27.2836],[87.5808,27.2842],[87.5669,27.2871],[87.5609,27.285],[87.5574,27.2853],[87.5504,27.2869],[87.5491,27.2892],[87.5456,27.2904],[87.5431,27.293],[87.5364,27.2911],[87.5292,27.2926],[87.5209,27.297],[87.5165,27.2967],[87.5103,27.2903],[87.5018,27.2782],[87.4918,27.2689],[87.4893,27.2653],[87.4882,27.2602],[87.4797,27.2502],[87.4778,27.237],[87.4674,27.2179],[87.4688,27.2141],[87.4688,27.2044],[87.4675,27.2016],[87.4701,27.1979],[87.4597,27.1901],[87.4517,27.1797],[87.4314,27.1796],[87.4199,27.1761],[87.4118,27.1676],[87.4084,27.1586],[87.406,27.1559],[87.4094,27.146],[87.4068,27.1364],[87.4013,27.1297],[87.3971,27.1275],[87.3947,27.1234],[87.3946,27.1158],[87.393,27.111],[87.3941,27.1064],[87.392,27.1025],[87.3968,27.0936],[87.4013,27.0742],[87.4068,27.0655],[87.4113,27.0637],[87.4195,27.053],[87.4266,27.0463],[87.4298,27.0375],[87.4286,27.0299],[87.4316,27.0161],[87.4305,27.0143],[87.4334,27.0108],[87.4367,27.0104],[87.4374,27.0079],[87.4412,27.0062],[87.4413,26.9923],[87.4364,26.9836],[87.4393,26.9774],[87.4385,26.9715],[87.4497,26.974],[87.4589,26.9685],[87.4636,26.968],[87.4657,26.9733],[87.4684,26.9765],[87.4724,26.9778],[87.4781,26.9752],[87.4839,26.9756],[87.485,26.9788],[87.4825,26.9807],[87.4843,26.9833],[87.4883,26.9854],[87.4926,26.9854],[87.4955,26.984],[87.5007,26.9841],[87.5044,26.988],[87.5115,26.9907],[87.5201,27.0026],[87.536,27.0136],[87.5361,27.017],[87.5391,27.0208],[87.5416,27.0216],[87.5422,27.0239],[87.5412,27.0308],[87.5394,27.0338],[87.5347,27.0337],[87.5329,27.0351],[87.5331,27.0384],[87.5362,27.0419],[87.5369,27.0454],[87.5431,27.0515],[87.5504,27.0538],[87.5559,27.0591],[87.5624,27.0616],[87.566,27.067],[87.5703,27.0698],[87.5712,27.0758],[87.5748,27.0783],[87.5773,27.0851],[87.5832,27.0897],[87.5891,27.0996],[87.6034,27.1079],[87.6081,27.1076],[87.6124,27.1125],[87.622,27.1131],[87.629,27.1184],[87.6314,27.1193],[87.6342,27.1187],[87.6376,27.1241],[87.6433,27.1254],[87.6448,27.1267],[87.6457,27.1288],[87.6449,27.1327],[87.6509,27.1309],[87.6632,27.1329],[87.6653,27.1367],[87.6715,27.1383],[87.6758,27.1425],[87.6837,27.1419],[87.6876,27.1442],[87.6921,27.1433],[87.6951,27.1471],[87.6996,27.1468],[87.7024,27.1497],[87.706,27.1505],[87.7112,27.157],[87.711,27.1716],[87.7136,27.1809],[87.718,27.1876],[87.7274,27.1933],[87.7368,27.1955],[87.7395,27.1981],[87.7446,27.1991],[87.7514,27.2082],[87.7514,27.2176],[87.7461,27.2244],[87.7392,27.2278],[87.7334,27.2347],[87.7275,27.2357],[87.7232,27.242],[87.7157,27.2437],[87.7084,27.2483],[87.7041,27.2535],[87.686,27.262],[87.681,27.2675],[87.6799,27.2711]]]},"properties":{"DIST_EN":"Terhathum","DIST_PCODE":"NP0108"}},
{"type":"Feature","geometry":{"type":"Polygon","coordinates":[[[86.4335,27.1491],[86.4281,27.1468],[86.4203,27.1501],[86.4193,27.1597],[86.4168,27.166],[86.4115,27.1694],[86.4071,27.169],[86.4022,27.1704],[86.3996,27.1741],[86.3998,27.1767],[86.3899,27.1799],[86.3846,27.1762],[86.3849,27.1734],[86.3831,27.1732],[86.3781,27.1656],[86.3791,27.164],[86.3738,27.159],[86.3736,27.1547],[86.3705,27.1511],[86.3742,27.1477],[86.3705,27.147],[86.3679,27.1406],[86.3635,27.1421],[86.3592,27.1394],[86.3556,27.1433],[86.3503,27.1428],[86.345,27.1439],[86.343,27.1473],[86.3412,27.1452],[86.3409,27.1409],[86.3366,27.138],[86.3366,27.1361],[86.3382,27.1358],[86.338,27.1339],[86.3351,27.1341],[86.3359,27.132],[86.3343,27.1303],[86.3364,27.1292],[86.3347,27.128],[86.3364,27.128],[86.3367,27.1266],[86.3346,27.1264],[86.3338,27.1222],[86.332,27.1213],[86.3308,27.1173],[86.3262,27.111],[86.3242,27.1099],[86.3132,27.1109],[86.3119,27.1095],[86.3064,27.1089],[86.3112,27.103],[86.3172,27.1021],[86.3231,27.0991],[86.3278,27.1006],[86.3324,27.0999],[86.3412,27.1065],[86.3481,27.1062],[86.3501,27.1048],[86.3549,27.1043],[86.3562,27.1033],[86.3561,27.1001],[86.3582,27.0992],[86.3626,27.0996],[86.357,27.0942],[86.3588,27.0918],[86.3576,27.0893],[86.3583,27.084],[86.3567,27.0815],[86.3553,27.0816],[86.3536,27.0769],[86.3552,27.0753],[86.3515,27.0738],[86.3509,27.0699],[86.347,27.0705],[86.3461,27.0661],[86.3477,27.0646],[86.3509,27.0668],[86.3512,27.0616],[86.3633,27.0541],[86.364,27.0427],[86.367,27.0376],[86.3731,27.0366],[86.375,27.0348],[86.3782,27.0352],[86.3826,27.0315],[86.382,27.0301],[86.3794,27.0314],[86.3796,27.0292],[86.374,27.0233],[86.3754,27.0206],[86.372,27.0159],[86.3741,27.0129],[86.3722,27.0108],[86.3741,27.0074],[86.3731,27.0036],[86.3667,27.0003],[86.3682,26.9955],[86.3652,26.98],[86.353,26.9646],[86.347,26.9637],[86.3326,26.9648],[86.315,26.9635],[86.3097,26.9616],[86.2966,26.9524],[86.2912,26.9503],[86.2835,26.9492],[86.281,26.9467],[86.281,26.9428],[86.2784,26.9347],[86.2631,26.9271],[86.2599,26.923],[86.2597,26.9191],[86.2593,26.9145],[86.2565,26.9118],[86.2524,26.9116],[86.2462,26.9151],[86.2418,26.9055],[86.2361,26.9034],[86.2242,26.9038],[86.2221,26.8992],[86.224,26.8911],[86.221,26.8885],[86.2166,26.8923],[86.2159,26.8962],[86.2037,26.9001],[86.2,26.9055],[86.1919,26.9042],[86.1869,26.9065],[86.1711,26.92],[86.1585,26.926],[86.1575,26.93],[86.1562,26.9262],[86.1578,26.9219],[86.156,26.9194],[86.1569,26.9174],[86.1612,26.9142],[86.1685,26.9136],[86.1692,26.9105],[86.1739,26.9082],[86.1785,26.9],[86.1843,26.9007],[86.1865,26.899],[86.187,26.8947],[86.1946,26.8941],[86.1984,26.8923],[86.2002,26.8891],[86.2078,26.8873],[86.2189,26.8818],[86.2229,26.8822],[86.2274,26.8807],[86.2323,26.8753],[86.2342,26.8748],[86.2408,26.8666],[86.2469,26.8638],[86.2502,26.8678],[86.255,26.8697],[86.2569,26.8727],[86.2682,26.8781],[86.2712,26.8825],[86.2784,26.8846],[86.2822,26.8845],[86.2875,26.8867],[86.2942,26.8851],[86.2986,26.8858],[86.3072,26.8817],[86.3104,26.8828],[86.3143,26.879],[86.3173,26.8806],[86.3213,26.8787],[86.3408,26.8802],[86.3463,26.8775],[86.3516,26.8779],[86.358,26.875],[86.3623,26.8749],[86.366,26.8726],[86.3697,26.8753],[86.3687,26.8772],[86.3695,26.8802],[86.374,26.8838],[86.3748,26.8898],[86.3772,26.8924],[86.3768,26.8966],[86.3828,26.9024],[86.3827,26.9082],[86.3844,26.9094],[86.3864,26.908],[86.3938,26.908],[86.3965,26.9097],[86.4017,26.9083],[86.4035,26.9098],[86.4074,26.9072],[86.4184,26.9063],[86.4227,26.9032],[86.4282,26.9025],[86.4333,26.8983],[86.4449,26.8917],[86.4571,26.8874],[86.4761,26.8872],[86.4796,26.8886],[86.4801,26.8867],[86.4774,26.8833],[86.4792,26.8762],[86.4813,26.8745],[86.4795,26.8729],[86.4799,26.8711],[86.4825,26.8696],[86.4882,26.8694],[86.4887,26.8669],[86.4929,26.864],[86.493,26.8615],[86.4943,26.8608],[86.4932,26.8596],[86.4961,26.8566],[86.5004,26.8576],[86.5048,26.8561],[86.5054,26.8482],[86.5072,26.8466],[86.5117,26.8466],[86.511,26.8431],[86.5125,26.8404],[86.5148,26.8417],[86.5151,26.8434],[86.5178,26.8433],[86.5208,26.8349],[86.5196,26.8316],[86.5251,26.8325],[86.5292,26.8314],[86.5372,26.8316],[86.5373,26.8334],[86.5405,26.8359],[86.5467,26.8368],[86.5518,26.8355],[86.5515,26.8317],[86.5545,26.8309],[86.5539,26.8275],[86.5516,26.8244],[86.5535,26.8149],[86.5505,26.8136],[86.5484,26.8111],[86.5471,26.8077],[86.5448,26.8063],[86.5459,26.8034],[86.5406,26.7983],[86.5369,26.8008],[86.5354,26.8],[86.5344,26.7981],[86.5362,26.797],[86.5357,26.7959],[86.5302,26.7915],[86.5313,26.7888],[86.5349,26.7872],[86.5382,26.7878],[86.5363,26.7844],[86.5379,26.7833],[86.5432,26.7843],[86.5435,26.7832],[86.5477,26.7819],[86.5496,26.7853],[86.5503,26.7847],[86.5514,26.7867],[86.5563,26.7881],[86.5576,26.7902],[86.5621,26.7895],[86.5639,26.7911],[86.5654,26.7878],[86.565,26.7829],[86.5666,26.781],[86.5715,26.7847],[86.5779,26.7844],[86.5772,26.7758],[86.5728,26.77],[86.5727,26.7682],[86.5689,26.7681],[86.5678,26.7643],[86.5613,26.758],[86.5532,26.746],[86.5561,26.7446],[86.564,26.7441],[86.5739,26.7396],[86.5717,26.7335],[86.5729,26.7308],[86.5721,26.7224],[86.5799,26.7167],[86.5802,26.7133],[86.5833,26.7122],[86.5812,26.7082],[86.5831,26.7018],[86.5861,26.7004],[86.5864,26.6965],[86.5883,26.6974],[86.5977,26.6973],[86.6019,26.6999],[86.6053,26.6927],[86.6107,26.689],[86.6135,26.694],[86.6163,26.6951],[86.6274,26.69],[86.6282,26.6943],[86.6313,26.6948],[86.6338,26.6985],[86.6387,26.6976],[86.6419,26.6982],[86.6489,26.6899],[86.6525,26.6917],[86.6566,26.6915],[86.6649,26.7045],[86.669,26.7015],[86.6711,26.6971],[86.6699,26.6957],[86.6705,26.6937],[86.6793,26.6893],[86.6848,26.6881],[86.6912,26.6897],[86.6983,26.6981],[86.7028,26.6994],[86.7037,26.704],[86.706,26.7053],[86.7063,26.7072],[86.7104,26.7069],[86.7147,26.7083],[86.718,26.7068],[86.7213,26.7079],[86.7224,26.7096],[86.7275,26.7097],[86.7296,26.7113],[86.7318,26.7104],[86.7334,26.7121],[86.737,26.7123],[86.74,26.7099],[86.7395,26.7059],[86.7421,26.705],[86.7423,26.7018],[86.7459,26.6994],[86.7467,26.697],[86.7487,26.6981],[86.7531,26.6952],[86.7538,26.6931],[86.7522,26.6867],[86.7531,26.6863],[86.754,26.6885],[86.7571,26.6901],[86.7599,26.6954],[86.7641,26.6951],[86.7686,26.6992],[86.7719,26.6989],[86.7758,26.7027],[86.7814,26.7017],[86.7838,26.7046],[86.7895,26.7078],[86.7925,26.7082],[86.7949,26.7105],[86.7975,26.7105],[86.8,26.7127],[86.8063,26.7128],[86.8084,26.7089],[86.8143,26.7078],[86.8154,26.7097],[86.8188,26.7093],[86.8239,26.7143],[86.8376,26.7099],[86.8418,26.6958],[86.8405,26.6918],[86.842,26.6906],[86.8437,26.6932],[86.8462,26.6937],[86.8483,26.6913],[86.8512,26.6933],[86.8507,26.6965],[86.8537,26.6962],[86.8572,26.6985],[86.8585,26.6979],[86.8591,26.7004],[86.8616,26.7018],[86.8657,26.7007],[86.8666,26.7099],[86.8713,26.7132],[86.879,26.713],[86.8824,26.7113],[86.885,26.7121],[86.8892,26.7197],[86.8943,26.7247],[86.8977,26.7258],[86.8993,26.7292],[86.9013,26.7294],[86.901,26.7316],[86.9026,26.7307],[86.9041,26.7321],[86.9047,26.7344],[86.9034,26.736],[86.9065,26.7358],[86.9071,26.7387],[86.9112,26.7399],[86.9084,26.7488],[86.9095,26.7556],[86.9087,26.7593],[86.9136,26.7605],[86.9213,26.7666],[86.9259,26.7632],[86.9278,26.7584],[86.9247,26.7502],[86.9325,26.7407],[86.9445,26.733],[86.9488,26.7322],[86.9629,26.7358],[86.9671,26.7357],[86.9707,26.731],[86.9732,26.7217],[86.9828,26.715],[86.9841,26.704],[86.9905,26.6982],[86.9913,26.703],[86.9932,26.7038],[86.9959,26.7031],[87.0005,26.7075],[87.0008,26.7103],[87.0035,26.7088],[87.0071,26.7088],[87.01,26.7109],[87.0132,26.7151],[87.0139,26.7222],[87.0174,26.7251],[87.0184,26.728],[87.0245,26.7298],[87.0256,26.7378],[87.0329,26.7448],[87.0325,26.7475],[87.0339,26.75],[87.0388,26.7546],[87.0433,26.7563],[87.0515,26.7496],[87.0642,26.7445],[87.0689,26.7505],[87.0987,26.7513],[87.1051,26.7548],[87.113,26.7651],[87.1219,26.7808],[87.1269,26.7862],[87.1289,26.7956],[87.1352,26.8062],[87.1358,26.8094],[87.1379,26.8128],[87.142,26.8156],[87.1442,26.8228],[87.1421,26.8354],[87.1496,26.8471],[87.1526,26.8693],[87.1581,26.8754],[87.1638,26.876],[87.1648,26.8779],[87.1686,26.8891],[87.168,26.9011],[87.1643,26.9078],[87.1568,26.9129],[87.1561,26.9157],[87.1491,26.9256],[87.1423,26.9276],[87.1355,26.9274],[87.1271,26.9245],[87.1156,26.9231],[87.1117,26.9189],[87.1087,26.9176],[87.0933,26.9165],[87.0924,26.9147],[87.0939,26.9106],[87.0925,26.9099],[87.0861,26.9104],[87.0828,26.9123],[87.0763,26.9086],[87.0658,26.9074],[87.0639,26.9081],[87.0635,26.9107],[87.0617,26.911],[87.0581,26.9096],[87.0562,26.906],[87.0506,26.9025],[87.0416,26.9073],[87.0391,26.9014],[87.0324,26.9037],[87.0258,26.8981],[87.0213,26.8967],[87.0141,26.8922],[87.0054,26.8919],[87.0035,26.887],[87.0021,26.8864],[86.9994,26.8874],[86.9982,26.8895],[86.9932,26.8905],[86.9917,26.8933],[86.9804,26.8959],[86.9782,26.8989],[86.9792,26.9043],[86.9776,26.9065],[86.9757,26.906],[86.9722,26.9019],[86.9689,26.9009],[86.9567,26.9045],[86.9516,26.9046],[86.9401,26.9036],[86.9344,26.9048],[86.9314,26.9077],[86.9289,26.905],[86.9243,26.9046],[86.9145,26.8958],[86.9107,26.8962],[86.9081,26.8981],[86.9001,26.8961],[86.885,26.8985],[86.8743,26.8967],[86.8678,26.8935],[86.8623,26.8952],[86.8532,26.8883],[86.8467,26.8878],[86.8385,26.8846],[86.8365,26.882],[86.8369,26.8789],[86.8346,26.8752],[86.8289,26.8753],[86.8228,26.8723],[86.814,26.8748],[86.8088,26.8729],[86.8053,26.873],[86.7991,26.8779],[86.7846,26.8809],[86.7826,26.8856],[86.7798,26.8878],[86.7722,26.885],[86.7715,26.8866],[86.7737,26.8928],[86.7736,26.8969],[86.7685,26.9006],[86.7661,26.9139],[86.7609,26.9242],[86.7641,26.9347],[86.7637,26.9386],[86.7613,26.9421],[86.7639,26.9492],[86.7645,26.9575],[86.7609,26.9669],[86.7608,26.9704],[86.7549,26.9744],[86.7565,26.9858],[86.7523,26.989],[86.7543,26.999],[86.7535,27.0056],[86.7482,27.0123],[86.7472,27.0244],[86.7447,27.0258],[86.7442,27.0281],[86.7389,27.033],[86.7322,27.0346],[86.7267,27.0395],[86.7257,27.0482],[86.7197,27.0567],[86.7189,27.0601],[86.72,27.0622],[86.713,27.065],[86.7103,27.0677],[86.711,27.0726],[86.71,27.0746],[86.6985,27.0864],[86.7001,27.0895],[86.698,27.0946],[86.6903,27.1023],[86.6833,27.1034],[86.6784,27.1071],[86.6756,27.1113],[86.6714,27.1138],[86.6688,27.1201],[86.6552,27.1251],[86.6512,27.1294],[86.6403,27.1331],[86.6298,27.1341],[86.6135,27.1401],[86.6055,27.1397],[86.5891,27.1499],[86.5813,27.1525],[86.576,27.1513],[86.5701,27.1474],[86.5616,27.1455],[86.5551,27.1407],[86.5506,27.1411],[86.5463,27.1375],[86.5424,27.1377],[86.5332,27.1351],[86.5244,27.1255],[86.5208,27.1182],[86.5145,27.1142],[86.5074,27.1127],[86.5024,27.1146],[86.4924,27.1048],[86.49,27.105],[86.4838,27.1096],[86.4792,27.1076],[86.475,27.1025],[86.473,27.1023],[86.4699,27.1044],[86.4653,27.1024],[86.4592,27.106],[86.4586,27.1122],[86.4603,27.1143],[86.4597,27.1177],[86.4543,27.1196],[86.4489,27.1251],[86.4457,27.1326],[86.4419,27.1338],[86.4301,27.1307],[86.4265,27.1333],[86.4274,27.1375],[86.4352,27.1416],[86.4378,27.1449],[86.4376,27.1473],[86.4335,27.1491]]]},"properties":{"DIST_EN":"Udayapur","DIST_PCODE":"NP0114"}}
]}